Algorithm,Penalty,Dataset,Radius,Turbines,Seed,Score,Objective,Feasible
SSA,count,1,500,4,1,77.37880626093101,56105.57067267838,True
SSA,count,1,500,4,2,111.86127173982823,56071.088207199486,True
SSA,count,1,500,4,3,103.7220343183144,56079.227444621,True
SSA,count,1,500,4,4,103.03492736677435,56079.91455157254,True
SSA,count,1,500,4,5,120.62076940206316,56062.32870953725,True
SSA,count,1,500,4,6,116.91976237333438,56066.02971656598,True
SSA,count,1,500,4,7,64.93910340066941,56118.010375538644,True
SSA,count,1,500,4,8,78.53638135638175,56104.41309758293,True
SSA,count,1,500,4,9,112.98892063461972,56069.960558304694,True
SSA,count,1,500,4,10,106.327828595131,56076.62165034418,True
SSA,count,1,500,4,11,112.82282853119978,56070.126650408114,True
SSA,count,1,500,4,12,139.51899218695326,56043.43048675236,True
SSA,count,1,500,4,13,170.60890667503554,56012.34057226428,True
SSA,count,1,500,4,14,134.58638392155262,56048.36309501776,True
SSA,count,1,500,4,15,104.28022902562952,56078.669249913684,True
SSA,count,1,500,4,16,112.05263839330291,56070.89684054601,True
SSA,count,1,500,4,17,139.37313355572405,56043.57634538359,True
SSA,count,1,500,4,18,98.43535525532207,56084.51412368399,True
SSA,count,1,500,4,19,152.47150152417453,56030.47797741514,True
SSA,count,1,500,4,20,96.54631871682795,56086.403160222486,True
SSA,count,1,500,4,21,88.9835737437752,56093.96590519554,True
SSA,count,1,500,4,22,90.44484781767824,56092.504631121636,True
SSA,count,1,500,4,23,115.05186187066283,56067.89761706865,True
SSA,count,1,500,4,24,135.46054632251617,56047.4889326168,True
SSA,count,1,500,4,25,111.09086971686338,56071.85860922245,True
SSA,count,1,500,4,26,104.06458587866655,56078.88489306065,True
SSA,count,1,500,4,27,148.2624644471798,56034.687014492134,True
SSA,count,1,500,4,28,151.00668984930235,56031.94278909001,True
SSA,count,1,500,4,29,93.65084459819627,56089.29863434112,True
SSA,count,1,500,4,30,84.93198635111185,56098.0174925882,True
SSA,count,1,750,8,1,892.5814877820667,111473.31747009656,True
SSA,count,1,750,8,2,1089.3148746424558,111276.58408323617,True
SSA,count,1,750,8,3,969.1778974762419,111396.72106040239,True
SSA,count,1,750,8,4,728.601310005397,111637.29764787323,True
SSA,count,1,750,8,5,896.7864088952483,111469.11254898338,True
SSA,count,1,750,8,6,2973.972689410424,109391.9262684682,True
SSA,count,1,750,8,7,736.8331928036641,111629.06576507496,True
SSA,count,1,750,8,8,758.8228322227078,111607.07612565592,True
SSA,count,1,750,8,9,10000000780.300713,111585.59824508063,False
SSA,count,1,750,8,10,2441.6598395240435,109924.23911835458,True
SSA,count,1,750,8,11,1205.7454894297698,111160.15346844886,True
SSA,count,1,750,8,12,873.9568172131112,111491.94214066552,True
SSA,count,1,750,8,13,948.242724900847,111417.65623297778,True
SSA,count,1,750,8,14,1185.1299772573257,111180.7689806213,True
SSA,count,1,750,8,15,858.8884094332025,111507.01054844543,True
SSA,count,1,750,8,16,799.9732714061392,111565.92568647249,True
SSA,count,1,750,8,17,1472.2372641569673,110893.66169372166,True
SSA,count,1,750,8,18,758.0360731332039,111607.86288474542,True
SSA,count,1,750,8,19,1133.7447813060862,111232.15417657254,True
SSA,count,1,750,8,20,2105.143425062779,110260.75553281585,True
SSA,count,1,750,8,21,2058.364971620802,110307.53398625783,True
SSA,count,1,750,8,22,760.9588950662292,111604.9400628124,True
SSA,count,1,750,8,23,931.460796305968,111434.43816157266,True
SSA,count,1,750,8,24,10000001020.700914,111345.19804362024,False
SSA,count,1,750,8,25,1284.607978587257,111081.29097929137,True
SSA,count,1,750,8,26,1239.5317638239358,111126.36719405469,True
SSA,count,1,750,8,27,3156.18805932744,109209.71089855119,True
SSA,count,1,750,8,28,858.065173762996,111507.83378411563,True
SSA,count,1,750,8,29,424.7318162065494,111941.16714167208,True
SSA,count,1,750,8,30,716.662612257569,111649.23634562106,True
SSA,count,1,1000,8,1,437.0573040461313,111928.8416538325,True
SSA,count,1,1000,8,2,628.2384529235569,111737.66050495507,True
SSA,count,1,1000,8,3,268.96902344029513,112096.92993443833,True
SSA,count,1,1000,8,4,406.0792159382254,111959.8197419404,True
SSA,count,1,1000,8,5,587.4007305880368,111778.49822729059,True
SSA,count,1,1000,8,6,338.0325652310712,112027.86639264756,True
SSA,count,1,1000,8,7,387.97663261482376,111977.9223252638,True
SSA,count,1,1000,8,8,411.9475955460075,111953.95136233262,True
SSA,count,1,1000,8,9,455.53416818741243,111910.36478969122,True
SSA,count,1,1000,8,10,655.568029802831,111710.3309280758,True
SSA,count,1,1000,8,11,397.49330829097016,111968.40564958766,True
SSA,count,1,1000,8,12,386.78734280273784,111979.11161507589,True
SSA,count,1,1000,8,13,668.2047968998959,111697.69416097873,True
SSA,count,1,1000,8,14,543.6803874589968,111822.21857041963,True
SSA,count,1,1000,8,15,471.023642294429,111894.8753155842,True
SSA,count,1,1000,8,16,429.46584312782215,111936.4331147508,True
SSA,count,1,1000,8,17,413.3134018688579,111952.58555600977,True
SSA,count,1,1000,8,18,341.08759279853257,112024.8113650801,True
SSA,count,1,1000,8,19,531.394826123229,111834.5041317554,True
SSA,count,1,1000,8,20,373.3792256647139,111992.51973221391,True
SSA,count,1,1000,8,21,987.0551184229407,111378.84383945569,True
SSA,count,1,1000,8,22,1036.8894370987837,111329.00952077984,True
SSA,count,1,1000,8,23,323.0980157814338,112042.8009420972,True
SSA,count,1,1000,8,24,320.2979143009579,112045.60104357767,True
SSA,count,1,1000,8,25,614.0003504701599,111751.89860740847,True
SSA,count,1,1000,8,26,703.2175188792608,111662.68143899937,True
SSA,count,1,1000,8,27,322.72391564087593,112043.17504223775,True
SSA,count,1,1000,8,28,10000000462.089548,111903.80940950754,False
SSA,count,1,1000,8,29,338.9771326298214,112026.9218252488,True
SSA,count,1,1000,8,30,378.4935445682204,111987.40541331041,True
SSA,count,2,500,4,1,328.11385335130035,28933.39972538736,True
SSA,count,2,500,4,2,256.81753687095625,29004.696041867704,True
SSA,count,2,500,4,3,247.7255204049361,29013.788058333725,True
SSA,count,2,500,4,4,203.58554274396374,29057.928035994697,True
SSA,count,2,500,4,5,285.52333027835266,28975.990248460308,True
SSA,count,2,500,4,6,358.3172553250224,28903.19632341364,True
SSA,count,2,500,4,7,312.40672123090917,28949.10685750775,True
SSA,count,2,500,4,8,281.4113730175013,28980.10220572116,True
SSA,count,2,500,4,9,240.38680059301623,29021.126778145644,True
SSA,count,2,500,4,10,224.93738147133627,29036.576197267324,True
SSA,count,2,500,4,11,200.31262991309268,29061.200948825568,True
SSA,count,2,500,4,12,292.4549509823337,28969.058627756327,True
SSA,count,2,500,4,13,185.77135992572948,29075.74221881293,True
SSA,count,2,500,4,14,366.08724756571246,28895.42633117295,True
SSA,count,2,500,4,15,352.2701603392961,28909.243418399365,True
SSA,count,2,500,4,16,282.5888584397835,28978.924720298877,True
SSA,count,2,500,4,17,245.49930543001028,29016.01427330865,True
SSA,count,2,500,4,18,402.34046596078406,28859.173112777877,True
SSA,count,2,500,4,19,398.0618825248639,28863.451696213797,True
SSA,count,2,500,4,20,214.68709003963158,29046.82648869903,True
SSA,count,2,500,4,21,343.16113527742345,28918.352443461237,True
SSA,count,2,500,4,22,267.09052290798354,28994.423055830677,True
SSA,count,2,500,4,23,257.7413564465387,29003.772222292122,True
SSA,count,2,500,4,24,320.1467095907865,28941.366869147874,True
SSA,count,2,500,4,25,64.36317715863697,29197.150401580024,True
SSA,count,2,500,4,26,260.92767124439706,29000.585907494264,True
SSA,count,2,500,4,27,234.76298834677073,29026.75059039189,True
SSA,count,2,500,4,28,228.2094248132089,29033.304153925452,True
SSA,count,2,500,4,29,288.0000052703872,28973.513573468274,True
SSA,count,2,500,4,30,369.2256903577145,28892.287888380946,True
SSA,count,2,750,8,1,1419.3752029695243,57103.6519545078,True
SSA,count,2,750,8,2,1631.2926104121725,56891.73454706515,True
SSA,count,2,750,8,3,2166.6684326731774,56356.358724804144,True
SSA,count,2,750,8,4,1388.2444968731288,57134.78266060419,True
SSA,count,2,750,8,5,10000001206.73939,57316.287768695234,False
SSA,count,2,750,8,6,1989.3927042586656,56533.634453218656,True
SSA,count,2,750,8,7,1411.3356522359172,57111.691505241404,True
SSA,count,2,750,8,8,1584.3706811884476,56938.656476288874,True
SSA,count,2,750,8,9,1593.1107024260418,56929.91645505128,True
SSA,count,2,750,8,10,1417.1201450009903,57105.90701247633,True
SSA,count,2,750,8,11,1483.9470427776832,57039.08011469964,True
SSA,count,2,750,8,12,2055.3581003738145,56467.66905710351,True
SSA,count,2,750,8,13,2523.953423433959,55999.07373404336,True
SSA,count,2,750,8,14,2015.8233784303447,56507.20377904698,True
SSA,count,2,750,8,15,1885.336838772193,56637.69031870513,True
SSA,count,2,750,8,16,1814.3933222215783,56708.63383525574,True
SSA,count,2,750,8,17,1522.9817132980825,57000.04544417924,True
SSA,count,2,750,8,18,1622.5326764415368,56900.494481035785,True
SSA,count,2,750,8,19,1802.7226204987383,56720.30453697858,True
SSA,count,2,750,8,20,2097.809759339165,56425.21739813816,True
SSA,count,2,750,8,21,2515.6700322404213,56007.3571252369,True
SSA,count,2,750,8,22,1475.8337132978631,57047.19344417946,True
SSA,count,2,750,8,23,1910.2602987915961,56612.766858685725,True
SSA,count,2,750,8,24,1539.447498244539,56983.57965923278,True
SSA,count,2,750,8,25,1422.954305637024,57100.0728518403,True
SSA,count,2,750,8,26,1845.1280996075075,56677.899057869814,True
SSA,count,2,750,8,27,1422.7283437713559,57100.298813705966,True
SSA,count,2,750,8,28,1351.4034652225018,57171.62369225482,True
SSA,count,2,750,8,29,1518.9719683290677,57004.055189148254,True
SSA,count,2,750,8,30,2298.5692172256895,56224.45794025163,True
SSA,count,2,1000,8,1,1059.2359366247474,57463.791220852574,True
SSA,count,2,1000,8,2,940.5307474152796,57582.49641006204,True
SSA,count,2,1000,8,3,602.7941637340409,57920.23299374328,True
SSA,count,2,1000,8,4,711.0945050069058,57811.932652470416,True
SSA,count,2,1000,8,5,616.1126712523255,57906.914486224996,True
SSA,count,2,1000,8,6,948.4096765766153,57574.617480900706,True
SSA,count,2,1000,8,7,1051.9422102097524,57471.08494726757,True
SSA,count,2,1000,8,8,903.1276619540731,57619.89949552325,True
SSA,count,2,1000,8,9,1424.7997326879995,57098.22742478932,True
SSA,count,2,1000,8,10,1308.5863310980712,57214.44082637925,True
SSA,count,2,1000,8,11,993.8776619711934,57529.14949550613,True
SSA,count,2,1000,8,12,802.8298240022414,57720.19733347508,True
SSA,count,2,1000,8,13,1589.056079439586,56933.971078037735,True
SSA,count,2,1000,8,14,1339.4475781896908,57183.57957928763,True
SSA,count,2,1000,8,15,1050.4161401968377,57472.611017280484,True
SSA,count,2,1000,8,16,915.8846658189432,57607.14249165838,True
SSA,count,2,1000,8,17,1056.0984648050435,57466.92869267228,True
SSA,count,2,1000,8,18,543.9356871580094,57979.09147031931,True
SSA,count,2,1000,8,19,880.7276835598022,57642.29947391752,True
SSA,count,2,1000,8,20,816.9114215177397,57706.11573595958,True
SSA,count,2,1000,8,21,666.1552029478553,57856.871954529466,True
SSA,count,2,1000,8,22,1561.013269622621,56962.0138878547,True
SSA,count,2,1000,8,23,900.0456777195723,57622.98147975775,True
SSA,count,2,1000,8,24,1051.354094992479,57471.67306248484,True
SSA,count,2,1000,8,25,674.4067227559935,57848.62043472133,True
SSA,count,2,1000,8,26,1142.8601095531048,57380.16704792422,True
SSA,count,2,1000,8,27,545.6911738588533,57977.33598361847,True
SSA,count,2,1000,8,28,862.9088002270946,57660.11835725023,True
SSA,count,2,1000,8,29,882.3789090520149,57640.64824842531,True
SSA,count,2,1000,8,30,902.6879464635276,57620.339211013794,True
SSA,linear,1,500,4,1,94.58932095164346,56088.36015798767,True
SSA,linear,1,500,4,2,132.64827656187845,56050.301202377435,True
SSA,linear,1,500,4,3,110.92817078416556,56072.02130815515,True
SSA,linear,1,500,4,4,87.81012742326129,56095.13935151605,True
SSA,linear,1,500,4,5,98.32123440360738,56084.62824453571,True
SSA,linear,1,500,4,6,117.60906971152144,56065.34040922779,True
SSA,linear,1,500,4,7,131.45494342232269,56051.49453551699,True
SSA,linear,1,500,4,8,107.3585341646176,56075.590944774696,True
SSA,linear,1,500,4,9,146.97471813859738,56035.97476080072,True
SSA,linear,1,500,4,10,155.47468462329562,56027.47479431602,True
SSA,linear,1,500,4,11,100.38504609184747,56082.56443284747,True
SSA,linear,1,500,4,12,98.82890557068458,56084.12057336863,True
SSA,linear,1,500,4,13,179.43260024737538,56003.51687869194,True
SSA,linear,1,500,4,14,107.42183827781992,56075.527640661494,True
SSA,linear,1,500,4,15,88.81182716243347,56094.13765177688,True
SSA,linear,1,500,4,16,95.08449996279523,56087.86497897652,True
SSA,linear,1,500,4,17,149.21527023352974,56033.734208705784,True
SSA,linear,1,500,4,18,145.05779216456722,56037.89168677475,True
SSA,linear,1,500,4,19,146.868893816114,56036.0805851232,True
SSA,linear,1,500,4,20,108.8642275825332,56074.08525135678,True
SSA,linear,1,500,4,21,132.6074092617855,56050.34206967753,True
SSA,linear,1,500,4,22,104.8748827973759,56078.07459614194,True
SSA,linear,1,500,4,23,133.1937158465953,56049.75576309272,True
SSA,linear,1,500,4,24,108.65739447657688,56074.29208446274,True
SSA,linear,1,500,4,25,147.0289667847319,56035.92051215458,True
SSA,linear,1,500,4,26,111.1992354722388,56071.750243467075,True
SSA,linear,1,500,4,27,107.8131506734353,56075.13632826588,True
SSA,linear,1,500,4,28,108.22772934987006,56074.721749589444,True
SSA,linear,1,500,4,29,105.90030976899288,56077.04916917032,True
SSA,linear,1,500,4,30,175.88196150598378,56007.06751743333,True
SSA,linear,1,750,8,1,1849.5501477033977,110516.34881017523,True
SSA,linear,1,750,8,2,560.2988151217141,111805.60014275691,True
SSA,linear,1,750,8,3,1062.428684134633,111303.470273744,True
SSA,linear,1,750,8,4,787.0007223403663,111578.89823553826,True
SSA,linear,1,750,8,5,778.2826276748965,111587.61633020373,True
SSA,linear,1,750,8,6,1197.2769899499544,111168.62196792867,True
SSA,linear,1,750,8,7,672.4207995546167,111693.47815832401,True
SSA,linear,1,750,8,8,940.4662868601736,111425.43267101845,True
SSA,linear,1,750,8,9,712.2409686714527,111653.65798920717,True
SSA,linear,1,750,8,10,1093.619379242853,111272.27957863577,True
SSA,linear,1,750,8,11,464.8161420368997,111901.08281584173,True
SSA,linear,1,750,8,12,1815.2772737775376,110550.62168410109,True
SSA,linear,1,750,8,13,1490.611369268605,110875.28758861002,True
SSA,linear,1,750,8,14,476.11585324269254,111889.78310463594,True
SSA,linear,1,750,8,15,572.8585516308522,111793.04040624778,True
SSA,linear,1,750,8,16,657.2171344070521,111708.68182347158,True
SSA,linear,1,750,8,17,765.7796424610715,111600.11931541756,True
SSA,linear,1,750,8,18,1300.8901779501903,111065.00877992844,True
SSA,linear,1,750,8,19,643.449608365976,111722.44934951265,True
SSA,linear,1,750,8,20,1121.9701276298874,111243.92883024874,True
SSA,linear,1,750,8,21,947.0873165062949,111418.81164137233,True
SSA,linear,1,750,8,22,478.74147845791595,111887.15747942071,True
SSA,linear,1,750,8,23,1357.5850315354328,111008.3139263432,True
SSA,linear,1,750,8,24,829.4659323098167,111536.43302556881,True
SSA,linear,1,750,8,25,1154.8306872824614,111211.06827059617,True
SSA,linear,1,750,8,26,1912.2099035069405,110453.68905437169,True
SSA,linear,1,750,8,27,781.4739477044932,111584.42501017413,True
SSA,linear,1,750,8,28,840.4746722900018,111525.42428558863,True
SSA,linear,1,750,8,29,1560.5594126944925,110805.33954518414,True
SSA,linear,1,750,8,30,656.4707172709313,111709.4282406077,True
SSA,linear,1,1000,8,1,352.6062790379365,112013.29267884069,True
SSA,linear,1,1000,8,2,295.54857444713707,112070.35038343149,True
SSA,linear,1,1000,8,3,505.5966987448337,111860.3022591338,True
SSA,linear,1,1000,8,4,349.7300182417821,112016.16893963685,True
SSA,linear,1,1000,8,5,560.8926236944244,111805.0063341842,True
SSA,linear,1,1000,8,6,640.169460959034,111725.7294969196,True
SSA,linear,1,1000,8,7,435.742717266563,111930.15624061206,True
SSA,linear,1,1000,8,8,393.1413871351833,111972.75757074344,True
SSA,linear,1,1000,8,9,517.0246317534911,111848.87432612514,True
SSA,linear,1,1000,8,10,599.2814661757002,111766.61749170293,True
SSA,linear,1,1000,8,11,826.6212218696164,111539.27773600901,True
SSA,linear,1,1000,8,12,338.2256158532982,112027.67334202533,True
SSA,linear,1,1000,8,13,681.9691552021977,111683.92980267643,True
SSA,linear,1,1000,8,14,883.4936953546567,111482.40526252397,True
SSA,linear,1,1000,8,15,725.7508026854921,111640.14815519314,True
SSA,linear,1,1000,8,16,376.9112068978866,111988.98775098074,True
SSA,linear,1,1000,8,17,338.6981010471063,112027.20085683152,True
SSA,linear,1,1000,8,18,582.0591120544414,111783.83984582419,True
SSA,linear,1,1000,8,19,421.98058070124534,111943.91837717738,True
SSA,linear,1,1000,8,20,406.42939158680383,111959.46956629182,True
SSA,linear,1,1000,8,21,369.7481009971816,111996.15085688145,True
SSA,linear,1,1000,8,22,636.5823706424999,111729.31658723613,True
SSA,linear,1,1000,8,23,330.8894406709296,112035.0095172077,True
SSA,linear,1,1000,8,24,572.00243954506,111793.89651833357,True
SSA,linear,1,1000,8,25,390.9015259740263,111974.9974319046,True
SSA,linear,1,1000,8,26,378.14370240485005,111987.75525547378,True
SSA,linear,1,1000,8,27,529.5851495705429,111836.31380830808,True
SSA,linear,1,1000,8,28,856.7526003921084,111509.14635748652,True
SSA,linear,1,1000,8,29,430.59491181757767,111935.30404606105,True
SSA,linear,1,1000,8,30,450.7972182717058,111915.10173960692,True
SSA,linear,2,500,4,1,451.2828241865027,28810.230754552158,True
SSA,linear,2,500,4,2,281.4401588060937,28980.073419932567,True
SSA,linear,2,500,4,3,210.03213479813712,29051.481443940524,True
SSA,linear,2,500,4,4,242.69632726402415,29018.817251474637,True
SSA,linear,2,500,4,5,464.7624068647601,28796.7511718739,True
SSA,linear,2,500,4,6,398.4407603028085,28863.072818435852,True
SSA,linear,2,500,4,7,212.57914139267814,29048.934437345983,True
SSA,linear,2,500,4,8,275.4527902826485,28986.060788456012,True
SSA,linear,2,500,4,9,359.7960259468382,28901.717552791823,True
SSA,linear,2,500,4,10,396.6801918934543,28864.833386845206,True
SSA,linear,2,500,4,11,236.4867605453437,29025.026818193317,True
SSA,linear,2,500,4,12,229.0079917803596,29032.5055869583,True
SSA,linear,2,500,4,13,290.18335533685604,28971.330223401805,True
SSA,linear,2,500,4,14,242.21195957676173,29019.3016191619,True
SSA,linear,2,500,4,15,217.61574056040627,29043.897838178254,True
SSA,linear,2,500,4,16,252.6427333799911,29008.87084535867,True
SSA,linear,2,500,4,17,239.00523365156187,29022.5083450871,True
SSA,linear,2,500,4,18,237.33241570342943,29024.18116303523,True
SSA,linear,2,500,4,19,374.043296912565,28887.470281826096,True
SSA,linear,2,500,4,20,396.1801355298667,28865.333443208794,True
SSA,linear,2,500,4,21,385.0157864750108,28876.49779226365,True
SSA,linear,2,500,4,22,352.0293350681932,28909.484243670468,True
SSA,linear,2,500,4,23,189.77376907758298,29071.739809661078,True
SSA,linear,2,500,4,24,206.30273320238484,29055.210845536276,True
SSA,linear,2,500,4,25,476.1590113368511,28785.35456740181,True
SSA,linear,2,500,4,26,439.2137063205482,28822.299872418112,True
SSA,linear,2,500,4,27,404.30131327148047,28857.21226546718,True
SSA,linear,2,500,4,28,263.4711085672643,28998.042470171396,True
SSA,linear,2,500,4,29,188.14515750336432,29073.368421235296,True
SSA,linear,2,500,4,30,216.34366403715467,29045.169914701506,True
SSA,linear,2,750,8,1,2120.127428881722,56402.8997285956,True
SSA,linear,2,750,8,2,1616.2685258281927,56906.75863164913,True
SSA,linear,2,750,8,3,2438.590329261904,56084.43682821542,True
SSA,linear,2,750,8,4,1507.4867967915416,57015.54036068578,True
SSA,linear,2,750,8,5,1942.4527687986047,56580.57438867872,True
SSA,linear,2,750,8,6,2164.938805534068,56358.088351943254,True
SSA,linear,2,750,8,7,1504.6017379685363,57018.425419508785,True
SSA,linear,2,750,8,8,1449.752963756735,57073.27419372059,True
SSA,linear,2,750,8,9,1616.0005358560375,56907.026621621284,True
SSA,linear,2,750,8,10,1418.2820484814583,57104.74510899586,True
SSA,linear,2,750,8,11,1948.7793903353304,56574.24776714199,True
SSA,linear,2,750,8,12,2123.40098081404,56399.62617666328,True
SSA,linear,2,750,8,13,2043.0553346441957,56479.971822833126,True
SSA,linear,2,750,8,14,2172.708896186763,56350.31826129056,True
SSA,linear,2,750,8,15,1646.1556231460418,56876.87153433128,True
SSA,linear,2,750,8,16,2042.6738734103928,56480.35328406693,True
SSA,linear,2,750,8,17,1509.9111247497713,57013.11603272755,True
SSA,linear,2,750,8,18,1923.9499591132335,56599.07719836409,True
SSA,linear,2,750,8,19,2192.3989320580877,56330.628225419234,True
SSA,linear,2,750,8,20,1673.6738618121017,56849.35329566522,True
SSA,linear,2,750,8,21,1790.2104160119852,56732.816741465336,True
SSA,linear,2,750,8,22,1477.4409807285847,57045.58617674874,True
SSA,linear,2,750,8,23,1733.4196772317591,56789.60748024556,True
SSA,linear,2,750,8,24,1766.944259039301,56756.08289843802,True
SSA,linear,2,750,8,25,1282.5908131173273,57240.436344359994,True
SSA,linear,2,750,8,26,1529.632981507144,56993.39417597018,True
SSA,linear,2,750,8,27,1879.435412640698,56643.59174483662,True
SSA,linear,2,750,8,28,1919.9679170977397,56603.05924037958,True
SSA,linear,2,750,8,29,1463.9445223481016,57059.08263512922,True
SSA,linear,2,750,8,30,1469.051341318911,57053.97581615841,True
SSA,linear,2,1000,8,1,1087.1946801492886,57435.83247732803,True
SSA,linear,2,1000,8,2,1110.0066825756658,57413.020474901656,True
SSA,linear,2,1000,8,3,611.6939200579582,57911.33323741936,True
SSA,linear,2,1000,8,4,774.1235636495912,57748.90359382773,True
SSA,linear,2,1000,8,5,1066.0207908767843,57457.00636660054,True
SSA,linear,2,1000,8,6,1142.8404199496435,57380.18673752768,True
SSA,linear,2,1000,8,7,818.9559207877246,57704.0712366896,True
SSA,linear,2,1000,8,8,716.451108868896,57806.576048608425,True
SSA,linear,2,1000,8,9,722.6281381549925,57800.39901932233,True
SSA,linear,2,1000,8,10,1170.5037411166122,57352.52341636071,True
SSA,linear,2,1000,8,11,718.8049056850141,57804.22225179231,True
SSA,linear,2,1000,8,12,1158.1526813820456,57364.874476095276,True
SSA,linear,2,1000,8,13,1008.9841547763062,57514.043002701015,True
SSA,linear,2,1000,8,14,1458.306638458358,57064.72051901896,True
SSA,linear,2,1000,8,15,937.9614903150432,57585.06566716228,True
SSA,linear,2,1000,8,16,964.2599695489553,57558.767187928366,True
SSA,linear,2,1000,8,17,893.7123640569407,57629.31479342038,True
SSA,linear,2,1000,8,18,1064.1323932550804,57458.89476422224,True
SSA,linear,2,1000,8,19,745.9314848603608,57777.09567261696,True
SSA,linear,2,1000,8,20,611.0116837623646,57912.01547371496,True
SSA,linear,2,1000,8,21,798.957404260691,57724.06975321663,True
SSA,linear,2,1000,8,22,1146.47507725365,57376.55208022367,True
SSA,linear,2,1000,8,23,1065.964857511448,57457.06229996587,True
SSA,linear,2,1000,8,24,1116.863576273572,57406.16358120375,True
SSA,linear,2,1000,8,25,1354.639728527647,57168.387428949674,True
SSA,linear,2,1000,8,26,1059.6515705370912,57463.37558694023,True
SSA,linear,2,1000,8,27,813.105978113228,57709.92117936409,True
SSA,linear,2,1000,8,28,1366.365886588792,57156.66127088853,True
SSA,linear,2,1000,8,29,823.3212444888268,57699.705912988495,True
SSA,linear,2,1000,8,30,995.1223446625372,57527.904812814784,True
