path,category,bytes,note
SWEVO_rev2/experiments_docs/rev2_summary.json,output,170258,summary of the additional experiments (rev2_analysis.py)
SWEVO_rev2/experiments_docs/rev2_tables.tex,output,21357,tables of the additional experiments (rev2_analysis.py)
SWEVO_rev2/experiments_docs/run_rev2_all.sh,driver,720,launch scripts of the additional experiments (exact shard commands)
SWEVO_rev2/experiments_docs/run_rev2_hpc.sh,driver,623,launch scripts of the additional experiments (exact shard commands)
SWEVO_rev2/experiments_docs/run_rev2_resumable.sh,driver,741,launch scripts of the additional experiments (exact shard commands)
SWEVO_rev2/validation/archive_audit.json,output,3675,"audit outputs of the additional experiments (audit_archive.py, check_revision.py)"
SWEVO_rev2/validation/focused_checks.json,output,753,"audit outputs of the additional experiments (audit_archive.py, check_revision.py)"
SWEVO_rev2/validation/paired_outcomes.csv,output,1861,"audit outputs of the additional experiments (audit_archive.py, check_revision.py)"
SWEVO_rev2/validation/raw_data_checksums.json,output,22429,"audit outputs of the additional experiments (audit_archive.py, check_revision.py)"
SWEVO_rev2/validation/reliability.csv,output,1619,"audit outputs of the additional experiments (audit_archive.py, check_revision.py)"
SWEVO_rev2/validation/reliability_tables.tex,output,3283,"audit outputs of the additional experiments (audit_archive.py, check_revision.py)"
analysis/analyze_authors_runs.py,analysis,12602,authors_tables.tex (spacing table) and calibration table
analysis/audit_archive.py,check,11540,archive audit of the records of the additional experiments (expects the experiments/ + validation/ layout)
analysis/authors_experiments.log,log,1407,launcher log of authors_experiments.py
analysis/authors_experiments.py,driver,3761,runs authors_runs_*.csv (spacing table tab:spacing-authors)
analysis/authors_objective.py,model,1382,penalized objective (exact quadratic penalty of the original objective.py)
analysis/authors_optimizers.py,optimizer,9155,GA/PSO/DE/SSA/LX-SSA of the original code (logic and random-call order unchanged)
analysis/authors_runs_budget.csv,runs-earlier,370703,re-runs of the original code (inputs of analyze_authors_runs.py: spacing table)
analysis/authors_runs_crowded.csv,runs-earlier,262704,re-runs of the original code (inputs of analyze_authors_runs.py: spacing table)
analysis/authors_runs_hornsrev.csv,runs-earlier,143645,re-runs of the original code (inputs of analyze_authors_runs.py: spacing table)
analysis/authors_runs_spacing.csv,runs-earlier,186772,re-runs of the original code (inputs of analyze_authors_runs.py: spacing table)
analysis/authors_runtime_6030.csv,output,410,output of analyze_authors_runs.py
analysis/authors_spacing_all.csv,output,279083,output of analyze_authors_runs.py
analysis/authors_tables.tex,output,9940,spacing / calibration tables
analysis/calibrate_authors_code.py,check,1857,re-run vs recorded distributions of the original code
analysis/calibration_vs_recorded.csv,output,1703,Mann-Whitney calibration table
analysis/check_csweep.log,log,2774,stored outputs of the check scripts
analysis/check_diag.log,log,4357,stored outputs of the check scripts
analysis/check_dir.log,log,10533,stored outputs of the check scripts
analysis/check_extra.log,log,16342,stored outputs of the check scripts
analysis/check_revision.py,check,2820,"focused checks of the records of the additional experiments (float round-trips, raw CSV hashes)"
analysis/csweep.log,log,4626,log of mpce_csweep.py
analysis/direction.log,log,4349,log of mpce_direction.py
analysis/equal_budget_tests.csv,output,5122,output of analyze_authors_runs.py
analysis/extra_baselines.py,optimizer,5125,MS-SLSQP (and the modified VNS of an earlier code version)
analysis/feasible_init.py,optimizer,3711,feasibility-preserving initialization
analysis/final_best_layouts_maxN.csv,input,2105,best layouts of an earlier analysis; read by make_model_figures.py (example layout of Fig. 1a)
analysis/final_reevaluation.csv,input,3015665,cache seed read by mpce_robustness.py (re-evaluations of the fresh_* layouts)
analysis/fresh_bgrid.csv,runs-original,8742135,"68 cases: SSA-VNS, LX-SSA-VNS"
analysis/fresh_bhr16.csv,runs-not used for the results-read,107113,"old Horns Rev binning; read, then replaced by hrfix"
analysis/fresh_bhr80.csv,runs-audited,21788,"not used for the results / earlier-paper runs; not used by the SWEVO results but part of the 56,540 records of the precision audit (rev3_precision_audit.py)"
analysis/fresh_bsplit.csv,runs-audited,1467040,"not used for the results / earlier-paper runs; not used by the SWEVO results but part of the 56,540 records of the precision audit (rev3_precision_audit.py)"
analysis/fresh_grid.csv,runs-original,25150969,"68 cases: SSA, LX-SSA, DE, old-setting PSO (+ unused SLSQP/VNS rows)"
analysis/fresh_hgrid.csv,runs-audited,4337051,"not used for the results / earlier-paper runs; not used by the SWEVO results but part of the 56,540 records of the precision audit (rev3_precision_audit.py)"
analysis/fresh_hhr16.csv,runs-audited,50186,"not used for the results / earlier-paper runs; not used by the SWEVO results but part of the 56,540 records of the precision audit (rev3_precision_audit.py)"
analysis/fresh_hhr80.csv,runs-audited,21826,"not used for the results / earlier-paper runs; not used by the SWEVO results but part of the 56,540 records of the precision audit (rev3_precision_audit.py)"
analysis/fresh_hr16.csv,runs-not used for the results-read,277384,old Horns Rev binning; read by mpce_results.py but every HR row is replaced by hrfix
analysis/fresh_hr80.csv,runs-audited,140371,"not used for the results / earlier-paper runs; not used by the SWEVO results but part of the 56,540 records of the precision audit (rev3_precision_audit.py)"
analysis/fresh_hsplit.csv,runs-audited,1431311,"not used for the results / earlier-paper runs; not used by the SWEVO results but part of the 56,540 records of the precision audit (rev3_precision_audit.py)"
analysis/fresh_vgrid.csv,runs-original,4492170,68 cases: VNS
analysis/fresh_vhr16.csv,runs-not used for the results-read,55996,"old Horns Rev binning; read, then replaced by hrfix"
analysis/fresh_vhr80.csv,runs-audited,22037,"not used for the results / earlier-paper runs; not used by the SWEVO results but part of the 56,540 records of the precision audit (rev3_precision_audit.py)"
analysis/full_grid_experiments.py,driver,7389,runs fresh_grid / fresh_vgrid / fresh_bgrid (+ old Horns Rev files)
analysis/hornsrev_model.py,model,6168,"Horns Rev 1 site model (V80, measured 12-sector climate from PyWake 2.6.20)"
analysis/hornsrev_tests.csv,output,1503,output of analyze_authors_runs.py
analysis/hybrid_lxssa_bvns.py,optimizer,2607,two-phase hybrids PSO-VNS / SSA-VNS / LX-SSA-VNS
analysis/hybrid_lxssa_vns.py,model,3360,not used for the results hybrid with the modified VNS; kept because full_grid_experiments.py imports it (rows VNS/LXVNS are not used)
analysis/iea37_data/iea37-335mw.yaml,input,4004,"IEA Wind Task 37 case-study files (repo iea37-wflo-casestudies, cs1-2, commit 267f6e5), unmodified"
analysis/iea37_data/iea37-aepcalc.py,input,10334,"IEA Wind Task 37 case-study files (repo iea37-wflo-casestudies, cs1-2, commit 267f6e5), unmodified"
analysis/iea37_data/iea37-cs1-results/iea37-par1-opt16.yaml,input,2312,"IEA Wind Task 37 case-study files (repo iea37-wflo-casestudies, cs1-2, commit 267f6e5), unmodified"
analysis/iea37_data/iea37-cs1-results/iea37-par1-opt36.yaml,input,3039,"IEA Wind Task 37 case-study files (repo iea37-wflo-casestudies, cs1-2, commit 267f6e5), unmodified"
analysis/iea37_data/iea37-cs1-results/iea37-par1-opt64.yaml,input,4178,"IEA Wind Task 37 case-study files (repo iea37-wflo-casestudies, cs1-2, commit 267f6e5), unmodified"
analysis/iea37_data/iea37-cs1-results/iea37-par10-opt16.yaml,input,2310,"IEA Wind Task 37 case-study files (repo iea37-wflo-casestudies, cs1-2, commit 267f6e5), unmodified"
analysis/iea37_data/iea37-cs1-results/iea37-par10-opt36.yaml,input,2980,"IEA Wind Task 37 case-study files (repo iea37-wflo-casestudies, cs1-2, commit 267f6e5), unmodified"
analysis/iea37_data/iea37-cs1-results/iea37-par10-opt64.yaml,input,3885,"IEA Wind Task 37 case-study files (repo iea37-wflo-casestudies, cs1-2, commit 267f6e5), unmodified"
analysis/iea37_data/iea37-cs1-results/iea37-par11-opt16.yaml,input,2162,"IEA Wind Task 37 case-study files (repo iea37-wflo-casestudies, cs1-2, commit 267f6e5), unmodified"
analysis/iea37_data/iea37-cs1-results/iea37-par11-opt36.yaml,input,2569,"IEA Wind Task 37 case-study files (repo iea37-wflo-casestudies, cs1-2, commit 267f6e5), unmodified"
analysis/iea37_data/iea37-cs1-results/iea37-par11-opt64.yaml,input,3158,"IEA Wind Task 37 case-study files (repo iea37-wflo-casestudies, cs1-2, commit 267f6e5), unmodified"
analysis/iea37_data/iea37-cs1-results/iea37-par12-opt16.yaml,input,2272,"IEA Wind Task 37 case-study files (repo iea37-wflo-casestudies, cs1-2, commit 267f6e5), unmodified"
analysis/iea37_data/iea37-cs1-results/iea37-par12-opt36.yaml,input,3132,"IEA Wind Task 37 case-study files (repo iea37-wflo-casestudies, cs1-2, commit 267f6e5), unmodified"
analysis/iea37_data/iea37-cs1-results/iea37-par12-opt64.yaml,input,4260,"IEA Wind Task 37 case-study files (repo iea37-wflo-casestudies, cs1-2, commit 267f6e5), unmodified"
analysis/iea37_data/iea37-cs1-results/iea37-par2-opt16.yaml,input,2177,"IEA Wind Task 37 case-study files (repo iea37-wflo-casestudies, cs1-2, commit 267f6e5), unmodified"
analysis/iea37_data/iea37-cs1-results/iea37-par2-opt36.yaml,input,2635,"IEA Wind Task 37 case-study files (repo iea37-wflo-casestudies, cs1-2, commit 267f6e5), unmodified"
analysis/iea37_data/iea37-cs1-results/iea37-par2-opt64.yaml,input,3267,"IEA Wind Task 37 case-study files (repo iea37-wflo-casestudies, cs1-2, commit 267f6e5), unmodified"
analysis/iea37_data/iea37-cs1-results/iea37-par3-opt16.yaml,input,2414,"IEA Wind Task 37 case-study files (repo iea37-wflo-casestudies, cs1-2, commit 267f6e5), unmodified"
analysis/iea37_data/iea37-cs1-results/iea37-par3-opt36.yaml,input,3182,"IEA Wind Task 37 case-study files (repo iea37-wflo-casestudies, cs1-2, commit 267f6e5), unmodified"
analysis/iea37_data/iea37-cs1-results/iea37-par3-opt64.yaml,input,4230,"IEA Wind Task 37 case-study files (repo iea37-wflo-casestudies, cs1-2, commit 267f6e5), unmodified"
analysis/iea37_data/iea37-cs1-results/iea37-par4-opt16.yaml,input,2684,"IEA Wind Task 37 case-study files (repo iea37-wflo-casestudies, cs1-2, commit 267f6e5), unmodified"
analysis/iea37_data/iea37-cs1-results/iea37-par4-opt36.yaml,input,3610,"IEA Wind Task 37 case-study files (repo iea37-wflo-casestudies, cs1-2, commit 267f6e5), unmodified"
analysis/iea37_data/iea37-cs1-results/iea37-par4-opt64.yaml,input,4888,"IEA Wind Task 37 case-study files (repo iea37-wflo-casestudies, cs1-2, commit 267f6e5), unmodified"
analysis/iea37_data/iea37-cs1-results/iea37-par5-opt16.yaml,input,2169,"IEA Wind Task 37 case-study files (repo iea37-wflo-casestudies, cs1-2, commit 267f6e5), unmodified"
analysis/iea37_data/iea37-cs1-results/iea37-par5-opt36.yaml,input,2370,"IEA Wind Task 37 case-study files (repo iea37-wflo-casestudies, cs1-2, commit 267f6e5), unmodified"
analysis/iea37_data/iea37-cs1-results/iea37-par5-opt64.yaml,input,2971,"IEA Wind Task 37 case-study files (repo iea37-wflo-casestudies, cs1-2, commit 267f6e5), unmodified"
analysis/iea37_data/iea37-cs1-results/iea37-par6-opt16.yaml,input,2162,"IEA Wind Task 37 case-study files (repo iea37-wflo-casestudies, cs1-2, commit 267f6e5), unmodified"
analysis/iea37_data/iea37-cs1-results/iea37-par6-opt36.yaml,input,2928,"IEA Wind Task 37 case-study files (repo iea37-wflo-casestudies, cs1-2, commit 267f6e5), unmodified"
analysis/iea37_data/iea37-cs1-results/iea37-par6-opt64.yaml,input,3795,"IEA Wind Task 37 case-study files (repo iea37-wflo-casestudies, cs1-2, commit 267f6e5), unmodified"
analysis/iea37_data/iea37-cs1-results/iea37-par7-opt16.yaml,input,2360,"IEA Wind Task 37 case-study files (repo iea37-wflo-casestudies, cs1-2, commit 267f6e5), unmodified"
analysis/iea37_data/iea37-cs1-results/iea37-par7-opt36.yaml,input,3040,"IEA Wind Task 37 case-study files (repo iea37-wflo-casestudies, cs1-2, commit 267f6e5), unmodified"
analysis/iea37_data/iea37-cs1-results/iea37-par7-opt64.yaml,input,4010,"IEA Wind Task 37 case-study files (repo iea37-wflo-casestudies, cs1-2, commit 267f6e5), unmodified"
analysis/iea37_data/iea37-cs1-results/iea37-par8-opt16.yaml,input,1982,"IEA Wind Task 37 case-study files (repo iea37-wflo-casestudies, cs1-2, commit 267f6e5), unmodified"
analysis/iea37_data/iea37-cs1-results/iea37-par8-opt36.yaml,input,2361,"IEA Wind Task 37 case-study files (repo iea37-wflo-casestudies, cs1-2, commit 267f6e5), unmodified"
analysis/iea37_data/iea37-cs1-results/iea37-par8-opt64.yaml,input,2957,"IEA Wind Task 37 case-study files (repo iea37-wflo-casestudies, cs1-2, commit 267f6e5), unmodified"
analysis/iea37_data/iea37-cs1-results/iea37-par9-opt16.yaml,input,2414,"IEA Wind Task 37 case-study files (repo iea37-wflo-casestudies, cs1-2, commit 267f6e5), unmodified"
analysis/iea37_data/iea37-cs1-results/iea37-par9-opt36.yaml,input,3182,"IEA Wind Task 37 case-study files (repo iea37-wflo-casestudies, cs1-2, commit 267f6e5), unmodified"
analysis/iea37_data/iea37-cs1-results/iea37-par9-opt64.yaml,input,4236,"IEA Wind Task 37 case-study files (repo iea37-wflo-casestudies, cs1-2, commit 267f6e5), unmodified"
analysis/iea37_data/iea37-ex16.yaml,input,2282,"IEA Wind Task 37 case-study files (repo iea37-wflo-casestudies, cs1-2, commit 267f6e5), unmodified"
analysis/iea37_data/iea37-ex36.yaml,input,2756,"IEA Wind Task 37 case-study files (repo iea37-wflo-casestudies, cs1-2, commit 267f6e5), unmodified"
analysis/iea37_data/iea37-ex64.yaml,input,3345,"IEA Wind Task 37 case-study files (repo iea37-wflo-casestudies, cs1-2, commit 267f6e5), unmodified"
analysis/iea37_data/iea37-windrose.yaml,input,1288,"IEA Wind Task 37 case-study files (repo iea37-wflo-casestudies, cs1-2, commit 267f6e5), unmodified"
analysis/iea37_experiments.py,driver,3763,runs mpce_iea16/iea36(+p)
analysis/iea37_model.py,model,7104,IEA37 Case Study 1 evaluator
analysis/iea37_projected.csv,output,4546,projected IEA37 layouts
analysis/iea37_projected.json,output,23977,projected IEA37 layouts
analysis/iea37_projected.py,driver,9873,projected IEA37 layouts
analysis/iea37_published_results.csv,input,10761,published IEA37 CS1 layouts evaluated with the official calculator
analysis/init_hook.py,optimizer,602,initial-population hook (random / feasible)
analysis/literature_values.csv,input,135032,hand-collected literature values (Section S-literature)
analysis/literature_values.md,input,13933,hand-collected literature values (Section S-literature)
analysis/make_graphical_abstract.py,analysis,11795,graphical abstract (figures_final/graphical_abstract.*)
analysis/make_model_figures.py,analysis,10624,model schematics (figures_final/)
analysis/make_theory_figures.py,analysis,17469,theory figure and checks T01-T13
analysis/mpce_ablation_tests.csv,output,94135,generated statistics
analysis/mpce_b120k_s0of8.csv,runs-original,468243,per-run records of mpce_experiments.py / iea37_experiments.py
analysis/mpce_b120k_s1of8.csv,runs-original,469691,per-run records of mpce_experiments.py / iea37_experiments.py
analysis/mpce_b120k_s2of8.csv,runs-original,469025,per-run records of mpce_experiments.py / iea37_experiments.py
analysis/mpce_b120k_s3of8.csv,runs-original,472305,per-run records of mpce_experiments.py / iea37_experiments.py
analysis/mpce_b120k_s4of8.csv,runs-original,471209,per-run records of mpce_experiments.py / iea37_experiments.py
analysis/mpce_b120k_s5of8.csv,runs-original,473138,per-run records of mpce_experiments.py / iea37_experiments.py
analysis/mpce_b120k_s6of8.csv,runs-original,468272,per-run records of mpce_experiments.py / iea37_experiments.py
analysis/mpce_b120k_s7of8.csv,runs-original,468466,per-run records of mpce_experiments.py / iea37_experiments.py
analysis/mpce_b120kp_s0of4.csv,runs-original,116938,per-run records of mpce_experiments.py / iea37_experiments.py
analysis/mpce_b120kp_s1of4.csv,runs-original,117096,per-run records of mpce_experiments.py / iea37_experiments.py
analysis/mpce_b120kp_s2of4.csv,runs-original,114737,per-run records of mpce_experiments.py / iea37_experiments.py
analysis/mpce_b120kp_s3of4.csv,runs-original,114923,per-run records of mpce_experiments.py / iea37_experiments.py
analysis/mpce_b30k_s0of3.csv,runs-original,1286610,per-run records of mpce_experiments.py / iea37_experiments.py
analysis/mpce_b30k_s1of3.csv,runs-original,1280022,per-run records of mpce_experiments.py / iea37_experiments.py
analysis/mpce_b30k_s2of3.csv,runs-original,1290185,per-run records of mpce_experiments.py / iea37_experiments.py
analysis/mpce_b30kp_s0of1.csv,runs-original,489937,per-run records of mpce_experiments.py / iea37_experiments.py
analysis/mpce_best_layouts_maxN.csv,output,2308,generated statistics
analysis/mpce_budget_case_stats.csv,output,26473,generated statistics
analysis/mpce_case_stats.csv,output,63576,generated statistics
analysis/mpce_case_tests.csv,output,33863,generated statistics
analysis/mpce_check_csweep.py,check,8403,check scripts (C/X/D/F/S ids)
analysis/mpce_check_diag.py,check,11565,check scripts (C/X/D/F/S ids)
analysis/mpce_check_dir.py,check,26329,check scripts (C/X/D/F/S ids)
analysis/mpce_check_extra.py,check,33555,check scripts (C/X/D/F/S ids)
analysis/mpce_check_final.py,check,40612,check scripts (C/X/D/F/S ids)
analysis/mpce_csweep.py,analysis,26243,PSO coefficient sweep analysis
analysis/mpce_csweep_s0of1.csv,runs-original,6686707,per-run records of mpce_experiments.py / iea37_experiments.py
analysis/mpce_diagnostics.py,driver,87261,instrumented diagnostic reruns (Section S-diag)
analysis/mpce_direction.py,analysis,67092,"direction resolution, Horns Rev 1 re-evaluation"
analysis/mpce_direction_hr16.csv,output,82847,generated statistics
analysis/mpce_direction_layouts.csv.gz,output,606651,1-degree re-evaluation of all final layouts
analysis/mpce_experiments.py,driver,22747,"runs mpce_<exp>_s<i>of<k>.csv (PSO, PSO-VNS, RS-VNS, RSD-VNS, MS-SLSQP, split, init., budget, hrfix, csweep)"
analysis/mpce_feas_s0of1.csv,runs-original,4096137,per-run records of mpce_experiments.py / iea37_experiments.py
analysis/mpce_feasinit_tests.csv,output,9079,generated statistics
analysis/mpce_feasp_s0of1.csv,runs-original,512474,per-run records of mpce_experiments.py / iea37_experiments.py
analysis/mpce_feasx_s0of8.csv,runs-original-shards,512223,the 8 shards concatenated into mpce_feas_s0of1.csv (provenance; not read by the analysis)
analysis/mpce_feasx_s1of8.csv,runs-original-shards,512203,the 8 shards concatenated into mpce_feas_s0of1.csv (provenance; not read by the analysis)
analysis/mpce_feasx_s2of8.csv,runs-original-shards,512169,the 8 shards concatenated into mpce_feas_s0of1.csv (provenance; not read by the analysis)
analysis/mpce_feasx_s3of8.csv,runs-original-shards,512276,the 8 shards concatenated into mpce_feas_s0of1.csv (provenance; not read by the analysis)
analysis/mpce_feasx_s4of8.csv,runs-original-shards,512172,the 8 shards concatenated into mpce_feas_s0of1.csv (provenance; not read by the analysis)
analysis/mpce_feasx_s5of8.csv,runs-original-shards,512206,the 8 shards concatenated into mpce_feas_s0of1.csv (provenance; not read by the analysis)
analysis/mpce_feasx_s6of8.csv,runs-original-shards,512145,the 8 shards concatenated into mpce_feas_s0of1.csv (provenance; not read by the analysis)
analysis/mpce_feasx_s7of8.csv,runs-original-shards,512220,the 8 shards concatenated into mpce_feas_s0of1.csv (provenance; not read by the analysis)
analysis/mpce_hr16new_s0of1.csv,runs-original,91250,per-run records of mpce_experiments.py / iea37_experiments.py
analysis/mpce_hrfix_s0of24.csv,runs-original,77087,per-run records of mpce_experiments.py / iea37_experiments.py
analysis/mpce_hrfix_s10of24.csv,runs-original,76814,per-run records of mpce_experiments.py / iea37_experiments.py
analysis/mpce_hrfix_s11of24.csv,runs-original,76261,per-run records of mpce_experiments.py / iea37_experiments.py
analysis/mpce_hrfix_s12of24.csv,runs-original,76541,per-run records of mpce_experiments.py / iea37_experiments.py
analysis/mpce_hrfix_s13of24.csv,runs-original,76192,per-run records of mpce_experiments.py / iea37_experiments.py
analysis/mpce_hrfix_s14of24.csv,runs-original,77108,per-run records of mpce_experiments.py / iea37_experiments.py
analysis/mpce_hrfix_s15of24.csv,runs-original,76571,per-run records of mpce_experiments.py / iea37_experiments.py
analysis/mpce_hrfix_s16of24.csv,runs-original,76595,per-run records of mpce_experiments.py / iea37_experiments.py
analysis/mpce_hrfix_s17of24.csv,runs-original,77159,per-run records of mpce_experiments.py / iea37_experiments.py
analysis/mpce_hrfix_s18of24.csv,runs-original,76653,per-run records of mpce_experiments.py / iea37_experiments.py
analysis/mpce_hrfix_s19of24.csv,runs-original,76838,per-run records of mpce_experiments.py / iea37_experiments.py
analysis/mpce_hrfix_s1of24.csv,runs-original,77057,per-run records of mpce_experiments.py / iea37_experiments.py
analysis/mpce_hrfix_s20of24.csv,runs-original,76554,per-run records of mpce_experiments.py / iea37_experiments.py
analysis/mpce_hrfix_s21of24.csv,runs-original,75178,per-run records of mpce_experiments.py / iea37_experiments.py
analysis/mpce_hrfix_s22of24.csv,runs-original,74544,per-run records of mpce_experiments.py / iea37_experiments.py
analysis/mpce_hrfix_s23of24.csv,runs-original,75785,per-run records of mpce_experiments.py / iea37_experiments.py
analysis/mpce_hrfix_s2of24.csv,runs-original,77697,per-run records of mpce_experiments.py / iea37_experiments.py
analysis/mpce_hrfix_s3of24.csv,runs-original,76955,per-run records of mpce_experiments.py / iea37_experiments.py
analysis/mpce_hrfix_s4of24.csv,runs-original,77307,per-run records of mpce_experiments.py / iea37_experiments.py
analysis/mpce_hrfix_s5of24.csv,runs-original,78793,per-run records of mpce_experiments.py / iea37_experiments.py
analysis/mpce_hrfix_s6of24.csv,runs-original,76787,per-run records of mpce_experiments.py / iea37_experiments.py
analysis/mpce_hrfix_s7of24.csv,runs-original,78534,per-run records of mpce_experiments.py / iea37_experiments.py
analysis/mpce_hrfix_s8of24.csv,runs-original,79272,per-run records of mpce_experiments.py / iea37_experiments.py
analysis/mpce_hrfix_s9of24.csv,runs-original,78321,per-run records of mpce_experiments.py / iea37_experiments.py
analysis/mpce_iea16_s0of1.csv,runs-original,1275680,per-run records of mpce_experiments.py / iea37_experiments.py
analysis/mpce_iea16p_s0of1.csv,runs-original,150851,per-run records of mpce_experiments.py / iea37_experiments.py
analysis/mpce_iea36_s0of1.csv,runs-original,1217792,per-run records of mpce_experiments.py / iea37_experiments.py
analysis/mpce_iea36p_s0of1.csv,runs-original,152560,per-run records of mpce_experiments.py / iea37_experiments.py
analysis/mpce_inference_extra.py,analysis,139598,"equivalence at three levels, inference robustness"
analysis/mpce_numbers.py,analysis,41259,number macros mpce_numbers.tex
analysis/mpce_numbers.tex,output,29726,generated number macros
analysis/mpce_numbers_csweep.tex,output,6407,generated number macros
analysis/mpce_numbers_diag.tex,output,8521,generated number macros
analysis/mpce_numbers_dir.tex,output,36541,generated number macros
analysis/mpce_numbers_extra.tex,output,82775,generated number macros
analysis/mpce_omega90_s0of1.csv,runs-original,776602,per-run records of mpce_experiments.py / iea37_experiments.py
analysis/mpce_psobv_s0of2.csv,runs-original,2267761,per-run records of mpce_experiments.py / iea37_experiments.py
analysis/mpce_psobv_s1of2.csv,runs-original,2273331,per-run records of mpce_experiments.py / iea37_experiments.py
analysis/mpce_psoc_s0of1.csv,runs-original,4486602,per-run records of mpce_experiments.py / iea37_experiments.py
analysis/mpce_psosplit_s0of1.csv,runs-original,1568127,per-run records of mpce_experiments.py / iea37_experiments.py
analysis/mpce_reevaluation.csv,output,4213975,generated statistics
analysis/mpce_reevaluation_cache.csv,input,2873889,re-evaluation cache (key md5 of data set + coordinates)
analysis/mpce_results.py,analysis,205363,"main tables, figures, mpce_summary.json"
analysis/mpce_robustness.py,analysis,8265,cubic-curve / Gaussian-wake re-evaluation (cached)
analysis/mpce_rsdisc_s0of1.csv,runs-original,4297734,per-run records of mpce_experiments.py / iea37_experiments.py
analysis/mpce_rsvns_s0of1.csv,runs-original,4115146,per-run records of mpce_experiments.py / iea37_experiments.py
analysis/mpce_slsqp_s0of1.csv,runs-original,4668985,per-run records of mpce_experiments.py / iea37_experiments.py
analysis/mpce_summary.json,output,194131,generated summaries
analysis/mpce_summary_csweep.json,output,28174,generated summaries
analysis/mpce_summary_diag.json,output,78459,generated summaries
analysis/mpce_summary_dir.json,output,268165,generated summaries
analysis/mpce_summary_extra.json,output,246932,generated summaries
analysis/mpce_supp_csweep.tex,output,4190,generated supplementary tables
analysis/mpce_supp_diag.tex,output,11560,generated supplementary tables
analysis/mpce_supp_direction.tex,output,21456,generated supplementary tables
analysis/mpce_supp_inference.tex,output,43242,generated supplementary tables
analysis/mpce_supplementary.tex,output,72378,generated supplementary tables
analysis/mpce_tab_ablation.tex,output,2969,generated main-text tables
analysis/mpce_tab_baseline.tex,output,1301,generated main-text tables
analysis/mpce_tab_feasbudget.tex,output,1451,generated main-text tables
analysis/mpce_tab_friedman68.tex,output,1837,generated main-text tables
analysis/mpce_tab_hr16.tex,output,1644,generated main-text tables
analysis/mpce_tab_iea37.tex,output,1771,generated main-text tables
analysis/mpce_tab_robust_final.tex,output,1085,generated main-text tables
analysis/mpce_tab_split.tex,output,1159,generated main-text tables
analysis/mpce_tab_wtl.tex,output,1642,generated main-text tables
analysis/objective_original.py,model,3942,"the original authors' objective.py, verbatim (reference for validate_evaluator.py)"
analysis/original_vns.py,optimizer,4759,basic VNS
analysis/packing_capacity.csv,output,188,packing bounds (input of mpce_results.py)
analysis/packing_capacity.py,driver,1932,packing bounds (tab:capacity)
analysis/pywake_check.csv,input,6534,PyWake NOJ reference values (read by mpce_results.py / mpce_direction.py)
analysis/pywake_check.py,driver,8185,Horns Rev 1 PyWake NOJ cross-check (needs py_wake 2.6.20)
analysis/pywake_check_hr16runs.csv,input,46579,PyWake NOJ reference values (read by mpce_results.py / mpce_direction.py)
analysis/pywake_check_hr16runs.json,input,378,PyWake check of the stored Horns Rev runs
analysis/record_io.py,model,1062,17-significant-digit coordinate writer / reader
analysis/requirements.txt,doc,863,environment of the original runs (not used for the results by the package requirements.txt)
analysis/rev2_analysis.py,analysis,53498,"statistics and tables of the additional experiments (rev2_summary.json, rev2_tables.tex)"
analysis/rev2_ga.py,driver,9342,"additional experiments: real-coded GA (ga, gahr, gaiea)"
analysis/rev2_ga_s0of10.csv,runs-rev2,445136,per-run records of the additional experiments
analysis/rev2_ga_s1of10.csv,runs-rev2,442176,per-run records of the additional experiments
analysis/rev2_ga_s2of10.csv,runs-rev2,447455,per-run records of the additional experiments
analysis/rev2_ga_s3of10.csv,runs-rev2,446943,per-run records of the additional experiments
analysis/rev2_ga_s4of10.csv,runs-rev2,446731,per-run records of the additional experiments
analysis/rev2_ga_s5of10.csv,runs-rev2,443657,per-run records of the additional experiments
analysis/rev2_ga_s6of10.csv,runs-rev2,446856,per-run records of the additional experiments
analysis/rev2_ga_s7of10.csv,runs-rev2,445318,per-run records of the additional experiments
analysis/rev2_ga_s8of10.csv,runs-rev2,449204,per-run records of the additional experiments
analysis/rev2_ga_s9of10.csv,runs-rev2,441649,per-run records of the additional experiments
analysis/rev2_gahr_s0of2.csv,runs-rev2,58652,per-run records of the additional experiments
analysis/rev2_gahr_s1of2.csv,runs-rev2,57629,per-run records of the additional experiments
analysis/rev2_gaiea_s0of2.csv,runs-rev2,157849,per-run records of the additional experiments
analysis/rev2_gaiea_s1of2.csv,runs-rev2,156558,per-run records of the additional experiments
analysis/rev2_grad_s0of40.csv,runs-rev2,16827,per-run records of the additional experiments
analysis/rev2_grad_s10of40.csv,runs-rev2,16163,per-run records of the additional experiments
analysis/rev2_grad_s11of40.csv,runs-rev2,15711,per-run records of the additional experiments
analysis/rev2_grad_s12of40.csv,runs-rev2,16010,per-run records of the additional experiments
analysis/rev2_grad_s13of40.csv,runs-rev2,16273,per-run records of the additional experiments
analysis/rev2_grad_s14of40.csv,runs-rev2,15971,per-run records of the additional experiments
analysis/rev2_grad_s15of40.csv,runs-rev2,15766,per-run records of the additional experiments
analysis/rev2_grad_s16of40.csv,runs-rev2,16054,per-run records of the additional experiments
analysis/rev2_grad_s17of40.csv,runs-rev2,15886,per-run records of the additional experiments
analysis/rev2_grad_s18of40.csv,runs-rev2,15936,per-run records of the additional experiments
analysis/rev2_grad_s19of40.csv,runs-rev2,16168,per-run records of the additional experiments
analysis/rev2_grad_s1of40.csv,runs-rev2,16703,per-run records of the additional experiments
analysis/rev2_grad_s20of40.csv,runs-rev2,16498,per-run records of the additional experiments
analysis/rev2_grad_s21of40.csv,runs-rev2,15906,per-run records of the additional experiments
analysis/rev2_grad_s22of40.csv,runs-rev2,16131,per-run records of the additional experiments
analysis/rev2_grad_s23of40.csv,runs-rev2,15991,per-run records of the additional experiments
analysis/rev2_grad_s24of40.csv,runs-rev2,16209,per-run records of the additional experiments
analysis/rev2_grad_s25of40.csv,runs-rev2,15762,per-run records of the additional experiments
analysis/rev2_grad_s26of40.csv,runs-rev2,16146,per-run records of the additional experiments
analysis/rev2_grad_s27of40.csv,runs-rev2,15951,per-run records of the additional experiments
analysis/rev2_grad_s28of40.csv,runs-rev2,16116,per-run records of the additional experiments
analysis/rev2_grad_s29of40.csv,runs-rev2,16339,per-run records of the additional experiments
analysis/rev2_grad_s2of40.csv,runs-rev2,16713,per-run records of the additional experiments
analysis/rev2_grad_s30of40.csv,runs-rev2,15653,per-run records of the additional experiments
analysis/rev2_grad_s31of40.csv,runs-rev2,15812,per-run records of the additional experiments
analysis/rev2_grad_s32of40.csv,runs-rev2,15940,per-run records of the additional experiments
analysis/rev2_grad_s33of40.csv,runs-rev2,15825,per-run records of the additional experiments
analysis/rev2_grad_s34of40.csv,runs-rev2,15702,per-run records of the additional experiments
analysis/rev2_grad_s35of40.csv,runs-rev2,15622,per-run records of the additional experiments
analysis/rev2_grad_s36of40.csv,runs-rev2,15789,per-run records of the additional experiments
analysis/rev2_grad_s37of40.csv,runs-rev2,15920,per-run records of the additional experiments
analysis/rev2_grad_s38of40.csv,runs-rev2,15732,per-run records of the additional experiments
analysis/rev2_grad_s39of40.csv,runs-rev2,16006,per-run records of the additional experiments
analysis/rev2_grad_s3of40.csv,runs-rev2,16631,per-run records of the additional experiments
analysis/rev2_grad_s4of40.csv,runs-rev2,16691,per-run records of the additional experiments
analysis/rev2_grad_s5of40.csv,runs-rev2,16616,per-run records of the additional experiments
analysis/rev2_grad_s6of40.csv,runs-rev2,16775,per-run records of the additional experiments
analysis/rev2_grad_s7of40.csv,runs-rev2,16627,per-run records of the additional experiments
analysis/rev2_grad_s8of40.csv,runs-rev2,16696,per-run records of the additional experiments
analysis/rev2_grad_s9of40.csv,runs-rev2,16747,per-run records of the additional experiments
analysis/rev2_gradient.py,driver,18528,additional experiments: exact-gradient MS-SLSQP / PSO-SLSQP on IEA37
analysis/rev2_laplace.py,driver,13286,additional experiments: Laplace ablation
analysis/rev2_laplace_s0of12.csv,runs-rev2,342836,per-run records of the additional experiments
analysis/rev2_laplace_s10of12.csv,runs-rev2,345260,per-run records of the additional experiments
analysis/rev2_laplace_s11of12.csv,runs-rev2,350346,per-run records of the additional experiments
analysis/rev2_laplace_s1of12.csv,runs-rev2,343248,per-run records of the additional experiments
analysis/rev2_laplace_s2of12.csv,runs-rev2,343713,per-run records of the additional experiments
analysis/rev2_laplace_s3of12.csv,runs-rev2,346005,per-run records of the additional experiments
analysis/rev2_laplace_s4of12.csv,runs-rev2,345638,per-run records of the additional experiments
analysis/rev2_laplace_s5of12.csv,runs-rev2,345238,per-run records of the additional experiments
analysis/rev2_laplace_s6of12.csv,runs-rev2,339614,per-run records of the additional experiments
analysis/rev2_laplace_s7of12.csv,runs-rev2,339635,per-run records of the additional experiments
analysis/rev2_laplace_s8of12.csv,runs-rev2,342099,per-run records of the additional experiments
analysis/rev2_laplace_s9of12.csv,runs-rev2,346599,per-run records of the additional experiments
analysis/rev2_lg16_s0of4.csv,runs-rev2,89008,per-run records of the additional experiments
analysis/rev2_lg16_s1of4.csv,runs-rev2,90632,per-run records of the additional experiments
analysis/rev2_lg16_s2of4.csv,runs-rev2,87542,per-run records of the additional experiments
analysis/rev2_lg16_s3of4.csv,runs-rev2,87790,per-run records of the additional experiments
analysis/rev2_lg16b_s0of30.csv,runs-rev2,14088,per-run records of the additional experiments
analysis/rev2_lg16b_s10of30.csv,runs-rev2,14439,per-run records of the additional experiments
analysis/rev2_lg16b_s11of30.csv,runs-rev2,15334,per-run records of the additional experiments
analysis/rev2_lg16b_s12of30.csv,runs-rev2,15854,per-run records of the additional experiments
analysis/rev2_lg16b_s13of30.csv,runs-rev2,14117,per-run records of the additional experiments
analysis/rev2_lg16b_s14of30.csv,runs-rev2,13974,per-run records of the additional experiments
analysis/rev2_lg16b_s15of30.csv,runs-rev2,15316,per-run records of the additional experiments
analysis/rev2_lg16b_s16of30.csv,runs-rev2,15041,per-run records of the additional experiments
analysis/rev2_lg16b_s17of30.csv,runs-rev2,15653,per-run records of the additional experiments
analysis/rev2_lg16b_s18of30.csv,runs-rev2,14982,per-run records of the additional experiments
analysis/rev2_lg16b_s19of30.csv,runs-rev2,15482,per-run records of the additional experiments
analysis/rev2_lg16b_s1of30.csv,runs-rev2,14484,per-run records of the additional experiments
analysis/rev2_lg16b_s20of30.csv,runs-rev2,15005,per-run records of the additional experiments
analysis/rev2_lg16b_s21of30.csv,runs-rev2,15722,per-run records of the additional experiments
analysis/rev2_lg16b_s22of30.csv,runs-rev2,14708,per-run records of the additional experiments
analysis/rev2_lg16b_s23of30.csv,runs-rev2,15981,per-run records of the additional experiments
analysis/rev2_lg16b_s24of30.csv,runs-rev2,13912,per-run records of the additional experiments
analysis/rev2_lg16b_s25of30.csv,runs-rev2,15012,per-run records of the additional experiments
analysis/rev2_lg16b_s26of30.csv,runs-rev2,15465,per-run records of the additional experiments
analysis/rev2_lg16b_s27of30.csv,runs-rev2,14113,per-run records of the additional experiments
analysis/rev2_lg16b_s28of30.csv,runs-rev2,14066,per-run records of the additional experiments
analysis/rev2_lg16b_s29of30.csv,runs-rev2,15973,per-run records of the additional experiments
analysis/rev2_lg16b_s2of30.csv,runs-rev2,15419,per-run records of the additional experiments
analysis/rev2_lg16b_s3of30.csv,runs-rev2,15821,per-run records of the additional experiments
analysis/rev2_lg16b_s4of30.csv,runs-rev2,15296,per-run records of the additional experiments
analysis/rev2_lg16b_s5of30.csv,runs-rev2,14264,per-run records of the additional experiments
analysis/rev2_lg16b_s6of30.csv,runs-rev2,15192,per-run records of the additional experiments
analysis/rev2_lg16b_s7of30.csv,runs-rev2,15215,per-run records of the additional experiments
analysis/rev2_lg16b_s8of30.csv,runs-rev2,15336,per-run records of the additional experiments
analysis/rev2_lg16b_s9of30.csv,runs-rev2,15235,per-run records of the additional experiments
analysis/rev2_site.py,driver,6471,additional experiments: Lillgrund block runs
analysis/rev2_site_model.py,model,13064,Lillgrund block model (PyWake inputs; wind climate after Gocmen and Giebel 2016)
analysis/rev2_spacing.py,driver,6330,additional experiments: 5D / 6D spacing re-optimization
analysis/rev2_spacing_s0of40.csv,runs-rev2,270417,per-run records of the additional experiments
analysis/rev2_spacing_s10of40.csv,runs-rev2,270248,per-run records of the additional experiments
analysis/rev2_spacing_s11of40.csv,runs-rev2,270573,per-run records of the additional experiments
analysis/rev2_spacing_s12of40.csv,runs-rev2,269714,per-run records of the additional experiments
analysis/rev2_spacing_s13of40.csv,runs-rev2,268704,per-run records of the additional experiments
analysis/rev2_spacing_s14of40.csv,runs-rev2,268983,per-run records of the additional experiments
analysis/rev2_spacing_s15of40.csv,runs-rev2,269275,per-run records of the additional experiments
analysis/rev2_spacing_s16of40.csv,runs-rev2,270108,per-run records of the additional experiments
analysis/rev2_spacing_s17of40.csv,runs-rev2,268616,per-run records of the additional experiments
analysis/rev2_spacing_s18of40.csv,runs-rev2,275241,per-run records of the additional experiments
analysis/rev2_spacing_s19of40.csv,runs-rev2,267775,per-run records of the additional experiments
analysis/rev2_spacing_s1of40.csv,runs-rev2,272590,per-run records of the additional experiments
analysis/rev2_spacing_s20of40.csv,runs-rev2,268505,per-run records of the additional experiments
analysis/rev2_spacing_s21of40.csv,runs-rev2,271803,per-run records of the additional experiments
analysis/rev2_spacing_s22of40.csv,runs-rev2,267253,per-run records of the additional experiments
analysis/rev2_spacing_s23of40.csv,runs-rev2,270009,per-run records of the additional experiments
analysis/rev2_spacing_s24of40.csv,runs-rev2,269989,per-run records of the additional experiments
analysis/rev2_spacing_s25of40.csv,runs-rev2,270875,per-run records of the additional experiments
analysis/rev2_spacing_s26of40.csv,runs-rev2,271396,per-run records of the additional experiments
analysis/rev2_spacing_s27of40.csv,runs-rev2,271349,per-run records of the additional experiments
analysis/rev2_spacing_s28of40.csv,runs-rev2,270927,per-run records of the additional experiments
analysis/rev2_spacing_s29of40.csv,runs-rev2,267739,per-run records of the additional experiments
analysis/rev2_spacing_s2of40.csv,runs-rev2,270697,per-run records of the additional experiments
analysis/rev2_spacing_s30of40.csv,runs-rev2,270492,per-run records of the additional experiments
analysis/rev2_spacing_s31of40.csv,runs-rev2,270427,per-run records of the additional experiments
analysis/rev2_spacing_s32of40.csv,runs-rev2,268319,per-run records of the additional experiments
analysis/rev2_spacing_s33of40.csv,runs-rev2,269997,per-run records of the additional experiments
analysis/rev2_spacing_s34of40.csv,runs-rev2,269297,per-run records of the additional experiments
analysis/rev2_spacing_s35of40.csv,runs-rev2,269886,per-run records of the additional experiments
analysis/rev2_spacing_s36of40.csv,runs-rev2,271328,per-run records of the additional experiments
analysis/rev2_spacing_s37of40.csv,runs-rev2,268750,per-run records of the additional experiments
analysis/rev2_spacing_s38of40.csv,runs-rev2,273798,per-run records of the additional experiments
analysis/rev2_spacing_s39of40.csv,runs-rev2,267846,per-run records of the additional experiments
analysis/rev2_spacing_s3of40.csv,runs-rev2,272575,per-run records of the additional experiments
analysis/rev2_spacing_s4of40.csv,runs-rev2,271069,per-run records of the additional experiments
analysis/rev2_spacing_s5of40.csv,runs-rev2,271806,per-run records of the additional experiments
analysis/rev2_spacing_s6of40.csv,runs-rev2,271620,per-run records of the additional experiments
analysis/rev2_spacing_s7of40.csv,runs-rev2,272467,per-run records of the additional experiments
analysis/rev2_spacing_s8of40.csv,runs-rev2,272237,per-run records of the additional experiments
analysis/rev2_spacing_s9of40.csv,runs-rev2,267998,per-run records of the additional experiments
analysis/rev3_constraint.json,rev3-output,100208,output of the sensitivity studies and analyses
analysis/rev3_constraint.py,rev3-code,17607,script of the sensitivity studies / sensitivity analyses / full-precision reruns
analysis/rev3_constraint_analysis.log,rev3-log,5004,log of the sensitivity studies and analyses
analysis/rev3_constraint_analysis.py,rev3-code,24517,script of the sensitivity studies / sensitivity analyses / full-precision reruns
analysis/rev3_constraint_deb.csv,rev3-data,1933025,run records / outputs of the sensitivity studies and analyses
analysis/rev3_constraint_manifest.md,rev3-doc,10721,study design notes of the sensitivity studies
analysis/rev3_constraint_pen.csv,rev3-data,1982983,run records / outputs of the sensitivity studies and analyses
analysis/rev3_constraint_proj.csv,rev3-data,2223287,run records / outputs of the sensitivity studies and analyses
analysis/rev3_constraint_run_deb.log,rev3-log,1752,log of the sensitivity studies and analyses
analysis/rev3_constraint_run_pen.log,rev3-log,1781,log of the sensitivity studies and analyses
analysis/rev3_constraint_run_proj.log,rev3-log,1787,log of the sensitivity studies and analyses
analysis/rev3_constraint_tables.tex,rev3-output,6060,table of the sensitivity studies and analyses
analysis/rev3_constraint_validate.csv,rev3-data,5332,run records / outputs of the sensitivity studies and analyses
analysis/rev3_constraint_validate.json,rev3-output,2699,output of the sensitivity studies and analyses
analysis/rev3_constraint_validate.log,rev3-log,2700,log of the sensitivity studies and analyses
analysis/rev3_dependence.json,rev3-output,130081,output of the sensitivity studies and analyses
analysis/rev3_dependence.log,rev3-log,8562,log of the sensitivity studies and analyses
analysis/rev3_dependence.py,rev3-code,50320,script of the sensitivity studies / sensitivity analyses / full-precision reruns
analysis/rev3_dependence_tables.tex,rev3-output,11041,table of the sensitivity studies and analyses
analysis/rev3_feasbounds.json,rev3-output,93922,output of the sensitivity studies and analyses
analysis/rev3_feasbounds.log,rev3-log,10559,log of the sensitivity studies and analyses
analysis/rev3_feasbounds.py,rev3-code,50504,script of the sensitivity studies / sensitivity analyses / full-precision reruns
analysis/rev3_feasbounds_tables.tex,rev3-output,11082,table of the sensitivity studies and analyses
analysis/rev3_fine.json,rev3-output,69928,output of the sensitivity studies and analyses
analysis/rev3_fine.py,rev3-code,22241,script of the sensitivity studies / sensitivity analyses / full-precision reruns
analysis/rev3_fine15_s0of1.csv,rev3-data,2874151,run records / outputs of the sensitivity studies and analyses
analysis/rev3_fine15_s0of1.log,rev3-log,114654,log of the sensitivity studies and analyses
analysis/rev3_fine_analysis.log,rev3-log,4320,log of the sensitivity studies and analyses
analysis/rev3_fine_analysis.py,rev3-code,25155,script of the sensitivity studies / sensitivity analyses / full-precision reruns
analysis/rev3_fine_manifest.md,rev3-doc,9994,study design notes of the sensitivity studies
analysis/rev3_fine_s0of10.csv,rev3-data,288810,run records / outputs of the sensitivity studies and analyses
analysis/rev3_fine_s0of10.log,rev3-log,11478,log of the sensitivity studies and analyses
analysis/rev3_fine_s1of10.csv,rev3-data,289419,run records / outputs of the sensitivity studies and analyses
analysis/rev3_fine_s1of10.log,rev3-log,11502,log of the sensitivity studies and analyses
analysis/rev3_fine_s2of10.csv,rev3-data,287263,run records / outputs of the sensitivity studies and analyses
analysis/rev3_fine_s2of10.log,rev3-log,11479,log of the sensitivity studies and analyses
analysis/rev3_fine_s3of10.csv,rev3-data,285927,run records / outputs of the sensitivity studies and analyses
analysis/rev3_fine_s3of10.log,rev3-log,11508,log of the sensitivity studies and analyses
analysis/rev3_fine_s4of10.csv,rev3-data,285925,run records / outputs of the sensitivity studies and analyses
analysis/rev3_fine_s4of10.log,rev3-log,11484,log of the sensitivity studies and analyses
analysis/rev3_fine_s5of10.csv,rev3-data,287218,run records / outputs of the sensitivity studies and analyses
analysis/rev3_fine_s5of10.log,rev3-log,11474,log of the sensitivity studies and analyses
analysis/rev3_fine_s6of10.csv,rev3-data,290559,run records / outputs of the sensitivity studies and analyses
analysis/rev3_fine_s6of10.log,rev3-log,11481,log of the sensitivity studies and analyses
analysis/rev3_fine_s7of10.csv,rev3-data,284157,run records / outputs of the sensitivity studies and analyses
analysis/rev3_fine_s7of10.log,rev3-log,11752,log of the sensitivity studies and analyses
analysis/rev3_fine_s8of10.csv,rev3-data,286435,run records / outputs of the sensitivity studies and analyses
analysis/rev3_fine_s8of10.log,rev3-log,11479,log of the sensitivity studies and analyses
analysis/rev3_fine_s9of10.csv,rev3-data,286485,run records / outputs of the sensitivity studies and analyses
analysis/rev3_fine_s9of10.log,rev3-log,11516,log of the sensitivity studies and analyses
analysis/rev3_fine_tables.tex,rev3-output,4005,table of the sensitivity studies and analyses
analysis/rev3_fine_timing.log,rev3-log,4028,log of the sensitivity studies and analyses
analysis/rev3_fine_validate.log,rev3-log,2928,log of the sensitivity studies and analyses
analysis/rev3_fullprec_fresh_bgrid.csv,rev3-data,101113,run records / outputs of the sensitivity studies and analyses
analysis/rev3_fullprec_fresh_bgrid_local.csv,rev3-data,89002,run records / outputs of the sensitivity studies and analyses
analysis/rev3_fullprec_fresh_bsplit.csv,rev3-data,25460,run records / outputs of the sensitivity studies and analyses
analysis/rev3_fullprec_fresh_bsplit_local.csv,rev3-data,22765,run records / outputs of the sensitivity studies and analyses
analysis/rev3_fullprec_fresh_grid.csv,rev3-data,992429,run records / outputs of the sensitivity studies and analyses
analysis/rev3_fullprec_fresh_grid_local.csv,rev3-data,2875,run records / outputs of the sensitivity studies and analyses
analysis/rev3_fullprec_fresh_grid_s0of2.csv,rev3-data,432239,run records / outputs of the sensitivity studies and analyses
analysis/rev3_fullprec_fresh_grid_s1of2.csv,rev3-data,432797,run records / outputs of the sensitivity studies and analyses
analysis/rev3_fullprec_fresh_hgrid.csv,rev3-data,25063,run records / outputs of the sensitivity studies and analyses
analysis/rev3_fullprec_fresh_hgrid_local.csv,rev3-data,21816,run records / outputs of the sensitivity studies and analyses
analysis/rev3_fullprec_fresh_hr.csv,rev3-data,61800,run records / outputs of the sensitivity studies and analyses
analysis/rev3_fullprec_fresh_hr_local.csv,rev3-data,57342,run records / outputs of the sensitivity studies and analyses
analysis/rev3_fullprec_fresh_hsplit.csv,rev3-data,16511,run records / outputs of the sensitivity studies and analyses
analysis/rev3_fullprec_fresh_hsplit_local.csv,rev3-data,14600,run records / outputs of the sensitivity studies and analyses
analysis/rev3_fullprec_fresh_vgrid.csv,rev3-data,1506,run records / outputs of the sensitivity studies and analyses
analysis/rev3_fullprec_fresh_vgrid_local.csv,rev3-data,1268,run records / outputs of the sensitivity studies and analyses
analysis/rev3_fullprec_mpce_b120k.csv,rev3-data,621235,run records / outputs of the sensitivity studies and analyses
analysis/rev3_fullprec_mpce_b120k_local.csv,rev3-data,14723,run records / outputs of the sensitivity studies and analyses
analysis/rev3_fullprec_mpce_b120k_s0of19.csv,rev3-data,28506,run records / outputs of the sensitivity studies and analyses
analysis/rev3_fullprec_mpce_b120k_s10of19.csv,rev3-data,30276,run records / outputs of the sensitivity studies and analyses
analysis/rev3_fullprec_mpce_b120k_s11of19.csv,rev3-data,29700,run records / outputs of the sensitivity studies and analyses
analysis/rev3_fullprec_mpce_b120k_s12of19.csv,rev3-data,28828,run records / outputs of the sensitivity studies and analyses
analysis/rev3_fullprec_mpce_b120k_s13of19.csv,rev3-data,30488,run records / outputs of the sensitivity studies and analyses
analysis/rev3_fullprec_mpce_b120k_s14of19.csv,rev3-data,30298,run records / outputs of the sensitivity studies and analyses
analysis/rev3_fullprec_mpce_b120k_s15of19.csv,rev3-data,29522,run records / outputs of the sensitivity studies and analyses
analysis/rev3_fullprec_mpce_b120k_s16of19.csv,rev3-data,29488,run records / outputs of the sensitivity studies and analyses
analysis/rev3_fullprec_mpce_b120k_s17of19.csv,rev3-data,28896,run records / outputs of the sensitivity studies and analyses
analysis/rev3_fullprec_mpce_b120k_s18of19.csv,rev3-data,29707,run records / outputs of the sensitivity studies and analyses
analysis/rev3_fullprec_mpce_b120k_s1of19.csv,rev3-data,28989,run records / outputs of the sensitivity studies and analyses
analysis/rev3_fullprec_mpce_b120k_s2of19.csv,rev3-data,29125,run records / outputs of the sensitivity studies and analyses
analysis/rev3_fullprec_mpce_b120k_s3of19.csv,rev3-data,28924,run records / outputs of the sensitivity studies and analyses
analysis/rev3_fullprec_mpce_b120k_s4of19.csv,rev3-data,28996,run records / outputs of the sensitivity studies and analyses
analysis/rev3_fullprec_mpce_b120k_s5of19.csv,rev3-data,29773,run records / outputs of the sensitivity studies and analyses
analysis/rev3_fullprec_mpce_b120k_s6of19.csv,rev3-data,28320,run records / outputs of the sensitivity studies and analyses
analysis/rev3_fullprec_mpce_b120k_s7of19.csv,rev3-data,29269,run records / outputs of the sensitivity studies and analyses
analysis/rev3_fullprec_mpce_b120k_s8of19.csv,rev3-data,28482,run records / outputs of the sensitivity studies and analyses
analysis/rev3_fullprec_mpce_b120k_s9of19.csv,rev3-data,29273,run records / outputs of the sensitivity studies and analyses
analysis/rev3_fullprec_mpce_b120kp.csv,rev3-data,43523,run records / outputs of the sensitivity studies and analyses
analysis/rev3_fullprec_mpce_b120kp_local.csv,rev3-data,1916,run records / outputs of the sensitivity studies and analyses
analysis/rev3_fullprec_mpce_b120kp_s0of1.csv,rev3-data,37891,run records / outputs of the sensitivity studies and analyses
analysis/rev3_fullprec_mpce_b30k.csv,rev3-data,334279,run records / outputs of the sensitivity studies and analyses
analysis/rev3_fullprec_mpce_b30k_local.csv,rev3-data,14429,run records / outputs of the sensitivity studies and analyses
analysis/rev3_fullprec_mpce_b30k_s0of4.csv,rev3-data,72447,run records / outputs of the sensitivity studies and analyses
analysis/rev3_fullprec_mpce_b30k_s1of4.csv,rev3-data,73034,run records / outputs of the sensitivity studies and analyses
analysis/rev3_fullprec_mpce_b30k_s2of4.csv,rev3-data,73508,run records / outputs of the sensitivity studies and analyses
analysis/rev3_fullprec_mpce_b30k_s3of4.csv,rev3-data,72145,run records / outputs of the sensitivity studies and analyses
analysis/rev3_fullprec_mpce_b30kp.csv,rev3-data,10688,run records / outputs of the sensitivity studies and analyses
analysis/rev3_fullprec_mpce_b30kp_local.csv,rev3-data,9682,run records / outputs of the sensitivity studies and analyses
analysis/rev3_fullprec_mpce_csweep.csv,rev3-data,25883,run records / outputs of the sensitivity studies and analyses
analysis/rev3_fullprec_mpce_csweep_local.csv,rev3-data,23323,run records / outputs of the sensitivity studies and analyses
analysis/rev3_fullprec_mpce_feas.csv,rev3-data,246823,run records / outputs of the sensitivity studies and analyses
analysis/rev3_fullprec_mpce_feas_local.csv,rev3-data,13323,run records / outputs of the sensitivity studies and analyses
analysis/rev3_fullprec_mpce_feas_s0of1.csv,rev3-data,210854,run records / outputs of the sensitivity studies and analyses
analysis/rev3_fullprec_mpce_feasp.csv,rev3-data,20814,run records / outputs of the sensitivity studies and analyses
analysis/rev3_fullprec_mpce_feasp_local.csv,rev3-data,18873,run records / outputs of the sensitivity studies and analyses
analysis/rev3_fullprec_mpce_hr16new.csv,rev3-data,11211,run records / outputs of the sensitivity studies and analyses
analysis/rev3_fullprec_mpce_hr16new_local.csv,rev3-data,10264,run records / outputs of the sensitivity studies and analyses
analysis/rev3_fullprec_mpce_hrfix.csv,rev3-data,271647,run records / outputs of the sensitivity studies and analyses
analysis/rev3_fullprec_mpce_hrfix_local.csv,rev3-data,9340,run records / outputs of the sensitivity studies and analyses
analysis/rev3_fullprec_mpce_hrfix_s0of4.csv,rev3-data,60143,run records / outputs of the sensitivity studies and analyses
analysis/rev3_fullprec_mpce_hrfix_s1of4.csv,rev3-data,59230,run records / outputs of the sensitivity studies and analyses
analysis/rev3_fullprec_mpce_hrfix_s2of4.csv,rev3-data,60156,run records / outputs of the sensitivity studies and analyses
analysis/rev3_fullprec_mpce_hrfix_s3of4.csv,rev3-data,60127,run records / outputs of the sensitivity studies and analyses
analysis/rev3_fullprec_mpce_iea.csv,rev3-data,279623,run records / outputs of the sensitivity studies and analyses
analysis/rev3_fullprec_mpce_iea_local.csv,rev3-data,262925,run records / outputs of the sensitivity studies and analyses
analysis/rev3_fullprec_mpce_omega90.csv,rev3-data,1969,run records / outputs of the sensitivity studies and analyses
analysis/rev3_fullprec_mpce_omega90_local.csv,rev3-data,1721,run records / outputs of the sensitivity studies and analyses
analysis/rev3_fullprec_mpce_psobv.csv,rev3-data,6934,run records / outputs of the sensitivity studies and analyses
analysis/rev3_fullprec_mpce_psobv_local.csv,rev3-data,6091,run records / outputs of the sensitivity studies and analyses
analysis/rev3_fullprec_mpce_psoc.csv,rev3-data,13219,run records / outputs of the sensitivity studies and analyses
analysis/rev3_fullprec_mpce_psoc_local.csv,rev3-data,11279,run records / outputs of the sensitivity studies and analyses
analysis/rev3_fullprec_mpce_psosplit.csv,rev3-data,2690,run records / outputs of the sensitivity studies and analyses
analysis/rev3_fullprec_mpce_psosplit_local.csv,rev3-data,2382,run records / outputs of the sensitivity studies and analyses
analysis/rev3_fullprec_mpce_rsdisc.csv,rev3-data,2466,run records / outputs of the sensitivity studies and analyses
analysis/rev3_fullprec_mpce_rsdisc_local.csv,rev3-data,2132,run records / outputs of the sensitivity studies and analyses
analysis/rev3_fullprec_mpce_rsvns.csv,rev3-data,1788,run records / outputs of the sensitivity studies and analyses
analysis/rev3_fullprec_mpce_rsvns_local.csv,rev3-data,1559,run records / outputs of the sensitivity studies and analyses
analysis/rev3_fullprec_mpce_slsqp.csv,rev3-data,293227,run records / outputs of the sensitivity studies and analyses
analysis/rev3_fullprec_mpce_slsqp_local.csv,rev3-data,730,run records / outputs of the sensitivity studies and analyses
analysis/rev3_fullprec_mpce_slsqp_s0of2.csv,rev3-data,124436,run records / outputs of the sensitivity studies and analyses
analysis/rev3_fullprec_mpce_slsqp_s1of2.csv,rev3-data,123640,run records / outputs of the sensitivity studies and analyses
analysis/rev3_fullprec_rev2_ga.csv,rev3-data,2230,run records / outputs of the sensitivity studies and analyses
analysis/rev3_fullprec_rev2_ga_local.csv,rev3-data,1921,run records / outputs of the sensitivity studies and analyses
analysis/rev3_fullprec_rev2_gahr.csv,rev3-data,1436,run records / outputs of the sensitivity studies and analyses
analysis/rev3_fullprec_rev2_gahr_local.csv,rev3-data,1271,run records / outputs of the sensitivity studies and analyses
analysis/rev3_fullprec_rev2_gaiea.csv,rev3-data,1444,run records / outputs of the sensitivity studies and analyses
analysis/rev3_fullprec_rev2_gaiea_local.csv,rev3-data,1282,run records / outputs of the sensitivity studies and analyses
analysis/rev3_fullprec_rev2_grad.csv,rev3-data,334935,run records / outputs of the sensitivity studies and analyses
analysis/rev3_fullprec_rev2_grad_local.csv,rev3-data,38313,run records / outputs of the sensitivity studies and analyses
analysis/rev3_fullprec_rev2_grad_s0of2.csv,rev3-data,139215,run records / outputs of the sensitivity studies and analyses
analysis/rev3_fullprec_rev2_grad_s1of2.csv,rev3-data,134758,run records / outputs of the sensitivity studies and analyses
analysis/rev3_fullprec_rev2_laplace.csv,rev3-data,179872,run records / outputs of the sensitivity studies and analyses
analysis/rev3_fullprec_rev2_laplace_local.csv,rev3-data,160423,run records / outputs of the sensitivity studies and analyses
analysis/rev3_fullprec_rev2_lg16.csv,rev3-data,32527,run records / outputs of the sensitivity studies and analyses
analysis/rev3_fullprec_rev2_lg16_local.csv,rev3-data,30047,run records / outputs of the sensitivity studies and analyses
analysis/rev3_fullprec_rev2_lg16b.csv,rev3-data,100921,run records / outputs of the sensitivity studies and analyses
analysis/rev3_fullprec_rev2_lg16b_local.csv,rev3-data,92924,run records / outputs of the sensitivity studies and analyses
analysis/rev3_fullprec_rev2_spacing.csv,rev3-data,364563,run records / outputs of the sensitivity studies and analyses
analysis/rev3_fullprec_rev2_spacing_local.csv,rev3-data,325201,run records / outputs of the sensitivity studies and analyses
analysis/rev3_inference.json,rev3-output,86351,output of the sensitivity studies and analyses
analysis/rev3_inference.log,rev3-log,6185,log of the sensitivity studies and analyses
analysis/rev3_inference.py,rev3-code,52456,script of the sensitivity studies / sensitivity analyses / full-precision reruns
analysis/rev3_inference_tables.tex,rev3-output,15327,table of the sensitivity studies and analyses
analysis/rev3_precision_audit.json,rev3-output,63810,output of the sensitivity studies and analyses
analysis/rev3_precision_audit.py,rev3-code,18432,script of the sensitivity studies / sensitivity analyses / full-precision reruns
analysis/rev3_precision_audit_records.csv,rev3-data,12116900,run records / outputs of the sensitivity studies and analyses
analysis/rev3_precision_manifest.md,rev3-doc,2866,study design notes of the sensitivity studies
analysis/rev3_precision_plan.json,rev3-output,232799,output of the sensitivity studies and analyses
analysis/rev3_precision_rerun.py,rev3-code,37027,script of the sensitivity studies / sensitivity analyses / full-precision reruns
analysis/rev3_precision_rerun_summary.json,rev3-output,375338,output of the sensitivity studies and analyses
analysis/rev3_precision_results/fresh_grid_s0of2.jsonl,rev3-data,873268,"raw full-precision rerun results, one JSON line per record; merged by rev3_precision_rerun.py collect"
analysis/rev3_precision_results/fresh_grid_s1of2.jsonl,rev3-data,874354,"raw full-precision rerun results, one JSON line per record; merged by rev3_precision_rerun.py collect"
analysis/rev3_precision_results/mpce_b120k_s0of19.jsonl,rev3-data,48191,"raw full-precision rerun results, one JSON line per record; merged by rev3_precision_rerun.py collect"
analysis/rev3_precision_results/mpce_b120k_s10of19.jsonl,rev3-data,50489,"raw full-precision rerun results, one JSON line per record; merged by rev3_precision_rerun.py collect"
analysis/rev3_precision_results/mpce_b120k_s11of19.jsonl,rev3-data,49385,"raw full-precision rerun results, one JSON line per record; merged by rev3_precision_rerun.py collect"
analysis/rev3_precision_results/mpce_b120k_s12of19.jsonl,rev3-data,48513,"raw full-precision rerun results, one JSON line per record; merged by rev3_precision_rerun.py collect"
analysis/rev3_precision_results/mpce_b120k_s13of19.jsonl,rev3-data,50701,"raw full-precision rerun results, one JSON line per record; merged by rev3_precision_rerun.py collect"
analysis/rev3_precision_results/mpce_b120k_s14of19.jsonl,rev3-data,50511,"raw full-precision rerun results, one JSON line per record; merged by rev3_precision_rerun.py collect"
analysis/rev3_precision_results/mpce_b120k_s15of19.jsonl,rev3-data,49207,"raw full-precision rerun results, one JSON line per record; merged by rev3_precision_rerun.py collect"
analysis/rev3_precision_results/mpce_b120k_s16of19.jsonl,rev3-data,49173,"raw full-precision rerun results, one JSON line per record; merged by rev3_precision_rerun.py collect"
analysis/rev3_precision_results/mpce_b120k_s17of19.jsonl,rev3-data,48581,"raw full-precision rerun results, one JSON line per record; merged by rev3_precision_rerun.py collect"
analysis/rev3_precision_results/mpce_b120k_s18of19.jsonl,rev3-data,49920,"raw full-precision rerun results, one JSON line per record; merged by rev3_precision_rerun.py collect"
analysis/rev3_precision_results/mpce_b120k_s1of19.jsonl,rev3-data,48674,"raw full-precision rerun results, one JSON line per record; merged by rev3_precision_rerun.py collect"
analysis/rev3_precision_results/mpce_b120k_s2of19.jsonl,rev3-data,48810,"raw full-precision rerun results, one JSON line per record; merged by rev3_precision_rerun.py collect"
analysis/rev3_precision_results/mpce_b120k_s3of19.jsonl,rev3-data,48609,"raw full-precision rerun results, one JSON line per record; merged by rev3_precision_rerun.py collect"
analysis/rev3_precision_results/mpce_b120k_s4of19.jsonl,rev3-data,48681,"raw full-precision rerun results, one JSON line per record; merged by rev3_precision_rerun.py collect"
analysis/rev3_precision_results/mpce_b120k_s5of19.jsonl,rev3-data,49986,"raw full-precision rerun results, one JSON line per record; merged by rev3_precision_rerun.py collect"
analysis/rev3_precision_results/mpce_b120k_s6of19.jsonl,rev3-data,48005,"raw full-precision rerun results, one JSON line per record; merged by rev3_precision_rerun.py collect"
analysis/rev3_precision_results/mpce_b120k_s7of19.jsonl,rev3-data,49482,"raw full-precision rerun results, one JSON line per record; merged by rev3_precision_rerun.py collect"
analysis/rev3_precision_results/mpce_b120k_s8of19.jsonl,rev3-data,48167,"raw full-precision rerun results, one JSON line per record; merged by rev3_precision_rerun.py collect"
analysis/rev3_precision_results/mpce_b120k_s9of19.jsonl,rev3-data,49486,"raw full-precision rerun results, one JSON line per record; merged by rev3_precision_rerun.py collect"
analysis/rev3_precision_results/mpce_b120kp_s0of1.jsonl,rev3-data,63912,"raw full-precision rerun results, one JSON line per record; merged by rev3_precision_rerun.py collect"
analysis/rev3_precision_results/mpce_b30k_s0of4.jsonl,rev3-data,122228,"raw full-precision rerun results, one JSON line per record; merged by rev3_precision_rerun.py collect"
analysis/rev3_precision_results/mpce_b30k_s1of4.jsonl,rev3-data,122815,"raw full-precision rerun results, one JSON line per record; merged by rev3_precision_rerun.py collect"
analysis/rev3_precision_results/mpce_b30k_s2of4.jsonl,rev3-data,123289,"raw full-precision rerun results, one JSON line per record; merged by rev3_precision_rerun.py collect"
analysis/rev3_precision_results/mpce_b30k_s3of4.jsonl,rev3-data,121398,"raw full-precision rerun results, one JSON line per record; merged by rev3_precision_rerun.py collect"
analysis/rev3_precision_results/mpce_feas_s0of1.jsonl,rev3-data,354619,"raw full-precision rerun results, one JSON line per record; merged by rev3_precision_rerun.py collect"
analysis/rev3_precision_results/mpce_hrfix_s0of4.jsonl,rev3-data,95140,"raw full-precision rerun results, one JSON line per record; merged by rev3_precision_rerun.py collect"
analysis/rev3_precision_results/mpce_hrfix_s1of4.jsonl,rev3-data,93699,"raw full-precision rerun results, one JSON line per record; merged by rev3_precision_rerun.py collect"
analysis/rev3_precision_results/mpce_hrfix_s2of4.jsonl,rev3-data,95153,"raw full-precision rerun results, one JSON line per record; merged by rev3_precision_rerun.py collect"
analysis/rev3_precision_results/mpce_hrfix_s3of4.jsonl,rev3-data,95124,"raw full-precision rerun results, one JSON line per record; merged by rev3_precision_rerun.py collect"
analysis/rev3_precision_results/mpce_slsqp_s0of2.jsonl,rev3-data,251305,"raw full-precision rerun results, one JSON line per record; merged by rev3_precision_rerun.py collect"
analysis/rev3_precision_results/mpce_slsqp_s1of2.jsonl,rev3-data,251037,"raw full-precision rerun results, one JSON line per record; merged by rev3_precision_rerun.py collect"
analysis/rev3_precision_results/rev2_grad_s0of2.jsonl,rev3-data,194276,"raw full-precision rerun results, one JSON line per record; merged by rev3_precision_rerun.py collect"
analysis/rev3_precision_results/rev2_grad_s1of2.jsonl,rev3-data,190347,"raw full-precision rerun results, one JSON line per record; merged by rev3_precision_rerun.py collect"
analysis/rev3_precision_tables.tex,rev3-output,5385,table of the sensitivity studies and analyses
analysis/rev3_sites.json,rev3-output,201564,output of the sensitivity studies and analyses
analysis/rev3_sites.log,rev3-log,11836,log of the sensitivity studies and analyses
analysis/rev3_sites.py,rev3-code,76159,script of the sensitivity studies / sensitivity analyses / full-precision reruns
analysis/rev3_sites_inittime.csv,rev3-data,21796,run records / outputs of the sensitivity studies and analyses
analysis/rev3_sites_reeval.csv,rev3-data,173817,run records / outputs of the sensitivity studies and analyses
analysis/rev3_sites_slsqp_probe.csv,rev3-data,370,run records / outputs of the sensitivity studies and analyses
analysis/rev3_sites_tables.tex,rev3-output,22469,table of the sensitivity studies and analyses
analysis/rev3p_fresh_grid_s0of2.log,rev3-log,4162,worker logs of the 35 cloud shards of the full-precision reruns
analysis/rev3p_fresh_grid_s1of2.log,rev3-log,4144,worker logs of the 35 cloud shards of the full-precision reruns
analysis/rev3p_mpce_b120k_s0of19.log,rev3-log,401,worker logs of the 35 cloud shards of the full-precision reruns
analysis/rev3p_mpce_b120k_s10of19.log,rev3-log,405,worker logs of the 35 cloud shards of the full-precision reruns
analysis/rev3p_mpce_b120k_s11of19.log,rev3-log,408,worker logs of the 35 cloud shards of the full-precision reruns
analysis/rev3p_mpce_b120k_s12of19.log,rev3-log,401,worker logs of the 35 cloud shards of the full-precision reruns
analysis/rev3p_mpce_b120k_s13of19.log,rev3-log,404,worker logs of the 35 cloud shards of the full-precision reruns
analysis/rev3p_mpce_b120k_s14of19.log,rev3-log,405,worker logs of the 35 cloud shards of the full-precision reruns
analysis/rev3p_mpce_b120k_s15of19.log,rev3-log,403,worker logs of the 35 cloud shards of the full-precision reruns
analysis/rev3p_mpce_b120k_s16of19.log,rev3-log,400,worker logs of the 35 cloud shards of the full-precision reruns
analysis/rev3p_mpce_b120k_s17of19.log,rev3-log,402,worker logs of the 35 cloud shards of the full-precision reruns
analysis/rev3p_mpce_b120k_s18of19.log,rev3-log,402,worker logs of the 35 cloud shards of the full-precision reruns
analysis/rev3p_mpce_b120k_s1of19.log,rev3-log,397,worker logs of the 35 cloud shards of the full-precision reruns
analysis/rev3p_mpce_b120k_s2of19.log,rev3-log,401,worker logs of the 35 cloud shards of the full-precision reruns
analysis/rev3p_mpce_b120k_s3of19.log,rev3-log,398,worker logs of the 35 cloud shards of the full-precision reruns
analysis/rev3p_mpce_b120k_s4of19.log,rev3-log,404,worker logs of the 35 cloud shards of the full-precision reruns
analysis/rev3p_mpce_b120k_s5of19.log,rev3-log,399,worker logs of the 35 cloud shards of the full-precision reruns
analysis/rev3p_mpce_b120k_s6of19.log,rev3-log,401,worker logs of the 35 cloud shards of the full-precision reruns
analysis/rev3p_mpce_b120k_s7of19.log,rev3-log,405,worker logs of the 35 cloud shards of the full-precision reruns
analysis/rev3p_mpce_b120k_s8of19.log,rev3-log,401,worker logs of the 35 cloud shards of the full-precision reruns
analysis/rev3p_mpce_b120k_s9of19.log,rev3-log,397,worker logs of the 35 cloud shards of the full-precision reruns
analysis/rev3p_mpce_b120kp_s0of1.log,rev3-log,453,worker logs of the 35 cloud shards of the full-precision reruns
analysis/rev3p_mpce_b30k_s0of4.log,rev3-log,679,worker logs of the 35 cloud shards of the full-precision reruns
analysis/rev3p_mpce_b30k_s1of4.log,rev3-log,688,worker logs of the 35 cloud shards of the full-precision reruns
analysis/rev3p_mpce_b30k_s2of4.log,rev3-log,684,worker logs of the 35 cloud shards of the full-precision reruns
analysis/rev3p_mpce_b30k_s3of4.log,rev3-log,684,worker logs of the 35 cloud shards of the full-precision reruns
analysis/rev3p_mpce_feas_s0of1.log,rev3-log,1617,worker logs of the 35 cloud shards of the full-precision reruns
analysis/rev3p_mpce_hrfix_s0of4.log,rev3-log,561,worker logs of the 35 cloud shards of the full-precision reruns
analysis/rev3p_mpce_hrfix_s1of4.log,rev3-log,556,worker logs of the 35 cloud shards of the full-precision reruns
analysis/rev3p_mpce_hrfix_s2of4.log,rev3-log,558,worker logs of the 35 cloud shards of the full-precision reruns
analysis/rev3p_mpce_hrfix_s3of4.log,rev3-log,557,worker logs of the 35 cloud shards of the full-precision reruns
analysis/rev3p_mpce_slsqp_s0of2.log,rev3-log,1554,worker logs of the 35 cloud shards of the full-precision reruns
analysis/rev3p_mpce_slsqp_s1of2.log,rev3-log,1547,worker logs of the 35 cloud shards of the full-precision reruns
analysis/rev3p_rev2_grad_s0of2.log,rev3-log,769,worker logs of the 35 cloud shards of the full-precision reruns
analysis/rev3p_rev2_grad_s1of2.log,rev3-log,770,worker logs of the 35 cloud shards of the full-precision reruns
analysis/rs_vns.py,optimizer,1597,RS-VNS (random-sampling phase 1 + VNS)
analysis/run_b120k_0of16.log,log,68,launcher logs of the original experiment shards
analysis/run_b120k_10of16.log,log,69,launcher logs of the original experiment shards
analysis/run_b120k_12of32.log,log,68,launcher logs of the original experiment shards
analysis/run_b120k_13of32.log,log,68,launcher logs of the original experiment shards
analysis/run_b120k_14of16.log,log,69,launcher logs of the original experiment shards
analysis/run_b120k_15of16.log,log,69,launcher logs of the original experiment shards
analysis/run_b120k_1of8.log,log,67,launcher logs of the original experiment shards
analysis/run_b120k_20of32.log,log,68,launcher logs of the original experiment shards
analysis/run_b120k_24of32.log,log,68,launcher logs of the original experiment shards
analysis/run_b120k_29of32.log,log,68,launcher logs of the original experiment shards
analysis/run_b120k_2of16.log,log,68,launcher logs of the original experiment shards
analysis/run_b120k_3of8.log,log,67,launcher logs of the original experiment shards
analysis/run_b120k_4of32.log,log,67,launcher logs of the original experiment shards
analysis/run_b120k_4of8.log,log,67,launcher logs of the original experiment shards
analysis/run_b120k_5of32.log,log,67,launcher logs of the original experiment shards
analysis/run_b120k_5of8.log,log,67,launcher logs of the original experiment shards
analysis/run_b120k_6of16.log,log,68,launcher logs of the original experiment shards
analysis/run_b120k_7of16.log,log,68,launcher logs of the original experiment shards
analysis/run_b120k_8of32.log,log,67,launcher logs of the original experiment shards
analysis/run_b120kp_0of8.log,log,67,launcher logs of the original experiment shards
analysis/run_b120kp_1of4.log,log,67,launcher logs of the original experiment shards
analysis/run_b120kp_2of4.log,log,67,launcher logs of the original experiment shards
analysis/run_b120kp_3of4.log,log,67,launcher logs of the original experiment shards
analysis/run_b120kp_4of8.log,log,67,launcher logs of the original experiment shards
analysis/run_b30k_0of3.log,log,63,launcher logs of the original experiment shards
analysis/run_b30k_1of3.log,log,63,launcher logs of the original experiment shards
analysis/run_b30k_1of6.log,log,63,launcher logs of the original experiment shards
analysis/run_b30k_2of3.log,log,63,launcher logs of the original experiment shards
analysis/run_b30k_4of6.log,log,63,launcher logs of the original experiment shards
analysis/run_b30kp.log,log,65,launcher logs of the original experiment shards
analysis/run_feas_0of8_local.log,log,0,launcher logs of the original experiment shards
analysis/run_feasp.log,log,62,launcher logs of the original experiment shards
analysis/run_feasx_0of8.log,log,62,launcher logs of the original experiment shards
analysis/run_feasx_1of8.log,log,62,launcher logs of the original experiment shards
analysis/run_feasx_2of8.log,log,62,launcher logs of the original experiment shards
analysis/run_feasx_3of8.log,log,62,launcher logs of the original experiment shards
analysis/run_feasx_4of8.log,log,62,launcher logs of the original experiment shards
analysis/run_feasx_5of8.log,log,62,launcher logs of the original experiment shards
analysis/run_feasx_6of8.log,log,62,launcher logs of the original experiment shards
analysis/run_feasx_7of8.log,log,62,launcher logs of the original experiment shards
analysis/run_hr16new.log,log,65,launcher logs of the original experiment shards
analysis/run_hrfix_0of24.log,log,64,launcher logs of the original experiment shards
analysis/run_hrfix_10of24.log,log,65,launcher logs of the original experiment shards
analysis/run_hrfix_11of24.log,log,65,launcher logs of the original experiment shards
analysis/run_hrfix_12of24.log,log,65,launcher logs of the original experiment shards
analysis/run_hrfix_13of24.log,log,65,launcher logs of the original experiment shards
analysis/run_hrfix_14of24.log,log,65,launcher logs of the original experiment shards
analysis/run_hrfix_15of24.log,log,65,launcher logs of the original experiment shards
analysis/run_hrfix_16of24.log,log,65,launcher logs of the original experiment shards
analysis/run_hrfix_17of24.log,log,65,launcher logs of the original experiment shards
analysis/run_hrfix_18of24.log,log,65,launcher logs of the original experiment shards
analysis/run_hrfix_19of24.log,log,65,launcher logs of the original experiment shards
analysis/run_hrfix_1of24.log,log,64,launcher logs of the original experiment shards
analysis/run_hrfix_20of24.log,log,65,launcher logs of the original experiment shards
analysis/run_hrfix_21of24.log,log,65,launcher logs of the original experiment shards
analysis/run_hrfix_22of24.log,log,65,launcher logs of the original experiment shards
analysis/run_hrfix_23of24.log,log,65,launcher logs of the original experiment shards
analysis/run_hrfix_2of24.log,log,64,launcher logs of the original experiment shards
analysis/run_hrfix_3of24.log,log,64,launcher logs of the original experiment shards
analysis/run_hrfix_4of24.log,log,64,launcher logs of the original experiment shards
analysis/run_hrfix_5of24.log,log,64,launcher logs of the original experiment shards
analysis/run_hrfix_6of24.log,log,64,launcher logs of the original experiment shards
analysis/run_hrfix_7of24.log,log,64,launcher logs of the original experiment shards
analysis/run_hrfix_8of24.log,log,64,launcher logs of the original experiment shards
analysis/run_hrfix_9of24.log,log,64,launcher logs of the original experiment shards
analysis/run_iea16_0of1.log,log,63,launcher logs of the original experiment shards
analysis/run_iea16p.log,log,63,launcher logs of the original experiment shards
analysis/run_iea36_0of1.log,log,64,launcher logs of the original experiment shards
analysis/run_iea36p.log,log,64,launcher logs of the original experiment shards
analysis/run_omega90_0of1.log,log,66,launcher logs of the original experiment shards
analysis/run_psobv_0of2.log,log,63,launcher logs of the original experiment shards
analysis/run_psobv_1of2.log,log,63,launcher logs of the original experiment shards
analysis/run_psoc_0of1.log,log,61,launcher logs of the original experiment shards
analysis/run_psosplit.log,log,68,launcher logs of the original experiment shards
analysis/run_rsdisc_0of1.log,log,66,launcher logs of the original experiment shards
analysis/run_rsvns_0of1.log,log,63,launcher logs of the original experiment shards
analysis/run_slsqp_0of1.log,log,64,launcher logs of the original experiment shards
analysis/ssa_reference.py,driver,4900,SSA with radial projection (boundary-rule check)
analysis/ssa_reference_runs.csv,runs-earlier,196722,SSA radial-projection runs (read by mpce_results.py)
analysis/validate_evaluator.py,check,663,evaluator vs 720 archived objectives
analysis/wflop_model.py,model,6162,"Kusiak-Song benchmark evaluator (Jensen wake, Weibull rose), cubic curve, Gaussian wake"
figures_final/fig_half_cone.pdf,figure,13861,model schematic (make_model_figures.py)
figures_final/fig_wake_model.pdf,figure,9694,model schematic (make_model_figures.py)
figures_final/fig_wind_farm.pdf,figure,16830,model schematic (make_model_figures.py)
figures_final/graphical_abstract.pdf,figure,33850,graphical abstract (make_graphical_abstract.py)
figures_final/graphical_abstract.png,figure,450880,graphical abstract (make_graphical_abstract.py)
figures_final/graphical_abstract.tif,figure,226064,graphical abstract (make_graphical_abstract.py)
figures_mpce/ablation_convergence.pdf,figure,39552,"generated figures (mpce_results.py, mpce_inference_extra.py, mpce_csweep.py, mpce_diagnostics.py, make_theory_figures.py)"
figures_mpce/ablation_convergence.png,figure,156282,PNG previews of the generated figures
figures_mpce/avg_ranks.pdf,figure,9732,"generated figures (mpce_results.py, mpce_inference_extra.py, mpce_csweep.py, mpce_diagnostics.py, make_theory_figures.py)"
figures_mpce/avg_ranks.png,figure,29142,PNG previews of the generated figures
figures_mpce/boxplots_max.pdf,figure,24227,"generated figures (mpce_results.py, mpce_inference_extra.py, mpce_csweep.py, mpce_diagnostics.py, make_theory_figures.py)"
figures_mpce/boxplots_max.png,figure,126558,PNG previews of the generated figures
figures_mpce/boxplots_mid.pdf,figure,27488,"generated figures (mpce_results.py, mpce_inference_extra.py, mpce_csweep.py, mpce_diagnostics.py, make_theory_figures.py)"
figures_mpce/boxplots_mid.png,figure,122191,PNG previews of the generated figures
figures_mpce/budget_scaling.pdf,figure,36425,"generated figures (mpce_results.py, mpce_inference_extra.py, mpce_csweep.py, mpce_diagnostics.py, make_theory_figures.py)"
figures_mpce/budget_scaling.png,figure,157875,PNG previews of the generated figures
figures_mpce/convergence_max.pdf,figure,99581,"generated figures (mpce_results.py, mpce_inference_extra.py, mpce_csweep.py, mpce_diagnostics.py, make_theory_figures.py)"
figures_mpce/convergence_max.png,figure,217138,PNG previews of the generated figures
figures_mpce/convergence_mid.pdf,figure,143925,"generated figures (mpce_results.py, mpce_inference_extra.py, mpce_csweep.py, mpce_diagnostics.py, make_theory_figures.py)"
figures_mpce/convergence_mid.png,figure,272679,PNG previews of the generated figures
figures_mpce/csweep.pdf,figure,18542,"generated figures (mpce_results.py, mpce_inference_extra.py, mpce_csweep.py, mpce_diagnostics.py, make_theory_figures.py)"
figures_mpce/csweep.png,figure,74936,PNG previews of the generated figures
figures_mpce/diag_pso_dynamics.pdf,figure,47082,"generated figures (mpce_results.py, mpce_inference_extra.py, mpce_csweep.py, mpce_diagnostics.py, make_theory_figures.py)"
figures_mpce/diag_pso_dynamics.png,figure,97189,PNG previews of the generated figures
figures_mpce/equiv_curve.pdf,figure,21423,"generated figures (mpce_results.py, mpce_inference_extra.py, mpce_csweep.py, mpce_diagnostics.py, make_theory_figures.py)"
figures_mpce/feasibility_vs_n.pdf,figure,29108,"generated figures (mpce_results.py, mpce_inference_extra.py, mpce_csweep.py, mpce_diagnostics.py, make_theory_figures.py)"
figures_mpce/feasibility_vs_n.png,figure,102172,PNG previews of the generated figures
figures_mpce/hr16.pdf,figure,24076,"generated figures (mpce_results.py, mpce_inference_extra.py, mpce_csweep.py, mpce_diagnostics.py, make_theory_figures.py)"
figures_mpce/hr16.png,figure,95400,PNG previews of the generated figures
figures_mpce/iea37_convergence.pdf,figure,23423,"generated figures (mpce_results.py, mpce_inference_extra.py, mpce_csweep.py, mpce_diagnostics.py, make_theory_figures.py)"
figures_mpce/iea37_convergence.png,figure,138513,PNG previews of the generated figures
figures_mpce/iea37_layouts.pdf,figure,18856,"generated figures (mpce_results.py, mpce_inference_extra.py, mpce_csweep.py, mpce_diagnostics.py, make_theory_figures.py)"
figures_mpce/iea37_layouts.png,figure,84337,PNG previews of the generated figures
figures_mpce/layouts_iea37_hr16.pdf,figure,23182,"generated figures (mpce_results.py, mpce_inference_extra.py, mpce_csweep.py, mpce_diagnostics.py, make_theory_figures.py)"
figures_mpce/layouts_iea37_hr16.png,figure,88302,PNG previews of the generated figures
figures_mpce/layouts_max.pdf,figure,28161,"generated figures (mpce_results.py, mpce_inference_extra.py, mpce_csweep.py, mpce_diagnostics.py, make_theory_figures.py)"
figures_mpce/layouts_max.png,figure,162209,PNG previews of the generated figures
figures_mpce/theory_stability.pdf,figure,34955,"generated figures (mpce_results.py, mpce_inference_extra.py, mpce_csweep.py, mpce_diagnostics.py, make_theory_figures.py)"
figures_mpce/wakeloss_vs_n.pdf,figure,35775,"generated figures (mpce_results.py, mpce_inference_extra.py, mpce_csweep.py, mpce_diagnostics.py, make_theory_figures.py)"
figures_mpce/wakeloss_vs_n.png,figure,126287,PNG previews of the generated figures
selected_30_run_data.csv,runs-archived,249641,"720 archived runs of the original code (evaluator validation, calibration, boundary-rule check)"
