Experiment,Algorithm,Budget,Calls,Turbines,Seed,AEP,IdealAEP,Feasible,MinSpacing,Seconds,Coordinates
hr16,LXSSA,6030,6030,16,1,137.49220055314947,149.2632720953485,True,321.5993991613187,5.934013341000082,749.83 232.75;608.78 -826.75;936.74 -785.66;-331.68 819.74;-838.22 543.52;681.01 -124.65;-490.93 514.59;-79.66 -714.41;745.39 656.47;16.78 622.20;-161.81 353.96;-153.71 -5.37;-670.13 833.32;-401.26 -713.48;-732.64 -828.91;299.50 140.56
hr16,LXSSA,6030,6030,16,2,137.2188977773976,149.2632720953485,True,340.8137654455872,6.1363337170000705,494.57 157.82;-469.80 -834.68;812.49 -263.70;-86.69 543.31;-37.52 -361.24;626.34 813.14;-84.55 93.44;321.44 -662.59;184.54 321.69;-696.26 -504.81;915.75 -736.64;-362.47 813.21;-520.35 23.77;243.87 701.79;-348.38 -500.95;-696.92 404.14
hr16,LXSSA,6030,6030,16,3,135.37783361945426,149.2632720953485,True,333.7571553546113,5.983487723000053,371.79 200.34;-511.61 321.51;-20.55 155.84;208.57 -751.71;124.12 819.60;-353.28 -466.07;748.51 273.12;155.58 464.13;-754.33 -158.50;190.53 -102.69;-350.69 -8.23;614.13 -216.87;-201.01 601.09;881.31 -449.80;540.65 559.62;-734.69 -655.85
hr16,LXSSA,6030,6030,16,4,135.78333481029497,149.2632720953485,True,320.75657381951777,5.894052162000207,-364.79 90.55;567.11 -747.22;265.30 -280.46;626.04 -422.92;-537.87 751.54;-170.94 -194.28;34.31 -529.32;284.31 428.75;89.32 149.22;-214.45 539.54;-796.14 -183.85;-872.46 289.36;645.31 755.55;493.55 80.15;238.94 -776.32;-311.98 -504.51
hr16,LXSSA,6030,6030,16,5,136.36972109448536,149.2632720953485,False,317.10834048870174,6.010842087000128,-734.96 586.63;341.11 609.16;679.56 527.22;643.01 171.00;-233.50 -175.85;-233.78 -514.18;705.94 -748.17;-214.08 833.19;-534.58 834.67;368.75 -47.43;-99.36 -819.95;-672.36 273.25;-373.98 125.93;-783.40 -25.48;740.47 838.43;-682.52 -502.99
hr16,LXSSA,6030,6030,16,6,136.15173766190634,149.2632720953485,True,322.21083263868053,6.461643957999968,749.03 746.32;-74.23 427.89;-539.22 22.04;541.82 63.82;-38.65 -218.27;-157.08 98.77;383.21 -462.42;-186.69 -538.07;-531.77 -672.45;-648.32 831.57;-676.54 -284.62;671.67 -628.89;272.02 -771.89;-338.59 730.33;666.28 -270.73;-49.54 -829.63
hr16,LXSSA,6030,6030,16,7,135.62455997263712,149.2632720953485,True,320.1883917265142,6.29865077400018,-27.92 -426.01;416.37 298.92;-796.33 -66.05;450.11 626.42;-905.90 678.54;-871.48 249.47;109.63 626.41;309.68 -630.75;253.87 -266.65;658.14 -693.23;-498.75 72.62;-602.66 459.55;84.84 302.76;469.02 -16.91;-748.96 -629.99;49.67 -833.08
hr16,LXSSA,6030,6030,16,8,136.98486301960955,149.2632720953485,True,324.7371089107688,6.334803676999854,-785.59 -374.74;119.71 491.29;42.53 -715.45;640.16 -638.00;572.06 211.23;177.28 821.85;765.31 574.84;-905.93 831.67;-759.11 -15.54;-317.13 -478.96;832.89 -165.93;-262.58 -147.54;-177.43 194.59;101.41 -245.88;-300.82 713.85;480.58 -100.36
hr16,LXSSA,6030,6030,16,9,135.97441870410128,149.2632720953485,False,318.72446995183367,6.261810740999863,-768.02 -579.72;318.62 -517.02;-862.31 410.35;-393.08 -754.82;-601.88 96.04;-696.00 717.75;670.74 -835.31;268.95 467.27;693.58 639.35;619.22 328.78;52.25 -726.59;829.44 85.48;680.53 -197.13;666.19 -516.62;-282.67 79.29;-250.71 509.82
hr16,LXSSA,6030,6030,16,10,136.3707665637433,149.2632720953485,True,320.4699006636945,6.093761215000086,-335.17 373.84;671.64 331.78;-580.30 -395.11;-117.63 686.00;36.72 -517.70;-767.43 718.47;390.00 786.06;606.20 -225.61;341.95 -406.92;-635.81 -25.29;258.05 -90.12;149.52 -823.90;140.03 310.57;736.05 689.20;-189.65 -262.22;608.09 -762.84
hr16,LXSSA,6030,6030,16,11,135.75500478734438,149.2632720953485,True,320.28849982795,6.114568687000428,732.22 638.54;115.76 13.34;-38.42 617.48;772.47 -57.36;845.07 -457.61;280.20 539.93;-781.10 94.18;-450.17 -335.17;-640.88 388.09;-368.58 32.97;-734.73 -587.27;-368.05 642.13;-92.93 256.30;479.09 -194.65;-166.73 -642.41;457.74 832.85
hr16,LXSSA,6030,6030,16,12,136.64489720931172,149.2632720953485,True,326.6225275424414,6.031513442999767,-899.10 827.47;797.42 75.14;752.44 519.40;121.47 -651.96;356.04 -204.03;524.42 -723.56;128.86 371.44;381.32 121.62;-294.01 -786.23;-462.60 145.42;-40.90 47.66;-791.40 -76.20;-794.07 262.71;-560.49 676.12;-101.97 -333.60;874.41 -322.51
hr16,LXSSA,6030,6030,16,13,138.16411945682987,149.2632720953485,True,322.19050800984826,5.848837387000003,511.35 -214.21;594.18 -811.22;515.13 789.93;-735.88 -804.35;-767.80 822.32;126.42 543.62;860.90 -184.50;-77.43 -98.25;786.84 272.51;-54.45 -708.74;-451.74 -433.54;-695.72 -190.18;314.37 80.20;-764.59 474.96;-627.17 183.55;-249.17 368.40
hr16,LXSSA,6030,6030,16,14,136.9810108188446,149.2632720953485,True,321.5802612364214,5.9965194330002305,-708.87 -583.66;-334.01 -247.26;722.84 -170.76;196.70 158.40;375.39 -201.34;-178.17 -645.86;893.20 -624.46;577.47 -834.80;158.46 -617.80;-400.98 185.06;72.96 494.11;-713.74 691.80;-713.41 -190.25;90.19 815.22;491.09 -507.63;420.32 785.58
hr16,LXSSA,6030,6030,16,15,135.52343808359987,149.2632720953485,True,322.88201146978093,5.938987338000061,-80.42 -760.02;513.50 -320.21;-635.63 187.72;-330.02 821.33;532.90 132.53;-409.07 439.44;-934.90 834.79;-656.91 646.39;36.00 788.21;-101.41 -5.52;-646.08 -521.54;265.89 -95.53;830.52 -12.97;343.69 -600.28;-410.61 -116.54;-884.12 394.07
hr16,LXSSA,6030,6030,16,16,134.6981806704949,149.2632720953485,True,323.33363952145686,5.99912894299996,520.82 830.81;-433.12 -134.22;-231.46 524.81;405.58 388.29;11.65 -200.13;-577.61 459.01;611.47 -413.70;186.36 706.27;281.81 -377.78;-458.12 -475.67;-183.26 86.73;439.87 -710.34;793.39 323.61;234.31 89.70;-760.49 -653.77;529.38 -45.16
hr16,LXSSA,6030,6030,16,17,137.13763724797494,149.2632720953485,True,320.07439368989077,5.983076983000046,339.39 340.66;666.86 -311.44;910.23 -587.24;-322.87 -298.75;-150.06 237.53;-877.26 682.45;-675.36 -475.25;670.03 602.21;600.89 -669.44;-109.47 -773.53;-597.07 112.61;78.18 -441.21;-480.19 790.14;319.16 -827.45;416.29 832.71;243.88 32.68
hr16,LXSSA,6030,6030,16,18,136.41567886039846,149.2632720953485,True,324.1128663312527,6.049454919999789,658.03 445.72;883.38 -394.82;238.84 -502.60;353.57 307.95;-305.63 -619.28;47.79 168.13;-820.87 711.17;-45.39 497.92;437.98 -767.31;-692.28 -505.00;198.02 805.70;-364.89 354.84;53.10 -792.26;-353.51 -67.14;-452.51 710.73;-135.38 809.29
hr16,LXSSA,6030,6030,16,19,137.10148598612525,149.2632720953485,True,325.81382697359334,5.934733586999755,-681.42 106.21;-543.76 821.59;414.06 -624.91;243.46 434.37;-273.27 -795.32;-832.95 430.95;-743.98 -243.47;245.66 -28.04;-345.03 499.08;-75.00 -510.70;564.19 -211.41;-711.53 -790.14;677.02 150.77;-533.76 -492.40;-234.00 -174.93;481.54 782.39
hr16,LXSSA,6030,6030,16,20,134.82345866720803,149.2632720953485,True,320.85589945148735,6.067402062999918,431.45 287.93;-127.20 -142.69;-321.96 113.78;739.91 199.61;-126.08 834.56;-317.32 -430.24;-766.17 -370.61;632.47 -409.53;541.28 -87.11;-253.16 427.38;-531.36 598.24;-429.13 -731.59;485.08 673.47;96.05 448.31;380.07 -775.34;50.77 -411.84
hr16,LXSSA,6030,6030,16,21,137.48424793586543,149.2632720953485,True,345.4410009458909,5.64550182999983,-853.06 423.08;191.06 -287.73;-30.86 244.11;-492.74 -786.55;717.86 336.61;536.53 -744.44;-422.16 -53.75;-810.16 -28.08;342.73 170.95;-144.28 -762.86;-805.64 816.66;-549.22 -445.75;737.71 -463.14;-490.45 586.75;431.53 541.62;-92.22 748.12
hr16,LXSSA,6030,6030,16,22,136.9598189079819,149.2632720953485,True,321.17728477050144,5.9868832370002565,-870.59 257.00;-765.32 -614.50;772.17 -496.13;803.05 -172.43;884.56 -797.48;429.84 464.78;-261.70 -390.92;253.54 194.98;-575.93 -324.47;134.71 669.07;-439.54 -662.09;194.11 -591.72;659.85 698.79;386.34 -305.51;-684.52 818.31;-786.01 -68.86
hr16,LXSSA,6030,6030,16,23,137.8231673841896,149.2632720953485,True,324.87802938898704,6.0295937779997075,-892.42 508.38;-770.50 -236.66;81.57 -833.43;745.00 363.86;-740.24 -801.24;-370.81 617.78;314.96 284.66;661.59 736.66;-741.89 196.50;333.20 794.57;-72.30 820.17;-401.48 -168.52;518.00 -824.50;-275.66 -740.81;-577.58 -520.02;5.86 13.98
hr16,LXSSA,6030,6030,16,24,135.58731724549696,149.2632720953485,True,320.2037920609178,5.859960353000133,620.28 -753.67;297.33 -608.74;286.38 432.22;732.59 -41.55;675.36 679.53;786.90 -357.12;-497.43 414.96;-616.90 -255.89;-247.62 -360.16;425.16 -287.68;-256.50 715.47;572.78 284.36;-194.08 238.26;152.35 799.74;232.33 63.66;-850.98 322.09
hr16,LXSSA,6030,6030,16,25,136.44421931331237,149.2632720953485,True,330.1336919760713,5.980065473000195,284.21 -98.07;-253.88 -578.99;82.88 -584.08;-830.19 92.93;59.75 407.40;-125.08 734.79;591.35 -305.03;-357.92 385.74;758.71 93.35;-501.38 63.45;626.16 -823.63;-808.97 831.56;-114.87 -0.89;-346.03 -256.34;419.93 834.60;852.84 -562.71
hr16,LXSSA,6030,6030,16,26,136.95584200075342,149.2632720953485,True,320.9225727751274,5.7441648229996645,-230.18 566.74;802.39 108.52;-467.35 -554.35;-260.94 -30.56;-549.16 179.58;860.72 -769.76;-556.64 683.70;653.70 392.92;496.59 -730.57;311.09 736.33;167.54 -734.78;-12.51 823.82;718.21 -209.06;221.53 -388.35;298.37 312.28;-286.82 -833.86
hr16,LXSSA,6030,6030,16,27,137.5444472926383,149.2632720953485,True,322.42770625176934,5.855743867000001,512.37 483.14;-748.42 -417.43;348.08 -729.00;-228.74 -794.56;-408.27 -161.37;742.05 767.86;12.72 -546.00;-375.02 560.12;339.20 -354.40;-563.64 -789.86;689.82 20.53;-882.18 669.85;837.39 -414.94;-318.78 192.37;275.75 821.89;-57.89 501.91
hr16,LXSSA,6030,6030,16,28,136.3993986892487,149.2632720953485,True,328.1455096329722,6.086371056000189,-333.09 185.29;277.37 834.83;137.98 537.76;669.75 -424.36;-797.00 833.65;-151.83 -618.28;533.67 526.59;-521.84 640.01;-609.26 -14.20;-624.84 -719.87;730.95 29.00;-758.15 -347.34;55.29 219.45;-861.11 270.53;-415.97 -378.36;-175.65 736.46
hr16,LXSSA,6030,6030,16,29,135.71239754217365,149.2632720953485,True,320.09262362673593,5.947222827000132,-594.47 -118.41;-693.19 547.25;633.05 -755.54;-873.78 274.67;-109.47 -440.39;-231.15 150.37;247.84 -432.35;-116.92 -826.94;-765.52 -612.55;-432.19 -447.97;-94.84 815.49;221.20 435.85;206.20 -805.86;-208.13 479.47;-448.93 754.13;734.34 -411.96
hr16,LXSSA,6030,6030,16,30,135.74924320936606,149.2632720953485,True,330.1505397447452,6.088791348000086,797.27 166.72;-585.44 -824.46;4.26 556.98;776.67 -286.49;86.72 -174.01;2.53 -683.15;-10.36 198.72;335.29 646.94;-769.21 -415.53;-565.22 311.51;-829.41 -13.04;-312.97 -69.86;405.72 -316.89;-354.55 -514.89;319.79 199.21;-411.80 817.73
hr16,SSA,6030,6030,16,1,137.43437698199773,149.2632720953485,True,329.15359958293254,6.050093842000024,536.17 527.15;927.04 -793.57;464.12 -80.94;-90.93 344.59;-885.45 378.08;757.43 -421.82;-487.19 164.50;378.15 -521.14;806.14 17.48;339.87 826.25;235.56 386.33;-558.64 496.00;-612.65 828.56;-566.14 -735.87;-177.03 -175.64;-103.23 -543.83
hr16,SSA,6030,6030,16,2,135.15206850987815,149.2632720953485,True,321.53033791647437,6.046041622999837,-390.20 -834.10;-606.30 395.67;762.65 545.45;403.58 195.42;-83.62 -737.20;-404.03 695.74;453.13 -134.76;378.70 519.47;-271.03 -329.31;476.11 831.27;-99.22 439.55;-666.36 46.98;-300.33 169.13;144.08 -18.69;-744.10 -783.31;774.22 -106.37
hr16,SSA,6030,6030,16,3,136.50479329080764,149.2632720953485,True,320.73021226774785,5.648627243000192,726.72 444.73;-778.70 -505.19;800.34 -191.89;-35.51 -318.89;-116.53 544.75;-456.33 -590.80;311.11 -375.31;554.53 -823.39;44.84 826.22;192.38 -688.90;-435.79 575.41;354.85 555.34;-880.93 461.82;485.10 -56.97;-393.86 -75.13;-376.25 254.02
hr16,SSA,6030,6030,16,4,135.97651609907953,149.2632720953485,True,324.8026634822538,5.929276884000046,-427.45 -290.99;690.35 -639.72;696.95 128.23;-764.08 -182.79;-466.41 401.21;875.45 -297.65;-10.93 -667.04;429.65 349.78;19.52 -127.86;518.14 -238.37;79.83 576.11;-755.12 -584.90;742.31 792.47;-129.22 308.74;294.33 -778.01;367.42 818.87
hr16,SSA,6030,6030,16,5,136.91185031856983,149.2632720953485,True,324.3437639926735,6.0934597189998385,-922.27 674.90;719.20 485.08;401.91 181.74;802.97 169.53;-491.86 -418.40;-182.10 -272.73;262.94 -720.21;-378.05 643.55;-232.27 250.04;576.94 -801.46;220.44 -259.61;720.90 824.73;-558.76 94.03;-736.21 -776.84;43.08 58.28;-825.01 -128.79
hr16,SSA,6030,6030,16,6,135.919969515235,149.2632720953485,True,320.2896735153196,6.017625836999741,61.83 -834.83;-854.12 371.32;608.78 832.83;215.85 -535.04;496.19 -373.82;-85.34 -317.75;-310.33 495.16;-541.17 -544.30;-577.11 716.25;558.85 145.45;391.03 597.95;-837.82 48.13;803.54 -484.23;28.76 568.12;-233.88 -660.21;169.09 189.87
hr16,SSA,6030,6030,16,7,134.58658808124568,149.2632720953485,True,324.38018891992544,5.823754973999712,-5.13 409.69;-642.25 -521.44;-37.24 -161.59;430.01 318.69;-760.85 5.52;-594.56 372.60;-390.26 -219.20;-40.82 -499.14;591.77 -84.00;268.92 -384.18;229.64 36.98;-330.69 592.57;772.43 556.57;609.87 -573.97;241.06 -810.47;864.63 -259.42
hr16,SSA,6030,6030,16,8,135.24693144845773,149.2632720953485,True,322.0333955375984,6.137798032999854,-371.84 -480.31;581.12 -684.97;232.01 -679.88;-163.11 -758.29;298.00 -335.93;-785.48 -409.46;473.83 551.37;-209.27 531.88;638.55 -363.67;-737.79 708.02;-358.41 113.52;140.78 -20.60;3.83 270.86;-75.17 -273.77;-788.86 156.53;751.92 -37.11
hr16,SSA,6030,6030,16,9,138.69644654656196,149.2632720953485,True,327.2493252265551,5.950791038000261,-774.26 282.94;-319.80 -133.36;-629.63 -378.83;-267.34 -772.50;-741.02 -63.60;-915.24 653.55;634.72 -695.48;296.69 -321.90;811.28 124.68;395.80 586.96;-380.34 820.36;752.15 446.54;718.04 814.56;839.09 -353.07;-7.35 354.82;17.69 738.74
hr16,SSA,6030,6030,16,10,137.46701531129042,149.2632720953485,True,326.68116581446714,6.1343236259999685,-273.76 17.46;249.21 332.68;-892.89 776.55;-135.29 832.12;-567.93 -729.88;-218.68 354.55;272.51 809.50;653.65 -407.64;327.56 -11.89;-303.69 -463.96;66.32 -605.80;622.24 129.12;433.54 -772.41;719.39 742.85;-701.44 287.09;-670.22 -325.39
hr16,SSA,6030,6030,16,11,136.24902049532363,149.2632720953485,True,321.7135355761605,6.114438267999958,66.00 246.12;580.50 790.17;101.92 -664.06;-588.24 431.74;576.51 -245.28;-249.11 -739.08;-348.37 823.02;-364.66 -425.05;892.20 -436.81;-585.43 -728.35;-280.32 216.90;-362.09 -102.17;347.88 67.90;-152.56 567.76;-707.27 -3.02;733.02 413.82
hr16,SSA,6030,6030,16,12,137.10624533347254,149.2632720953485,True,324.9147118668063,5.870288995999999,70.40 -834.83;-619.45 133.34;359.69 -625.84;448.43 -279.50;748.18 28.84;741.62 -765.63;686.89 683.23;-357.51 354.51;-572.69 828.78;-474.58 -239.20;172.52 799.03;-851.02 463.94;143.44 -167.45;-191.25 678.76;-323.83 -680.91;307.60 167.31
hr16,SSA,6030,6030,16,13,137.7196607622678,149.2632720953485,True,336.9196397800005,6.091522441000052,578.68 827.26;-339.98 -572.74;849.99 -765.69;761.59 -407.46;411.45 271.45;20.55 212.89;-720.18 589.28;431.08 -530.67;743.47 334.64;132.19 -813.49;-789.32 -95.33;-511.34 98.65;-815.60 243.38;-227.97 499.72;239.16 -249.50;-701.60 -744.72
hr16,SSA,6030,6030,16,14,136.58706469213544,149.2632720953485,True,330.7477917518009,5.935708542000157,809.33 -70.17;-76.89 257.15;887.63 -708.30;-528.96 -437.18;237.08 520.22;-665.91 506.86;576.01 641.80;147.29 -142.61;-390.74 26.12;266.03 -471.63;-217.05 560.16;-193.08 -834.83;407.26 -770.70;-218.32 -319.96;-757.30 149.50;416.80 144.04
hr16,SSA,6030,6030,16,15,137.22653106452717,149.2632720953485,True,323.29321165175895,5.914234923000095,-260.52 -822.01;683.04 -513.80;-494.56 -66.01;-223.56 804.46;446.15 296.48;-397.46 314.00;-674.72 808.41;-872.73 552.85;398.13 770.12;-31.93 38.25;-704.85 -422.83;432.51 -104.11;801.42 208.00;327.26 -569.08;-294.19 -473.17;-823.45 179.91
hr16,SSA,6030,6030,16,16,135.54907486514085,149.2632720953485,True,320.6204063441092,6.018589293000332,506.85 -782.67;295.48 -525.35;-386.82 -335.44;-44.06 -331.44;723.78 623.94;605.39 -443.17;341.92 193.94;349.77 -197.35;-721.29 -584.75;867.19 -220.04;-533.28 776.73;-405.48 432.65;624.58 -2.72;-175.50 -821.14;-375.12 82.41;71.12 368.43
hr16,SSA,6030,6030,16,17,135.7497735650351,149.2632720953485,True,324.26816556842476,6.208260097999755,219.81 -820.25;433.56 -351.00;615.04 -714.46;802.33 312.45;14.05 -483.75;-149.60 310.33;517.54 157.39;210.80 302.48;-561.72 757.06;46.19 -150.41;378.91 594.68;-833.93 108.07;94.58 799.99;829.54 -240.34;-292.77 -240.68;-281.88 -656.77
hr16,SSA,6030,6030,16,18,138.5174565198779,149.2632720953485,True,322.61026098858116,5.780216593000205,-755.52 502.87;204.27 750.50;-719.93 -323.02;-523.71 799.75;862.49 -567.86;715.59 189.73;659.79 512.37;-70.97 -746.32;522.32 804.58;815.29 -167.39;-385.66 -832.33;-128.65 156.85;279.62 -105.26;225.02 334.63;-113.86 -411.26;-933.80 826.60
hr16,SSA,6030,6030,16,19,137.98961633323057,149.2632720953485,True,332.14781261370825,6.109841093999876,-612.69 -751.43;34.40 101.77;-693.34 407.98;722.33 456.08;-380.59 110.17;416.67 753.70;122.86 -824.41;-778.78 -249.21;305.49 -430.57;-898.38 751.69;899.12 -720.78;717.34 12.82;346.67 216.77;520.36 -744.56;-206.98 -636.49;-498.44 -439.55
hr16,SSA,6030,6030,16,20,136.7296645203221,149.2632720953485,True,320.918099131701,6.090470152999842,-648.25 507.92;381.77 -32.56;-202.51 566.23;-819.22 -58.03;415.21 802.35;312.48 -459.94;739.28 805.40;864.22 -190.28;879.42 -624.55;-408.67 817.47;635.56 -415.94;-245.27 -710.25;-578.62 -305.43;-54.03 -80.32;102.81 705.32;462.17 459.16
hr16,SSA,6030,6030,16,21,137.06011431087668,149.2632720953485,True,337.478034544078,6.0535310350001055,-420.35 -198.08;-229.14 -476.73;671.70 289.32;-765.90 -327.18;-28.30 -774.07;790.84 -474.77;8.23 -19.70;-714.16 804.01;417.68 693.11;364.21 150.27;294.07 -217.21;-448.31 158.69;735.65 -141.70;-514.23 518.85;3.44 781.14;-854.00 360.76
hr16,SSA,6030,6030,16,22,136.82781520909145,149.2632720953485,True,321.0241273060758,6.011687957000049,-53.05 -321.76;660.89 447.75;556.33 -688.07;-623.38 -326.53;-433.95 -676.94;745.73 760.66;336.72 422.09;-709.52 511.48;-25.21 197.24;174.20 -93.13;-760.86 -621.79;-83.44 639.30;-398.98 430.10;-102.61 -732.75;-795.44 822.43;-675.34 71.64
hr16,SSA,6030,6030,16,23,137.27852655710188,149.2632720953485,True,323.50293971014906,5.978386130999752,-533.96 -753.30;752.21 435.89;-802.68 831.94;-9.98 -769.46;-586.03 502.23;-476.65 806.68;-58.83 -437.39;-271.15 347.83;884.14 -352.94;42.87 198.76;-878.71 354.68;705.40 -24.42;-475.70 -335.33;-835.36 -36.12;-114.91 748.74;578.63 -563.13
hr16,SSA,6030,6030,16,24,136.12298081799324,149.2632720953485,True,327.00365772228423,6.111638041999868,308.13 300.04;-340.85 -216.04;78.73 768.35;496.92 -705.21;764.81 186.88;-138.29 -516.52;-364.77 732.08;-611.89 216.88;-738.08 -402.74;587.46 -363.83;899.10 -474.03;350.54 -130.36;35.26 -217.14;625.84 486.72;-257.05 343.43;-699.15 672.23
hr16,SSA,6030,6030,16,25,136.91396834156845,149.2632720953485,True,324.878116149391,5.893261373000314,590.69 817.57;-856.32 235.34;-442.34 -788.63;-156.00 227.95;-909.14 555.89;430.43 -490.22;287.91 97.73;-625.59 -12.41;122.89 776.45;-249.70 628.27;707.91 483.25;-735.90 833.15;-98.81 -820.72;126.05 -350.89;740.49 -262.92;359.86 548.42
hr16,SSA,6030,6030,16,26,136.51610521772682,149.2632720953485,True,322.9763325383114,5.872198647999994,87.60 425.62;517.13 502.03;133.01 -366.78;453.04 163.71;-662.87 395.20;523.22 -231.25;-707.47 -339.61;-272.64 754.35;931.06 -826.83;486.84 828.11;756.69 -509.14;56.58 70.81;777.66 152.49;-91.48 -687.70;843.07 -186.43;-601.90 -664.25
hr16,SSA,6030,6030,16,27,136.36121819084968,149.2632720953485,True,328.02154015911907,6.0082213599998795,-107.94 -468.05;-747.01 -182.29;5.18 315.25;192.09 43.91;-411.95 -67.74;267.77 650.36;-526.77 832.19;-915.34 809.33;720.53 -397.90;407.57 353.62;-699.72 480.04;-102.11 822.53;497.28 -708.60;-557.13 -526.40;703.74 117.85;-329.20 507.90
hr16,SSA,6030,6030,16,28,135.07374233700693,149.2632720953485,True,322.44264240845274,6.313485672999832,372.74 -750.06;-160.73 330.52;-483.62 332.36;-710.33 -619.35;85.33 779.14;-522.84 -310.53;579.28 380.54;651.36 -526.41;-819.19 -170.71;-134.57 9.14;654.44 833.43;-222.00 -432.79;-882.63 362.59;-552.55 15.18;87.63 -291.40;192.59 112.49
hr16,SSA,6030,6030,16,29,136.67760176382575,149.2632720953485,True,333.12637090714543,6.09851521399969,-7.75 215.12;493.75 -242.76;-619.16 -40.44;144.55 -516.40;-507.23 280.16;351.68 765.60;295.50 -834.76;-108.68 532.59;-314.86 -711.24;-225.51 -264.46;341.78 387.72;667.23 131.30;910.46 -684.64;-657.94 662.36;-843.83 222.25;549.97 -618.58
hr16,SSA,6030,6030,16,30,137.66122944711097,149.2632720953485,True,327.33864758520315,5.948563240000112,874.01 -355.95;-618.88 -743.19;476.65 -148.76;-93.90 -65.96;-453.96 423.31;-300.13 769.56;835.01 16.61;-622.23 711.21;383.44 -649.56;-834.37 10.53;776.31 343.53;-257.25 -453.77;754.81 -710.80;-45.21 -827.10;181.24 797.82;62.14 379.40
hr16,PSO,6030,6030,16,1,138.02634585205297,149.2632720953485,False,311.6487844889329,5.956306229999882,835.51 -397.16;362.33 -927.30;938.70 -741.53;-295.12 834.28;-939.46 763.88;732.22 -102.45;-496.05 -307.65;-91.56 -640.21;748.90 663.48;281.13 695.69;-231.46 348.38;-188.68 -256.21;-604.59 783.79;-447.37 -748.19;-756.10 -884.04;403.93 90.25
hr16,PSO,6030,6030,16,2,138.54901971349216,149.2632720953485,False,319.65806972285606,5.753913349999948,-134.64 -521.34;-656.08 503.22;332.33 -512.26;843.37 -155.23;-694.36 -751.42;848.08 -508.93;670.70 843.81;126.61 877.33;560.13 41.52;-301.11 780.60;623.68 473.13;943.44 -830.68;-101.65 -98.69;-763.26 804.38;-308.19 -939.66;-678.03 -385.47
hr16,PSO,6030,6030,16,3,136.65075999509213,149.2632720953485,False,288.77820385312486,5.935000616999787,-67.26 103.56;-644.35 -138.39;-768.49 -442.37;23.73 -437.39;-943.44 875.53;785.56 36.48;533.74 -507.05;-639.78 623.85;-420.34 110.32;-263.16 722.81;-943.34 551.42;858.35 -941.22;-429.16 398.96;820.00 -303.22;341.36 -128.43;595.59 737.65
hr16,PSO,6030,6030,16,4,137.20074348310263,149.2632720953485,False,332.97181866956754,5.942751955999938,-262.69 295.68;76.53 -211.01;528.53 -245.65;942.15 -808.04;-545.53 852.76;469.49 141.81;221.24 -647.94;399.20 797.60;488.87 -865.40;39.26 436.01;-712.78 255.12;-942.41 840.50;720.32 616.11;876.16 9.01;902.18 -353.63;-185.83 -550.83
hr16,PSO,6030,6030,16,5,137.04059132751968,149.2632720953485,False,270.0879657354383,6.072583957999996,-679.16 651.44;673.18 296.67;-266.71 -12.39;802.69 -57.58;943.44 -822.36;-423.44 841.88;345.42 -560.39;419.09 877.00;-265.21 275.10;-97.77 -363.41;44.17 -761.18;-209.40 627.38;-917.70 524.77;-639.26 -686.51;248.22 342.12;-490.98 -370.78
hr16,PSO,6030,6030,16,6,137.72060774703084,149.2632720953485,False,308.49871191002154,5.78194791299984,261.20 850.77;-943.44 548.79;-676.02 293.37;-927.02 856.85;-492.62 -720.71;-550.93 582.74;149.43 -203.10;943.44 -690.19;742.33 -943.44;-76.78 284.19;767.79 427.97;-705.14 -343.48;645.87 -485.42;-237.68 753.23;272.51 -797.84;-319.40 -154.02
hr16,PSO,6030,6030,16,7,137.89080279693457,149.2632720953485,False,330.7347839199373,5.9884460039997975,-743.49 -469.22;22.13 383.70;-549.84 -839.88;751.29 696.61;-943.44 833.62;-864.77 82.15;-32.76 811.78;421.67 -847.63;-241.54 -388.43;8.10 -865.70;766.88 266.72;-526.64 771.60;477.45 511.14;668.15 -78.42;289.59 -87.87;772.97 -672.84
hr16,PSO,6030,6030,16,8,136.46415861319235,149.2632720953485,False,295.0610992058898,5.780450727999778,-501.13 279.48;-301.68 62.04;193.49 280.93;-697.45 702.53;678.50 914.15;-943.44 388.55;-76.66 436.01;-676.24 -756.09;206.88 -241.15;526.56 541.53;-348.91 865.62;943.44 -390.04;310.62 -628.95;-188.39 -530.34;395.74 59.25;714.59 -787.41
hr16,PSO,6030,6030,16,9,136.40786155135766,149.2632720953485,False,279.84039938926094,6.010602690999804,-909.26 388.14;281.45 -618.13;-631.53 -539.21;-175.39 -382.75;-472.45 -289.45;-648.40 752.80;822.82 -896.34;400.39 270.42;767.69 433.94;748.10 -193.65;-186.06 -56.31;622.55 -689.31;837.85 163.04;935.16 -607.02;-63.61 269.14;272.27 667.94
hr16,PSO,6030,6030,16,10,137.450603055811,149.2632720953485,False,315.84763867701474,5.811080348999894,136.09 230.40;697.93 463.78;-594.84 -452.55;185.76 713.96;-232.56 -340.51;-739.93 550.81;-427.57 503.99;882.02 -285.12;-359.96 -745.81;-729.85 -50.19;524.41 -260.18;943.44 -912.62;609.40 143.74;726.81 806.62;-36.58 -699.20;688.75 -562.49
hr16,PSO,6030,6030,16,11,137.27451083635734,149.2632720953485,False,330.1390391327625,6.112949558999844,-517.59 674.52;-170.46 943.44;-943.44 833.57;-273.59 7.44;763.75 279.84;266.41 713.47;29.96 465.05;224.65 -451.09;493.88 -769.73;-197.54 -943.44;-698.72 -787.90;-320.60 334.22;-379.73 -650.42;64.78 -130.00;612.97 -194.26;-729.82 -259.10
hr16,PSO,6030,6030,16,12,137.15072775906208,149.2632720953485,False,264.60896918858964,5.85451647500031,-208.56 90.64;539.82 818.08;-75.69 814.17;570.37 290.09;264.98 121.18;-642.43 -171.90;938.20 -598.30;579.80 11.49;300.30 -574.21;943.44 -333.74;-346.55 713.00;-486.48 253.08;-562.10 -780.40;-943.44 871.95;329.51 492.21;943.44 -943.44
hr16,PSO,6030,6030,16,13,135.72144822146004,149.2632720953485,False,277.4431034140672,5.887714185000277,-764.06 573.62;-736.57 -483.06;-114.84 51.33;212.35 -225.68;561.77 -671.64;215.46 495.01;485.12 935.52;-562.33 -247.94;-271.52 -649.64;871.47 -287.29;98.81 -727.10;-805.72 -909.92;-831.79 -181.87;-475.77 801.10;-611.13 119.33;-210.75 -292.48
hr16,PSO,6030,6030,16,14,137.32577066620524,149.2632720953485,False,305.6334256196985,5.9442717479996645,-532.64 833.98;943.44 -674.67;772.78 -374.96;351.86 712.49;366.50 -840.45;63.52 208.03;-458.84 -722.93;785.74 85.42;217.58 -527.27;-943.44 508.45;-771.89 -511.30;350.54 -185.32;757.46 495.48;-156.74 -458.19;-943.44 818.08;685.37 -838.41
hr16,PSO,6030,6030,16,15,136.75364763438688,149.2632720953485,False,339.37186903954307,5.8745697649997055,-112.40 -803.02;871.37 -294.16;-813.26 -37.08;-423.14 775.35;922.84 -834.37;307.45 465.60;-931.18 715.02;-525.82 439.00;63.12 723.50;-43.49 113.85;-718.65 -416.42;190.71 -289.06;799.57 71.53;541.88 -558.80;-478.48 18.57;-878.63 342.01
hr16,PSO,6030,6030,16,16,136.7338943606026,149.2632720953485,False,269.5800819685459,6.007639030000064,-51.64 766.27;425.36 867.37;-596.76 -319.05;-278.73 -943.44;-37.72 331.05;-880.80 152.87;-547.10 -642.20;266.78 -219.49;-320.88 -133.77;-801.15 -899.54;-943.44 842.39;764.43 -313.43;248.14 664.22;-481.02 184.87;-105.49 -683.19;850.72 118.15
hr16,PSO,6030,6030,16,17,136.68370921670675,149.2632720953485,False,311.88684311980006,6.006903204999617,156.01 682.34;943.44 -717.00;561.80 417.84;-327.89 803.60;687.51 943.44;-943.44 775.18;-523.03 -793.93;854.16 42.65;601.39 -303.92;261.14 -387.35;-846.08 468.02;-463.91 157.86;82.66 178.56;38.54 -162.10;-633.66 696.38;-186.48 -748.46
hr16,PSO,6030,6030,16,18,136.99835129864368,149.2632720953485,False,232.80003683633487,5.770178748000035,-666.00 603.44;847.08 91.75;95.76 -300.42;692.56 700.77;113.30 208.72;-325.46 -665.44;172.77 558.15;-657.60 -677.94;-915.64 121.73;-593.25 -175.68;564.84 318.62;-943.44 734.80;47.04 -14.45;925.91 -676.44;892.84 -342.01;-899.35 426.48
hr16,PSO,6030,6030,16,19,138.57585832154334,149.2632720953485,False,306.9275429136096,5.874759140000151,-162.24 102.38;-392.62 -351.74;383.17 -856.96;339.18 181.85;-745.25 -829.14;-934.70 896.97;220.23 -213.45;-480.36 737.53;-615.17 319.92;-644.79 -44.97;592.48 708.03;846.56 -212.86;805.79 200.40;77.35 -882.92;943.44 -778.92;136.87 831.46
hr16,PSO,6030,6030,16,20,137.9157611114767,149.2632720953485,False,315.3516518184854,6.010208450999926,-583.31 -755.33;752.22 164.98;231.34 -411.14;-780.18 -236.66;748.63 530.68;606.43 -543.22;-300.53 888.58;-354.74 -446.68;-39.49 -805.21;-943.44 784.94;-12.67 749.13;825.77 -883.77;127.27 -73.82;-938.21 469.63;943.44 -564.42;-484.17 588.25
hr16,PSO,6030,6030,16,21,137.44860192864545,149.2632720953485,False,317.9768002496237,5.710635346999879,-376.76 826.68;-281.08 256.81;234.20 893.79;-779.10 -415.79;560.10 -392.19;-403.92 -333.78;-943.44 505.07;676.60 643.22;693.99 300.98;836.29 -759.62;-420.31 -706.38;-711.78 -837.05;927.33 -454.95;22.80 535.75;-943.44 823.54;25.12 120.05
hr16,PSO,6030,6030,16,22,136.60534614845756,149.2632720953485,False,304.9791076097669,5.750684685000124,-943.44 943.44;301.01 35.78;492.59 -575.63;-375.88 -545.25;729.52 40.19;713.65 443.47;262.01 794.14;-167.50 373.70;-114.04 73.44;-139.65 840.75;-763.40 -663.96;588.50 -259.51;695.39 825.54;-669.14 -271.91;-850.78 507.88;-486.54 388.82
hr16,PSO,6030,6030,16,23,138.7735011805898,149.2632720953485,False,287.6178268878193,5.973204281000108,-802.79 325.73;628.75 365.44;0.93 -517.35;420.52 -706.73;-703.55 34.59;943.44 -943.44;-618.74 -272.70;943.44 -655.82;-941.26 898.67;627.93 803.09;-943.44 589.27;494.46 -28.57;60.04 -870.68;-708.80 -607.91;-30.80 791.86;-214.27 262.54
hr16,PSO,6030,6030,16,24,137.45377545035052,149.2632720953485,False,312.9403746467932,6.0018127399998775,943.44 -943.44;230.52 -728.45;431.11 523.89;577.83 -263.02;753.36 585.12;943.44 -626.28;-90.73 -763.29;-809.72 41.79;-638.90 -854.24;28.24 -339.48;-556.28 225.37;576.37 -746.91;-42.53 580.85;241.51 787.42;30.20 211.81;-943.44 790.99
hr16,PSO,6030,6030,16,25,137.05026433203994,149.2632720953485,False,326.95939682955446,5.9834853600000315,-617.29 809.84;-694.96 -830.46;716.59 -650.84;-864.36 -111.84;-556.59 -303.50;-631.18 133.96;693.29 447.99;-271.77 829.52;508.98 -70.01;118.12 -171.41;340.59 801.91;-943.44 786.82;-119.14 -537.12;250.34 -497.07;258.33 375.61;927.41 14.32
hr16,PSO,6030,6030,16,26,137.6189133547953,149.2632720953485,False,294.5293374846546,6.165295989999777,-220.26 508.29;746.30 590.72;-708.66 -783.10;-145.08 70.80;-911.18 801.07;943.44 -837.38;-449.89 816.81;729.53 884.77;545.63 -823.25;278.92 802.76;275.75 -639.08;-63.28 816.89;790.09 -130.69;280.44 -97.35;575.23 197.98;-96.78 -812.87
hr16,PSO,6030,6030,16,27,138.77525468246048,149.2632720953485,False,291.2973584657406,6.009879094000098,-412.33 194.30;-690.66 -848.09;901.34 -536.42;435.78 -35.10;849.42 -86.56;199.81 135.70;372.96 880.60;-827.46 822.37;-526.79 615.34;876.32 -866.19;51.49 -518.14;-817.03 -58.87;-842.95 -360.07;-844.96 243.23;-52.82 -943.44;-91.88 801.31
hr16,PSO,6030,6030,16,28,137.86784296318677,149.2632720953485,False,277.0281129728679,5.989295013999708,-779.87 830.58;158.28 907.93;-13.69 236.61;513.82 -943.44;-939.00 407.40;-567.37 156.86;95.37 551.59;367.24 -324.18;-732.27 -567.64;943.44 -655.77;571.36 720.85;-181.37 -809.62;-366.35 401.87;-699.41 -842.71;-846.75 69.65;826.50 -141.89
hr16,PSO,6030,6030,16,29,137.5739855455935,149.2632720953485,False,320.7996851435102,5.998261391999677,6.71 62.26;-486.24 943.44;815.57 -813.34;-418.35 -77.63;-226.06 -638.12;593.17 562.04;-441.13 -400.09;-696.96 -803.46;-830.36 -187.15;532.99 -407.77;297.63 217.16;915.22 -458.56;-943.44 812.70;-799.79 292.76;-31.94 943.44;192.71 -636.99
hr16,PSO,6030,6030,16,30,137.741539153125,149.2632720953485,False,292.91709898155943,5.959247950999725,540.09 -866.04;-481.30 -697.56;771.48 -647.93;703.61 802.37;-80.31 -614.62;-943.44 273.70;803.64 -334.19;-457.34 817.04;-197.48 -943.44;-764.70 -892.68;383.24 -536.43;-183.47 565.71;-137.48 180.39;940.42 -887.21;75.42 -52.62;-943.44 730.57
hr16,DE,6030,6030,16,1,137.51903191347012,149.2632720953485,False,231.21693029194086,6.611196421999921,-794.88 502.40;515.38 421.00;-183.27 -931.09;-306.04 757.45;-24.49 -57.18;39.07 -665.22;-938.73 830.39;-882.80 144.48;879.97 87.23;872.09 -442.15;297.68 -145.74;-98.53 859.45;529.58 102.83;530.89 -813.87;-770.92 -667.80;-545.06 40.50
hr16,DE,6030,6030,16,2,134.7020400008092,149.2632720953485,False,244.73528796552165,6.366938511999706,663.04 -537.36;-632.05 -18.09;486.33 416.51;-408.26 -774.41;-790.15 -264.78;9.65 706.28;-320.34 364.19;766.47 534.06;247.25 -446.00;-338.93 -353.69;57.46 -761.03;-125.45 -473.36;-140.36 -87.83;-895.80 738.62;479.45 -58.75;631.15 137.18
hr16,DE,6030,6030,16,3,133.9757121407778,149.2632720953485,False,223.49550016139938,6.524368026000047,-410.85 261.31;532.66 -331.41;471.56 331.58;328.97 -566.02;385.42 -90.05;-243.03 -334.19;718.39 -628.00;754.15 -301.53;193.66 624.99;105.14 -79.77;-655.66 -351.61;-34.51 119.64;-943.44 281.24;-14.03 -846.73;-643.72 463.58;-490.68 861.80
hr16,DE,6030,6030,16,4,133.40561979412223,149.2632720953485,False,254.55906499146258,6.386083087000316,371.66 395.30;433.07 722.56;826.84 -278.11;319.11 -772.37;-442.52 -227.57;-83.25 -123.96;19.58 151.40;-87.26 -585.34;-202.78 607.27;-802.22 295.85;363.50 -403.82;896.40 552.97;90.18 575.24;720.37 -46.88;297.27 100.53;-383.64 -535.59
hr16,DE,6030,6030,16,5,134.6574247400769,149.2632720953485,False,241.4991554150026,6.441972423000152,510.13 559.98;-415.98 -408.27;-130.46 897.95;-411.70 601.26;-751.56 -605.94;-121.77 133.75;156.09 309.41;263.46 865.28;-824.73 74.21;-294.04 347.44;189.52 -718.89;556.46 27.85;319.89 131.94;-927.15 345.26;-483.80 -687.33;-75.83 -526.61
hr16,DE,6030,6030,16,6,136.49068892179375,149.2632720953485,False,211.35876265730295,6.632034429000214,750.17 75.08;245.96 -437.57;606.90 410.85;-359.37 479.29;-943.44 915.93;218.58 332.33;-321.58 -868.28;-70.83 248.59;943.44 -703.44;415.85 777.91;-629.10 -359.30;251.61 541.10;-401.50 -79.57;659.49 -758.41;-629.86 209.16;-739.22 -878.68
hr16,DE,6030,6030,16,7,137.05742921918568,149.2632720953485,False,241.61507726879205,6.520967756999653,317.39 146.82;748.88 846.49;-731.28 380.83;166.85 391.87;-473.60 672.12;-577.33 -609.86;-78.66 771.81;628.74 -943.44;501.56 -305.02;943.44 -454.78;-288.55 -684.39;-794.19 -368.62;-369.62 363.59;145.38 632.53;-918.17 809.25;772.22 -85.89
hr16,DE,6030,6030,16,8,135.28145679900769,149.2632720953485,False,302.2904133717889,6.6779290329996,-754.99 169.77;-170.73 750.78;329.62 346.42;275.64 -21.09;-943.44 783.77;-772.44 -926.02;-643.71 548.33;283.52 -647.77;-262.19 460.66;-49.00 -417.54;-214.51 -45.83;448.40 -291.65;812.03 593.54;835.14 -308.05;37.19 502.49;618.78 243.01
hr16,DE,6030,6030,16,9,136.75923392294163,149.2632720953485,False,254.42241007646876,6.288312321999911,-923.87 3.54;-7.98 -690.92;-675.30 -531.05;-153.77 -475.30;-784.83 -291.53;-628.75 714.30;850.92 -870.33;375.69 137.29;750.99 314.92;90.26 381.96;-214.20 366.88;612.99 -64.78;831.22 573.12;912.04 -623.36;39.78 840.64;282.17 680.85
hr16,DE,6030,6030,16,10,135.06699216944327,149.2632720953485,False,270.1347617195723,6.606658266000068,-270.46 -897.11;-943.44 428.09;-236.59 871.77;-443.19 670.46;178.77 -308.17;384.40 -71.67;-193.96 -38.40;-661.15 -184.30;943.44 -464.07;-313.52 -494.36;38.23 576.39;-592.60 -525.16;300.42 -575.72;-535.27 924.41;122.00 243.20;-710.57 257.23
hr16,DE,6030,6030,16,11,135.31845691878056,149.2632720953485,False,223.2981435659061,6.3459106170003,-395.97 13.74;-260.44 -593.73;775.19 422.66;734.68 -755.31;-597.83 -733.50;560.56 -372.41;-82.47 -299.35;-300.09 -187.93;-693.39 -384.01;402.90 -27.01;-810.31 644.40;-339.27 568.39;552.34 -943.44;125.54 654.09;-92.13 204.68;203.97 -841.74
hr16,DE,6030,6030,16,12,136.47294662553477,149.2632720953485,False,195.67874375128577,6.468506748999971,-284.08 -105.05;737.89 -818.80;-696.52 248.45;-832.55 -497.88;-744.63 607.21;145.05 -578.60;512.51 -755.52;-807.29 792.59;805.40 -99.14;192.95 636.29;-491.68 -526.16;-76.40 283.19;-636.79 -154.79;659.18 479.92;467.34 247.66;459.92 731.19
hr16,DE,6030,6030,16,13,136.82439015197522,149.2632720953485,False,270.3684948706967,6.236723643000005,-70.23 -519.44;-257.71 -126.37;205.39 177.24;-838.51 -304.06;-332.32 196.88;-685.28 633.71;943.44 -902.55;165.97 650.15;555.37 -405.98;653.75 -869.75;-583.60 -213.96;18.27 889.00;943.44 -396.58;-690.12 -822.26;555.09 506.52;599.13 15.24
hr16,DE,6030,6030,16,14,136.46774193125583,149.2632720953485,False,272.30961603615737,6.509284244000355,-689.97 -897.61;706.66 -766.90;-436.38 130.87;-741.26 -444.11;943.44 -324.94;378.41 -451.30;370.28 802.48;48.95 116.43;-640.95 -48.87;-941.34 250.23;292.68 537.52;544.93 296.42;-256.25 723.01;38.66 -406.40;-625.71 772.61;640.06 599.51
hr16,DE,6030,6030,16,15,136.24279647302666,149.2632720953485,False,235.53250774788316,6.515094375999979,-184.86 -825.96;-226.43 -330.50;-602.15 218.42;774.70 685.85;458.01 -644.98;-786.30 -605.93;-943.44 97.81;-370.67 688.32;-943.44 872.64;-291.64 75.06;81.73 23.34;756.23 -675.64;535.83 278.41;713.81 -68.78;-495.87 -42.27;-300.38 354.86
hr16,DE,6030,6030,16,16,133.9082872199835,149.2632720953485,False,243.9301698358447,6.530397648999951,479.23 -551.41;717.25 14.15;59.54 656.20;98.38 78.44;-761.52 472.32;728.80 -334.53;200.68 -143.00;-218.51 88.73;-231.58 -943.44;-596.72 88.06;461.79 29.83;-363.46 -200.18;229.19 -819.39;-416.00 -668.87;780.93 350.90;-435.07 481.34
hr16,DE,6030,6030,16,17,135.78732411331907,149.2632720953485,False,217.72958287270342,6.389143325000077,222.69 110.92;-566.89 778.68;-943.44 683.59;-667.24 -135.53;-304.87 -58.88;831.43 -117.85;-362.24 439.44;-23.59 325.38;361.84 859.33;322.62 -686.78;218.55 -395.89;943.44 254.25;-797.93 189.98;618.93 -165.31;81.82 775.07;-160.46 -822.41
hr16,DE,6030,6030,16,18,134.76654688590824,149.2632720953485,False,260.2460191318496,6.353188437999961,428.65 254.37;718.00 -182.41;688.33 153.70;-903.15 527.88;49.87 590.51;-426.85 135.43;-360.46 -276.85;-515.70 641.05;505.74 858.53;-118.00 -577.49;528.02 -360.28;-97.15 -127.22;865.55 478.20;-546.53 -548.52;-730.03 -282.69;-165.09 425.23
hr16,DE,6030,6030,16,19,135.9311997653109,149.2632720953485,False,270.001169092824,6.468088825999985,-778.37 202.27;719.43 275.36;-943.44 867.54;-573.18 -629.38;-24.83 -236.64;186.26 -640.28;-174.68 312.97;-303.98 636.23;800.48 -197.57;-456.50 203.98;517.74 -327.09;195.18 17.77;-798.96 -452.41;-943.44 508.31;-258.65 -371.66;943.44 -824.35
hr16,DE,6030,6030,16,20,134.43822206661926,149.2632720953485,False,217.82346775025673,6.3626460020000195,128.75 333.56;632.20 561.29;-452.32 483.62;348.49 117.82;-652.02 -698.58;310.38 647.14;729.08 -6.25;-619.20 -46.16;-743.61 255.40;-14.54 524.72;-32.94 -618.06;711.16 279.56;-209.11 144.87;-217.76 933.45;-832.49 -90.38;356.33 -709.12
hr16,DE,6030,6030,16,21,134.30829667676295,149.2632720953485,False,288.0127129746558,6.423129733999758,-930.04 371.85;-224.83 274.00;-707.69 723.27;361.69 -303.54;443.02 88.40;235.99 -654.69;-716.08 172.11;-40.39 -247.64;0.96 95.19;618.16 -141.26;-734.99 -206.81;-409.66 -707.94;754.72 284.74;242.63 411.99;-282.55 799.54;-737.50 -620.39
hr16,DE,6030,6030,16,22,137.85360660339478,149.2632720953485,False,251.47762120694267,6.384415847999662,-723.19 888.33;-499.20 -100.41;27.66 115.37;-559.29 -447.19;-216.46 827.77;615.20 725.91;256.52 -587.51;-649.79 100.99;-66.84 -704.61;835.91 473.48;546.19 -204.85;-255.12 481.88;869.80 -785.07;-629.65 -858.09;-611.91 641.86;-943.44 559.33
hr16,DE,6030,6030,16,23,134.69757157381306,149.2632720953485,False,186.7785985250834,6.487701521999952,-53.61 659.97;-82.70 -337.25;801.71 467.38;-262.00 399.54;335.14 -513.77;-855.42 -118.48;449.91 -88.47;214.51 -90.22;815.30 -272.14;934.73 -563.70;-137.76 -702.18;-943.44 309.31;142.69 462.25;-44.59 846.54;-519.54 -106.38;-425.94 -436.67
hr16,DE,6030,6030,16,24,136.2939064451682,149.2632720953485,False,276.64946306955,6.448298711000007,943.44 -868.09;118.22 -887.63;309.75 232.37;866.08 -574.72;-131.37 943.44;553.95 -714.28;-306.97 244.20;-502.43 -163.93;-148.03 -587.67;204.83 -306.66;639.25 449.31;530.09 -63.47;187.93 943.44;187.66 606.59;34.70 262.10;-774.13 512.72
hr16,DE,6030,6030,16,25,135.027266329249,149.2632720953485,False,193.5991223740613,6.575418827999783,-377.52 -631.34;572.85 -660.04;277.14 232.68;532.99 -180.93;582.75 451.77;116.46 -399.07;3.70 481.26;-309.10 380.40;-831.52 -334.03;-21.59 -731.18;346.18 -777.09;390.16 672.41;-943.44 776.33;75.11 661.21;-763.42 -639.57;816.24 -462.23
hr16,DE,6030,6030,16,26,135.78425285704296,149.2632720953485,False,275.2825202785439,6.50095781500022,12.55 -943.44;-171.68 -77.14;762.83 -97.40;-515.39 812.84;103.88 108.21;-54.14 -389.53;-722.27 -729.74;457.79 -332.47;-843.14 -111.66;-239.91 723.01;792.86 -433.30;-358.23 -705.78;-297.97 453.92;-685.79 247.17;554.36 512.39;130.44 501.40
hr16,DE,6030,6030,16,27,134.73206826113037,149.2632720953485,False,239.85451068089108,6.493142117999923,-183.49 -852.58;90.32 195.38;872.72 -142.20;-202.01 210.67;756.20 549.22;208.72 839.70;635.15 116.42;-943.44 813.89;-26.63 -400.62;-110.82 -122.99;336.26 -46.63;-361.84 389.51;615.79 -573.21;-897.24 -350.95;88.14 482.17;-218.08 712.60
hr16,DE,6030,6030,16,28,133.74833498563362,149.2632720953485,False,270.2873016523195,6.33747877199994,-943.44 816.55;704.03 639.27;322.19 -57.02;174.16 169.13;-210.50 251.83;374.27 524.85;571.75 -746.33;-676.45 -267.52;-493.30 176.46;534.49 -345.42;-750.77 19.62;-289.85 -260.98;-59.92 -105.42;-619.91 -572.04;201.13 -443.53;-615.75 472.03
hr16,DE,6030,6030,16,29,135.96264517922927,149.2632720953485,False,269.4018348014813,6.37391644499985,-226.82 692.73;-630.67 105.43;753.57 -615.36;-943.44 680.61;-341.69 -498.04;-540.67 763.15;-34.64 -893.40;-936.61 341.10;524.85 -259.94;-639.44 -331.84;-18.14 -156.67;475.58 495.07;164.25 297.85;-371.90 180.35;251.99 -365.90;730.03 -943.44
hr16,DE,6030,6030,16,30,137.1348553646949,149.2632720953485,False,294.9872042654453,6.577202938000028,334.96 -259.71;853.75 226.32;848.91 671.59;4.80 -360.99;-549.84 -329.03;289.50 -591.51;584.16 809.07;918.31 -477.11;-943.44 186.13;-917.07 745.24;943.44 -183.19;-1.00 678.63;154.61 272.46;-627.32 247.62;-433.64 486.47;776.77 -813.15
hr16,VNS,6030,6030,16,1,138.66125620341737,149.2632720953485,True,339.5967058791528,5.80238928000017,775.34 184.16;360.75 -783.91;912.64 -798.19;-325.85 782.24;-901.87 508.57;812.41 -168.68;-527.39 438.00;126.40 -495.93;709.18 773.51;28.69 661.90;-198.06 355.13;-201.34 8.73;-724.90 811.11;-457.20 -805.19;-594.48 -420.88;450.79 396.60
hr16,VNS,6030,6030,16,2,138.35345958436926,149.2632720953485,True,320.1621288217185,5.842198004999773,-348.98 484.90;-926.29 766.85;55.30 -377.89;-182.53 198.18;-504.96 -558.08;-754.08 490.05;285.66 -833.83;624.90 -791.59;-710.55 -833.03;590.68 730.55;902.95 -505.45;-746.55 -218.58;-367.22 -113.68;-272.09 805.37;-342.50 -833.96;500.79 125.52
hr16,VNS,6030,6030,16,3,138.0516505625987,149.2632720953485,True,332.0696359658523,5.9325904600000285,188.61 447.74;-135.18 -834.63;-267.26 -222.90;102.51 -599.12;-908.93 677.34;-277.95 154.55;614.57 -481.37;-304.21 485.58;186.45 53.67;-539.95 -807.17;-663.48 -477.60;462.30 -810.90;-550.82 799.86;864.15 -192.65;774.91 430.22;267.14 831.23
hr16,VNS,6030,6030,16,4,138.08023123305173,149.2632720953485,True,329.81398503843576,5.75772781600017,-455.86 711.44;557.05 -782.91;-76.25 -431.66;812.63 -104.10;-782.30 834.18;-161.70 -106.46;306.20 -568.79;405.79 481.16;-266.71 248.82;223.24 794.56;-764.09 -293.03;-640.40 257.64;667.26 731.77;783.98 344.39;760.03 -436.54;-394.37 -781.26
hr16,VNS,6030,6030,16,5,137.7122614624989,149.2632720953485,True,320.24096009833227,5.846847894000348,-770.59 554.25;753.60 620.84;-367.74 -153.70;625.80 210.49;-318.41 -575.87;-506.57 154.76;827.27 -142.36;124.10 834.79;-408.69 661.60;125.46 -176.45;258.53 -819.23;81.77 511.12;-825.65 182.03;-653.99 -806.80;56.25 182.67;-754.27 -455.78
hr16,VNS,6030,6030,16,6,138.1629915978756,149.2632720953485,True,339.3571650518462,5.925646229999984,462.71 -240.18;-892.65 437.70;634.09 831.32;-921.45 775.83;-597.01 -747.39;-692.75 -386.88;-688.99 135.00;711.43 -825.50;-317.82 -548.55;-251.51 476.99;712.19 254.41;-190.83 -16.05;45.95 -305.01;-277.79 817.37;-48.74 -774.46;359.86 -582.93
hr16,VNS,6030,6030,16,7,138.8182594561305,149.2632720953485,True,337.8132971278778,5.644572186000005,-269.41 -552.89;441.09 432.45;-787.38 -217.83;478.90 809.87;-909.17 647.67;-496.34 826.25;90.89 401.15;93.10 -497.83;828.30 -343.14;763.18 -823.02;-379.02 327.31;-829.97 185.83;758.58 613.71;825.92 -4.91;-706.72 -672.52;-49.70 -809.49
hr16,VNS,6030,6030,16,8,137.85859921926706,149.2632720953485,True,327.59509741163816,5.962425907999659,309.81 -287.91;320.05 581.73;-9.00 348.46;677.84 -809.12;723.20 810.36;94.26 826.58;817.74 179.64;-440.37 808.29;-590.61 -103.62;-335.43 376.08;-833.91 388.77;-768.06 -522.02;-241.25 -639.96;477.90 240.38;142.50 7.47;840.35 -458.19
hr16,VNS,6030,6030,16,9,138.24047412463798,149.2632720953485,True,340.5168913816706,5.748308194000401,-798.02 102.34;-365.45 -786.76;-702.09 -637.98;-156.30 -469.89;-800.11 -285.96;-596.06 712.43;825.51 -834.74;432.44 274.66;771.07 372.99;61.05 422.49;-373.89 279.15;628.82 -3.52;641.51 729.90;864.33 -466.76;-98.94 820.45;306.57 823.57
hr16,VNS,6030,6030,16,10,137.32960598251654,149.2632720953485,True,323.2800750268538,6.164475780999965,-646.50 51.22;742.63 374.44;-361.68 -761.36;-220.38 816.82;273.34 -509.74;-519.42 490.49;539.26 775.57;628.23 58.05;834.57 -339.90;-708.91 -371.83;499.21 -243.17;272.35 -833.02;206.55 -37.31;-171.54 356.68;-290.27 -222.52;798.58 -789.16
hr16,VNS,6030,6030,16,11,138.27177981138288,149.2632720953485,True,326.89662515682664,5.9370205780001015,614.02 525.13;206.32 -415.42;32.03 -116.27;916.38 -791.33;439.06 -681.55;308.30 809.50;-745.65 -393.16;433.71 -78.71;-913.23 675.40;-38.78 -699.36;-570.94 -82.86;-98.57 728.92;-535.28 -767.64;850.88 -82.29;687.83 206.67;737.21 834.78
hr16,VNS,6030,6030,16,12,137.74451130614864,149.2632720953485,True,330.326383604123,6.071857118000025,-377.38 833.49;539.34 752.27;38.97 820.99;836.19 -165.08;145.32 -359.14;-115.85 -749.65;775.43 304.13;-229.20 -229.82;580.32 -571.46;117.14 235.03;-447.52 213.22;384.26 -124.56;-617.02 -810.30;-777.92 757.70;347.52 483.34;246.06 -806.80
hr16,VNS,6030,6030,16,13,138.54813547778986,149.2632720953485,True,326.74382713063244,5.7383890979999705,-243.10 812.15;-419.66 -239.80;388.96 794.04;541.60 -581.16;-857.44 830.29;-596.01 612.91;689.27 665.29;-256.68 218.18;867.73 -383.32;935.84 -784.23;-425.18 -613.86;-656.50 151.75;545.20 -155.95;-865.25 423.63;-776.97 -169.44;-757.92 -668.28
hr16,VNS,6030,6030,16,14,137.3337339330688,149.2632720953485,True,326.6770258565774,6.10584327000015,226.68 833.90;-87.08 112.90;-660.06 705.63;525.45 -815.15;-147.10 769.02;-240.38 -225.17;-650.27 -779.81;532.48 196.81;-0.73 -655.66;716.35 -544.10;-481.41 280.44;-588.98 -260.83;625.71 687.09;-328.23 -834.64;244.57 -392.25;832.12 -130.64
hr16,VNS,6030,6030,16,15,137.58516980680233,149.2632720953485,True,322.54841461415515,6.136441271999956,-173.09 -834.58;100.18 -348.77;-817.37 21.52;-301.72 807.10;557.69 411.58;-331.37 400.00;-923.68 834.51;-606.74 682.56;309.04 800.19;-86.46 59.43;-662.01 -633.28;261.30 -69.35;823.50 -21.21;248.98 -825.80;-295.57 -243.08;-891.66 414.00
hr16,VNS,6030,6030,16,16,138.73683807129976,149.2632720953485,True,322.79907342975554,6.092140577999999,815.64 54.88;372.15 819.90;-373.19 475.41;-177.56 834.00;737.04 676.01;-755.25 -106.77;-156.34 -780.24;816.38 -815.07;-528.42 -377.04;-507.24 -834.63;-799.17 519.55;254.52 -192.35;-5.43 530.28;597.73 384.82;282.64 -739.63;-216.86 120.65
hr16,VNS,6030,6030,16,17,135.9132203930837,149.2632720953485,False,320.2847664899668,6.069120948000091,294.11 371.00;569.21 -416.93;581.99 6.97;-720.09 -269.49;262.52 695.43;-680.88 786.53;-863.02 180.75;735.41 756.21;297.74 -684.45;606.20 -810.38;-908.77 550.95;-537.46 170.38;25.93 172.62;106.17 -176.58;-496.87 510.42;-1.51 -570.29
hr16,VNS,6030,6030,16,18,136.92841325658011,149.2632720953485,True,322.0919982332539,5.902600402999724,-326.70 319.13;303.80 -30.70;-106.80 -243.75;-903.29 536.89;188.41 -416.41;342.61 331.69;19.80 522.57;-489.05 -750.17;401.50 747.15;711.03 63.88;-623.73 -361.68;-118.46 813.48;736.62 692.04;-701.07 807.71;-165.10 -834.79;-729.42 46.76
hr16,VNS,6030,6030,16,19,138.20876302238622,149.2632720953485,True,338.8182174301369,5.996499682999911,298.27 -186.94;-443.68 -292.26;6.41 -520.47;415.08 328.11;-734.39 -666.35;-892.86 829.99;417.35 -689.19;-490.66 526.02;-126.84 834.77;-644.44 37.79;669.71 832.35;799.18 289.22;732.84 -99.23;-420.72 -794.47;664.01 -446.83;223.96 645.21
hr16,VNS,6030,6030,16,20,136.47284387295664,149.2632720953485,True,342.68374583703184,5.721743922999849,-193.68 -243.31;328.77 223.11;303.55 -525.93;761.81 498.01;-393.94 90.04;619.11 -785.87;-185.33 811.70;411.38 663.93;860.83 -169.67;-724.74 223.65;43.69 458.52;-171.84 -818.28;-554.88 633.86;680.24 165.18;264.19 -150.10;-700.53 -309.66
hr16,VNS,6030,6030,16,21,138.0810609574229,149.2632720953485,True,327.3607138858174,5.893052880000141,-606.14 795.45;-478.93 128.11;732.62 771.96;559.26 -376.17;823.59 125.88;-45.70 -769.23;-281.79 751.18;343.68 817.53;-123.17 41.44;771.63 -823.56;-456.12 -792.58;-806.45 -172.44;864.04 -207.11;462.23 296.17;106.92 583.56;-421.13 -210.02
hr16,VNS,6030,6030,16,22,138.6818424349873,149.2632720953485,True,331.66938658738115,5.89375816699976,-861.97 812.74;-134.62 -251.08;605.61 -794.69;-364.10 -761.70;436.62 -226.44;760.55 362.23;74.43 812.43;335.72 337.24;-333.34 82.87;-233.47 534.84;-691.47 -708.48;147.23 -694.82;612.45 784.73;-738.93 -287.46;-430.71 829.16;-835.37 237.97
hr16,VNS,6030,6030,16,23,135.16354236175727,149.2632720953485,True,321.19918525815297,5.9244722519997595,-808.15 -7.74;-811.24 700.42;-318.96 -507.37;270.34 156.27;-771.44 -406.42;-74.90 475.63;-417.80 -815.30;256.10 617.33;-516.26 190.13;698.23 637.43;-854.60 322.62;60.36 -382.50;84.33 -740.77;-738.58 -831.66;-133.99 41.71;-405.09 -131.91
hr16,VNS,6030,6030,16,24,138.68765791480584,149.2632720953485,True,346.4136173898211,5.812125138999818,939.73 -833.28;-22.06 -834.51;417.45 351.31;824.89 43.45;727.81 656.14;852.20 -468.07;-693.87 222.49;-626.06 -266.44;-174.06 -496.60;368.48 -529.31;-547.57 536.50;428.13 -135.48;-293.38 832.78;314.74 821.29;10.18 128.31;-782.54 828.40
hr16,VNS,6030,6030,16,25,138.04374347143735,149.2632720953485,True,328.1340454063242,5.7482605420000255,75.06 791.34;-690.66 -821.20;898.94 -522.63;-776.07 -403.60;-431.78 523.02;-320.44 28.01;755.50 312.89;-291.61 819.70;480.45 752.25;548.76 -588.72;241.62 431.64;-895.48 543.17;-165.57 -723.82;149.69 -596.82;245.72 -153.15;855.74 -122.20
hr16,VNS,6030,6030,16,26,138.54573297441917,149.2632720953485,True,329.4699010186297,6.080960319999576,-448.68 662.49;827.26 72.67;-741.23 -744.70;-46.54 148.37;-635.22 230.18;923.87 -803.37;-772.61 722.64;714.20 593.70;567.82 -737.66;213.69 525.57;215.85 -795.58;26.11 815.80;887.79 -384.03;46.63 -198.07;382.55 170.41;-420.56 -389.73
hr16,VNS,6030,6030,16,27,138.75220115327994,149.2632720953485,True,320.86512742346025,5.747155468000074,-293.47 -106.50;-771.49 -484.87;781.89 -210.95;157.26 580.75;778.17 254.40;415.54 796.58;-41.15 832.91;-750.33 825.32;-684.30 -811.15;759.43 -726.61;238.74 -376.13;-150.20 -785.02;323.92 23.26;-872.72 279.61;-138.11 373.29;-564.79 508.09
hr16,VNS,6030,6030,16,28,137.4771004286169,149.2632720953485,True,331.03832221505616,5.675455002000035,-883.75 712.04;-371.10 831.64;-201.63 470.12;220.12 -800.76;-576.33 439.27;-232.36 -377.23;683.35 545.99;120.53 -439.24;-765.55 -612.03;-402.36 -716.86;532.65 -117.53;-89.47 77.32;314.09 333.64;-669.83 -291.45;-810.34 159.80;515.82 831.51
hr16,VNS,6030,6030,16,29,137.78114039885895,149.2632720953485,True,332.94257718952923,5.946301241000128,-298.01 188.47;-539.34 567.67;867.80 -511.89;-844.92 71.43;-311.95 -147.24;49.17 450.95;629.09 -238.32;-122.14 -503.31;-649.98 -271.49;-630.06 -789.23;747.39 534.53;272.41 719.11;119.74 -810.03;-839.86 407.74;-916.43 808.32;199.41 -416.97
hr16,VNS,6030,6030,16,30,138.84864597824165,149.2632720953485,True,322.902573047575,5.856934298999931,459.29 -692.40;-684.79 -499.23;889.83 -428.77;740.80 796.90;-726.76 -156.00;-759.35 202.61;512.77 459.16;319.66 834.50;-115.39 -565.51;-676.17 -822.02;217.29 -368.38;-653.19 530.14;193.74 114.61;73.12 -834.51;762.69 -10.74;-897.41 831.55
hr16,SLSQP,6030,6030,16,1,137.51942941250567,149.2632720953485,True,323.1655557125416,5.966979191000064,812.34 230.73;607.02 -833.45;937.15 -785.48;-291.62 834.64;-915.84 610.21;682.53 -114.21;-465.75 552.09;-41.56 -690.49;749.62 740.72;-5.70 669.54;-153.64 345.62;-193.02 7.69;-627.06 832.11;-372.05 -747.34;-699.78 -831.24;406.49 111.16
hr16,SLSQP,6030,6030,16,2,136.29356462412926,149.2632720953485,True,320.94535090856016,6.127699184999983,-597.49 554.53;-912.33 676.71;-124.45 -520.26;-225.31 453.15;13.07 -172.39;-637.27 191.02;280.16 -823.26;587.01 -679.58;-550.42 -831.82;26.99 686.48;807.55 -69.19;-794.17 -120.02;-428.35 -342.87;-412.63 834.35;-229.48 -834.57;88.34 356.59
hr16,SLSQP,6030,6030,16,3,135.81238454658842,149.2632720953485,True,327.74296185778155,5.913905798000087,192.36 460.15;-205.92 -834.40;-114.31 -241.78;145.14 -663.28;-510.78 534.14;-440.16 -162.76;810.93 -425.01;-726.30 287.22;97.56 65.48;-823.97 -136.82;-780.35 -473.80;427.65 -834.83;-370.07 833.01;845.57 -39.89;449.72 243.41;-66.18 687.52
hr16,SLSQP,6030,6030,16,4,135.36961386699133,149.2632720953485,True,332.08982293152366,6.004974842000138,-508.45 210.10;668.08 -834.83;171.51 -199.84;873.44 -288.91;-754.82 831.69;-217.39 7.50;52.07 -525.45;302.90 478.47;155.30 180.98;-158.76 350.85;-809.96 -251.26;-857.53 141.72;741.69 806.71;459.10 36.35;527.68 -503.77;-398.07 -299.61
hr16,SLSQP,6030,6030,16,5,135.1199156107291,149.2632720953485,True,320.00185959918423,6.012988154000141,-829.10 488.00;654.05 564.83;-193.50 -53.72;448.29 300.04;27.25 -516.06;-477.55 98.13;546.80 -234.57;103.14 834.83;-271.95 555.17;171.71 -225.65;-0.74 -834.83;177.63 521.72;-845.06 34.32;-752.30 -720.38;170.50 108.91;-587.87 -294.72
hr16,SLSQP,6030,6030,16,6,136.1584254610451,149.2632720953485,True,332.57782485106605,6.270916216000387,458.74 -290.40;-888.48 388.67;92.03 620.28;-755.19 833.91;-354.29 -731.92;-798.81 -336.09;-576.17 97.53;857.84 -542.60;-324.36 -400.69;-411.06 391.22;742.97 159.38;-278.46 -69.43;91.52 -133.50;-428.58 756.95;-29.90 -833.88;277.89 -619.48
hr16,SLSQP,6030,6030,16,7,137.01327709273673,149.2632720953485,True,321.63913444068635,5.835528188999888,-273.06 -392.08;602.05 286.81;-807.31 24.17;560.71 828.51;-923.60 673.56;-882.65 340.18;186.24 834.83;265.61 -832.41;321.05 -462.63;625.51 -829.28;-245.09 348.28;-552.78 254.57;283.39 501.06;707.33 -163.80;-673.40 -451.87;-207.07 -831.47
hr16,SLSQP,6030,6030,16,8,136.22738373778643,149.2632720953485,True,334.2916452128266,6.054508194999926,336.93 -236.59;127.74 489.18;-217.98 546.49;739.47 -685.07;778.79 473.87;244.30 834.83;809.70 141.01;-406.79 831.05;-583.83 170.86;-248.71 199.24;-709.17 544.33;-603.47 -502.47;-321.20 -791.83;450.97 293.04;63.72 18.00;851.52 -258.86
hr16,SLSQP,6030,6030,16,9,136.76444433496133,149.2632720953485,True,320.0945384672583,6.004661971999667,-846.60 47.73;10.72 -718.50;-654.62 -576.00;-172.38 -447.62;-790.43 -279.09;-628.82 714.18;824.53 -834.71;372.46 139.97;739.25 273.62;97.83 381.84;-221.95 367.80;616.34 -67.67;766.31 606.00;904.32 -516.59;22.83 834.83;299.02 669.41
hr16,SLSQP,6030,6030,16,10,137.08230340389315,149.2632720953485,True,320.079092852669,6.112783954999941,-437.57 170.88;794.54 376.71;-446.77 -713.24;-77.95 831.46;319.74 -527.13;-855.44 834.83;475.46 559.46;834.09 7.81;882.06 -506.05;-728.85 -241.53;532.15 -287.65;231.59 -834.83;86.07 -306.95;738.24 834.83;-217.89 -200.83;666.48 -834.83
hr16,SLSQP,6030,6030,16,11,137.57137678055244,149.2632720953485,True,330.96956873373,5.717225674000019,201.18 -454.49;59.40 -155.42;-713.15 510.57;695.38 191.68;-439.02 -126.59;-508.34 -497.54;-130.33 834.62;647.32 557.36;807.89 -740.45;-530.33 -834.83;-843.12 30.48;-149.82 105.55;696.08 -402.63;-301.29 485.23;-925.63 830.87;-197.61 -834.83
hr16,SLSQP,6030,6030,16,12,136.50109445961925,149.2632720953485,True,320.11803134925776,5.909667844000069,-577.54 832.93;591.30 768.25;151.90 746.56;830.01 -30.14;97.23 -109.75;-147.09 -711.77;517.92 -223.49;-376.89 -197.96;808.01 -474.09;342.83 -515.44;-541.03 433.69;-4.34 205.22;-507.12 -776.04;-905.73 528.02;368.73 495.27;257.90 -824.09
hr16,SLSQP,6030,6030,16,13,137.93610245211877,149.2632720953485,True,321.3216039387061,5.929742979999901,-389.41 443.08;-573.42 -384.30;497.68 727.21;378.96 -834.83;-692.91 834.82;-303.30 752.65;773.29 549.61;-269.92 -28.02;888.70 -389.53;928.48 -834.83;-435.07 -688.08;-575.47 120.45;576.49 -307.88;-718.09 439.38;-831.37 -77.03;-746.21 -769.95
hr16,SLSQP,6030,6030,16,14,136.25767899895422,149.2632720953485,True,320.5605606777195,6.234655810999811,58.70 830.50;-197.13 228.19;-862.16 746.30;342.95 -834.09;142.45 426.83;-162.10 -144.80;-762.62 -636.41;442.21 182.23;-412.33 -542.48;653.68 -488.26;-827.45 -108.92;-507.75 -236.46;715.14 354.33;-43.21 -834.65;96.42 -424.21;680.65 -69.29
hr16,SLSQP,6030,6030,16,15,137.89300878639372,149.2632720953485,True,322.0972122801866,6.146044938999694,-151.37 -834.83;264.20 -210.89;-518.23 16.96;-758.95 834.83;-893.99 432.47;706.08 721.83;-50.51 -142.30;428.23 549.53;-434.93 -444.95;-449.19 694.08;871.03 -779.13;840.08 6.15;-273.05 407.51;891.88 -415.30;-738.24 -834.83;561.74 -346.78
hr16,SLSQP,6030,6030,16,16,137.65748341527595,149.2632720953485,True,332.5891165951025,6.0180379779999384,805.59 279.50;748.18 734.05;-118.85 815.48;415.44 -406.07;-666.38 334.25;398.85 792.53;212.57 -669.62;-421.19 83.71;-724.55 -417.08;-926.88 700.12;811.51 -301.97;-259.94 442.92;357.29 321.61;34.62 133.87;-610.79 834.64;-744.60 -760.53
hr16,SLSQP,6030,6030,16,17,136.97404589802912,149.2632720953485,True,324.27780938136897,5.973079777999828,412.31 260.10;900.31 -607.36;773.41 50.42;-819.24 -175.72;322.57 607.81;-733.51 834.83;-836.51 158.45;664.49 496.38;318.57 -834.83;657.04 -834.83;-910.01 562.80;-468.52 75.43;55.14 292.07;136.60 -195.74;-481.83 528.65;-594.34 -811.97
hr16,SLSQP,6030,6030,16,18,137.23608119911393,149.2632720953485,True,320.04028864482524,6.256116223999925,433.92 -261.93;526.48 -596.41;-708.58 111.47;-801.31 789.60;879.65 -731.37;-539.54 415.76;290.35 35.58;795.73 274.28;57.15 254.77;-504.09 -500.11;-323.66 -768.06;879.99 -318.58;429.01 746.65;-738.60 -727.34;496.89 397.37;-413.50 744.64
hr16,SLSQP,6030,6030,16,19,138.33100916890444,149.2632720953485,True,321.31864747274744,5.79439024300018,98.23 101.46;-341.12 -547.27;178.40 -833.17;488.91 442.02;-744.50 -783.77;-925.91 834.27;231.37 -516.24;-303.57 619.61;-47.65 834.83;-687.88 406.84;741.26 805.85;802.00 315.86;828.55 -18.31;-190.34 -834.72;684.95 -600.79;415.19 834.44
hr16,SLSQP,6030,6030,16,20,136.2743010501734,149.2632720953485,True,326.56029025212484,5.902797595000266,-895.37 444.31;-766.04 -608.65;929.18 -721.83;523.64 322.24;287.47 557.97;-66.71 417.24;-429.15 -278.86;462.17 -834.83;-435.36 -624.78;-580.22 340.81;-741.45 -183.44;181.42 -351.85;-279.53 160.50;429.31 -65.99;-846.43 772.17;858.87 -375.35
hr16,SLSQP,6030,6030,16,21,137.1375427152538,149.2632720953485,True,321.73188054022154,5.968331371000204,-765.91 775.23;-445.46 202.22;742.87 753.22;-203.97 -358.43;709.26 69.04;97.87 -502.78;-622.72 470.71;426.78 674.93;-187.75 -9.24;843.28 -595.75;-631.80 -751.31;-820.08 -162.08;869.04 -254.66;-107.75 360.29;50.99 800.72;-548.94 -342.07
hr16,SLSQP,6030,6030,16,22,136.2912841852297,149.2632720953485,True,329.5297194484044,6.113729261000117,-850.06 830.26;59.09 -246.94;496.53 -698.17;-335.95 -783.88;355.34 -48.71;605.81 446.86;46.94 802.53;181.21 501.59;58.21 153.94;-263.14 289.57;-685.19 -786.29;-98.61 -536.36;675.47 830.67;-625.72 -273.17;-387.49 623.25;-546.38 57.07
hr16,SLSQP,6030,6030,16,23,137.41282598805282,149.2632720953485,True,321.55816056669227,5.964680465000129,-117.53 779.73;435.28 -420.31;-526.42 351.30;-638.29 -195.38;222.82 -166.17;-930.00 725.44;778.27 -429.75;314.29 834.72;591.33 -834.79;-409.92 -421.76;568.10 196.22;-734.99 -834.79;923.62 -719.45;-117.24 -275.46;709.78 -105.00;637.93 572.81
hr16,SLSQP,6030,6030,16,24,136.68915886567217,149.2632720953485,True,323.2873145829332,6.315602843999841,943.44 -834.83;52.98 -834.83;280.70 388.45;769.78 -161.50;717.77 733.14;694.05 -586.34;-573.07 238.18;-514.47 -216.56;-134.98 -550.16;437.81 -389.22;-537.39 610.17;358.38 18.92;-10.20 599.54;290.57 817.11;-44.55 142.31;-909.90 660.30
hr16,SLSQP,6030,6030,16,25,135.68313593462392,149.2632720953485,True,322.28920487703436,6.0886482419996355,105.85 831.15;-618.61 -565.29;650.69 -718.83;-804.91 -292.36;-384.03 292.16;-574.15 -62.92;642.58 49.98;-276.37 730.24;620.39 438.94;-135.89 -22.66;-61.74 294.08;-749.68 469.08;-101.29 -442.20;183.74 -782.00;209.40 -2.77;856.48 -270.73
hr16,SLSQP,6030,6030,16,26,137.06492277842358,149.2632720953485,True,325.8947246353591,5.851407964999908,-259.03 516.71;797.09 85.74;-443.67 -496.11;-74.34 154.93;-633.64 277.69;920.08 -808.08;-415.08 834.83;709.29 419.57;521.46 -834.68;319.02 741.65;240.41 -669.69;-43.55 834.83;797.59 -325.62;267.39 -286.00;468.90 133.09;-462.83 -831.14
hr16,SLSQP,6030,6030,16,27,137.34031314936547,149.2632720953485,True,324.4814667807639,5.520576431999871,-293.13 -109.43;-737.06 -833.10;702.09 -199.78;133.06 511.97;792.65 120.69;344.49 801.25;12.17 832.98;-842.37 768.83;-357.59 -789.51;789.10 -834.24;277.91 -268.77;-294.27 -440.22;469.05 37.93;-706.16 133.89;-218.45 420.52;-658.31 501.60
hr16,SLSQP,6030,6030,16,28,136.90694306050426,149.2632720953485,True,324.0997357067285,5.965669885999887,-276.23 -43.85;215.18 776.20;249.42 -569.72;-808.46 -169.62;438.70 429.79;-290.01 825.82;174.32 -217.70;-560.33 -378.12;-309.44 317.77;909.61 -817.75;748.26 614.84;499.71 -3.67;-253.95 -536.46;819.80 171.19;-603.85 636.29;-724.62 -826.51
hr16,SLSQP,6030,6030,16,29,136.26066301404734,149.2632720953485,True,321.88213368613003,5.738739466999959,-527.55 267.38;-454.46 583.39;561.10 -822.04;-843.78 93.39;-364.23 -247.95;-7.61 381.97;619.10 -189.46;-203.63 -529.66;-701.74 -245.58;-770.91 -568.20;541.22 279.98;159.18 665.01;-90.78 -834.82;-853.23 415.14;-692.22 832.15;331.63 -513.35
hr16,SLSQP,6030,6030,16,30,137.22435341242814,149.2632720953485,True,328.70315331431624,5.781781130999661,836.91 -252.16;473.70 41.24;128.60 104.18;-454.15 -618.64;-778.97 299.73;-30.59 -359.21;809.12 258.12;717.41 -582.54;-455.42 463.67;-912.09 807.13;-701.76 -834.83;-479.27 833.24;756.00 690.34;-629.67 -122.77;-154.90 777.16;402.27 -382.79
