Algorithm,Turbines,Seed,Calls,AEP,IdealAEP,Feasible,MinSpacing,Seconds,Coordinates,Curve
LXVNS,16,1,6030,138.34133259206985,149.2632720953485,True,323.1214081725161,6.015586965000239,768.67 339.93;563.47 -832.26;894.75 -778.61;-132.96 729.93;-892.53 553.87;825.57 -80.18;-403.51 534.71;-380.78 -489.79;688.21 742.17;311.96 573.25;-109.97 368.81;-228.00 -19.88;-523.91 834.56;-442.20 -834.76;-751.36 -727.96;461.68 -239.05,nan;nan;nan;nan;nan;nan;nan;nan;nan;nan;nan;nan;nan;nan;nan;nan;nan;nan;nan;nan;nan;nan;nan;nan;nan;nan;nan;nan;nan;nan;nan;nan;nan;nan;nan;nan;nan;nan;nan;nan;nan;nan;nan;nan;nan;nan;nan;nan;nan;nan;nan;nan;nan;nan;nan;nan;nan;nan;nan;nan;nan;nan;nan;nan;nan;nan;nan;nan;nan;nan;nan;nan;nan;nan;nan;nan;nan;nan;nan;nan;nan;nan;nan;nan;nan;nan;nan;nan;nan;nan;nan;nan;nan;nan;nan;nan;nan;nan;nan;nan;nan;nan;nan;nan;nan;nan;nan;nan;nan;nan;nan;nan;nan;nan;nan;nan;nan;nan;nan;nan;nan;nan;nan;nan;nan;nan;nan;nan;nan;nan;nan;nan;nan;nan;nan;136.6117;136.6117;136.6117;136.6117;136.6117;136.6117;136.6117;136.7756;137.3436;137.4735;137.4735;137.4735;137.4735;137.4735;137.4735;137.4735;137.4735;137.4735;137.6074;137.6074;137.6149;137.6149;137.6149;137.6149;137.6149;137.6437;137.6437;137.7829;137.7829;137.7829;137.7829;137.7829;137.7829;137.7829;137.7829;137.7829;137.8391;137.8404;137.8841;137.8841;138.0384;138.0447;138.0849;138.0849;138.0849;138.1108;138.1108;138.1108;138.1347;138.2050;138.2050;138.2050;138.2050;138.2050;138.2050;138.2050;138.3410;138.3413;138.3413;138.3413;138.3413;138.3413;138.3413;138.3413;138.3413;138.3413
LXVNS,16,2,6030,137.8871046163798,149.2632720953485,True,328.00316989537515,5.96003525199967,-317.15 -174.05;-530.26 213.92;-774.49 -520.11;-815.10 -21.64;-78.73 -619.88;-415.94 521.36;-425.45 -553.89;574.11 780.09;65.48 -323.12;675.62 400.52;830.62 -39.32;266.63 187.86;-817.87 832.27;-226.15 819.01;677.67 -695.58;506.49 -159.46,nan;nan;nan;nan;nan;nan;nan;nan;nan;nan;nan;nan;nan;nan;nan;nan;nan;nan;nan;nan;nan;nan;nan;nan;nan;nan;nan;nan;nan;nan;nan;nan;nan;nan;nan;nan;nan;nan;nan;nan;nan;nan;nan;nan;nan;nan;nan;nan;nan;nan;nan;nan;nan;nan;nan;nan;nan;136.4035;136.4035;136.4312;136.4312;136.4312;136.4853;136.5179;136.6013;136.6013;136.6912;136.7633;136.7633;136.7633;136.7639;136.7639;136.7639;136.7641;136.8229;136.8232;136.8236;136.8238;136.8239;136.8246;136.8246;136.8247;136.8247;136.8248;136.8248;136.8248;136.8249;136.8251;136.8251;136.8254;136.8254;136.8256;136.8256;136.8259;136.8259;136.8260;136.8260;136.8260;136.8260;136.8260;136.8260;136.8825;136.8825;136.8825;136.8825;136.8825;136.8825;136.8825;136.8825;136.8825;136.8825;136.8825;136.8825;136.8825;136.8825;136.8825;136.8825;136.8825;136.9886;137.2349;137.2349;137.2349;137.2349;137.2349;137.2349;137.3084;137.3084;137.3084;137.3663;137.3663;137.3663;137.3663;137.3663;137.3663;137.3663;137.3663;137.3663;137.3663;137.3663;137.3663;137.4546;137.4546;137.4960;137.4960;137.4960;137.4960;137.4960;137.4960;137.4960;137.5327;137.5327;137.5327;137.5630;137.5630;137.5630;137.5630;137.5630;137.5630;137.5630;137.5630;137.5630;137.5809;137.5826;137.5826;137.5826;137.5826;137.5826;137.5826;137.5826;137.5826;137.5826;137.5826;137.5826;137.6647;137.6647;137.8224;137.8575;137.8575;137.8575;137.8575;137.8575;137.8575;137.8575;137.8575;137.8575;137.8575;137.8575;137.8871;137.8871;137.8871;137.8871;137.8871;137.8871;137.8871;137.8871;137.8871;137.8871;137.8871;137.8871;137.8871;137.8871
LXVNS,16,3,6030,137.52429849616422,149.2632720953485,True,326.7336104565683,5.666270585000348,-613.35 183.94;262.55 -551.88;-134.14 -356.35;249.16 -112.76;-788.68 -286.47;-30.30 -711.92;711.79 -412.91;-416.00 -191.08;618.50 548.59;-387.66 -833.74;-723.53 -808.15;909.77 -700.39;236.75 583.78;787.37 -38.60;-734.89 519.46;-134.55 710.92,nan;nan;nan;nan;nan;nan;nan;nan;nan;nan;nan;nan;nan;nan;nan;nan;nan;nan;nan;nan;nan;nan;nan;nan;nan;nan;nan;nan;nan;nan;nan;nan;nan;nan;nan;nan;nan;nan;nan;nan;nan;nan;nan;nan;nan;nan;nan;nan;nan;nan;nan;nan;nan;nan;nan;nan;nan;nan;nan;nan;nan;nan;nan;nan;nan;nan;nan;nan;nan;136.3934;136.3934;136.4330;136.4634;136.4639;136.4643;136.4651;136.4651;136.4651;136.4654;136.4654;136.4656;136.4657;136.4657;136.4660;136.4660;136.4660;136.4661;136.4661;136.4661;136.4662;136.4662;136.4662;136.4662;136.4663;136.4663;136.4663;136.4663;136.4663;136.4663;136.4663;136.4663;136.4663;136.4663;136.4663;136.4663;136.4663;136.4663;136.4663;136.4663;136.4663;136.4663;136.4663;136.4663;136.4663;136.4663;136.4663;136.4663;136.4663;136.4663;136.4663;136.4663;136.4729;136.6914;136.6914;136.6914;136.6914;136.6914;136.6914;136.8129;136.8130;136.8130;136.8130;136.8130;136.8130;136.8130;136.8130;136.8130;136.8631;136.8635;136.8635;136.9084;136.9084;136.9084;136.9084;137.0302;137.0302;137.0302;137.0302;137.0302;137.0302;137.0302;137.0302;137.0302;137.0302;137.0302;137.0302;137.0302;137.0302;137.0302;137.0302;137.0302;137.0302;137.0302;137.0302;137.0302;137.0302;137.0302;137.0302;137.0302;137.0302;137.0302;137.0302;137.0302;137.0302;137.2546;137.2546;137.2546;137.2546;137.2546;137.3390;137.3390;137.3390;137.3390;137.3390;137.3731;137.4154;137.4154;137.4154;137.4154;137.4154;137.4930;137.4935;137.4935;137.4935;137.4935;137.4935;137.4935;137.4935;137.5239;137.5243;137.5243
LXVNS,16,4,6030,137.50161647133012,149.2632720953485,True,324.3501041782996,6.11741083600009,194.03 241.20;679.99 -776.98;-281.58 174.91;808.33 185.41;-610.74 788.41;-196.61 -181.85;792.02 -465.71;-189.41 777.45;338.78 -347.98;-876.53 465.84;-467.83 440.46;-934.42 813.97;693.63 761.24;373.38 830.09;-541.28 -557.17;490.43 -37.24,nan;nan;nan;nan;nan;nan;nan;nan;nan;nan;nan;nan;nan;nan;nan;nan;nan;nan;nan;nan;nan;nan;nan;nan;nan;nan;nan;nan;nan;nan;nan;nan;nan;nan;nan;nan;nan;nan;nan;nan;nan;nan;nan;nan;nan;nan;nan;nan;nan;nan;nan;nan;nan;nan;nan;nan;nan;nan;nan;nan;nan;nan;nan;nan;nan;nan;nan;nan;nan;nan;nan;nan;nan;nan;nan;nan;nan;nan;nan;nan;nan;nan;nan;nan;nan;nan;nan;nan;nan;nan;nan;nan;nan;nan;nan;nan;nan;nan;nan;nan;nan;nan;nan;nan;nan;nan;nan;nan;nan;nan;nan;nan;nan;nan;nan;nan;nan;nan;nan;nan;nan;nan;nan;nan;nan;nan;nan;nan;nan;nan;nan;nan;nan;nan;nan;nan;nan;nan;nan;nan;nan;nan;nan;nan;nan;nan;nan;nan;nan;nan;nan;nan;nan;nan;nan;nan;nan;nan;nan;nan;nan;nan;nan;nan;nan;nan;nan;nan;nan;nan;nan;nan;135.9054;135.9781;136.2355;136.2355;136.2355;136.2355;136.2355;136.2355;136.5795;136.5795;136.5795;136.5795;136.5795;136.5795;136.5795;137.1520;137.1520;137.1520;137.3087;137.3087;137.3087;137.3087;137.3087;137.3087;137.3087;137.4767;137.5016;137.5016;137.5016
LXVNS,16,5,6030,137.33826033243662,149.2632720953485,True,321.7249405370774,5.850637245000144,-925.26 737.89;737.42 528.17;-183.09 155.55;455.50 70.59;166.13 -525.32;-544.82 249.89;823.54 -211.31;276.68 831.68;-320.37 816.46;-80.84 -319.13;-19.01 -792.95;79.18 361.31;-867.23 219.57;-743.69 -778.70;251.92 -198.35;-658.04 -238.12,nan;nan;nan;nan;nan;nan;nan;nan;nan;nan;nan;nan;nan;nan;nan;nan;nan;nan;nan;nan;nan;nan;nan;nan;nan;nan;nan;nan;nan;nan;nan;nan;nan;nan;nan;nan;nan;nan;nan;nan;nan;nan;nan;nan;nan;nan;nan;nan;nan;nan;nan;nan;nan;nan;nan;nan;nan;nan;nan;nan;nan;135.0170;135.1045;135.1045;135.2928;135.2928;135.4952;135.4952;135.5722;135.5722;135.6043;135.6273;135.6276;135.6287;135.6287;135.6287;135.6294;135.6898;135.6898;135.6898;135.6901;135.6901;135.6903;135.6903;135.6903;135.6919;135.6919;135.6919;135.6920;135.6920;135.6920;135.6920;135.6920;135.6920;135.6920;135.6920;135.6920;135.6920;135.6920;135.6921;135.6921;135.8958;135.8958;135.8958;135.8958;135.8958;135.9201;135.9206;135.9206;135.9206;135.9206;135.9408;135.9408;135.9408;135.9408;135.9408;135.9408;135.9408;135.9961;136.0205;136.0205;136.0205;136.0205;136.1774;136.1785;136.1785;136.1785;136.1785;136.1785;136.1785;136.1785;136.1785;136.4674;136.4685;136.4685;136.4685;136.4685;136.4685;136.4685;136.4685;136.4685;136.5213;136.5213;136.5213;136.5213;136.5213;136.5213;136.5213;136.5213;136.5213;136.5213;136.5213;136.6357;136.6357;136.6357;136.6357;136.6357;136.6357;136.6357;136.6357;136.6357;136.6357;136.6357;136.6357;136.6357;136.6357;136.6357;136.6357;136.6357;136.6357;136.6357;136.6357;136.6357;136.6357;136.6357;136.6357;136.6357;136.6357;136.6357;136.6357;136.6357;136.6357;136.6357;136.9981;136.9981;136.9981;136.9981;136.9981;136.9981;136.9981;136.9981;136.9981;137.0084;137.0084;137.1067;137.2075;137.2075;137.2075;137.2075;137.3383;137.3383
LXVNS,16,6,6030,137.69681153526534,149.2632720953485,True,325.9942347107861,5.9252571799997895,107.01 -445.23;-195.28 226.49;-309.75 549.94;-759.47 -445.99;917.92 -697.83;-832.45 664.07;-700.37 -79.57;-132.59 -207.28;481.77 -403.31;-297.41 -642.19;119.67 827.44;44.43 -812.34;450.31 -727.78;530.07 826.00;262.41 379.84;716.05 277.85,nan;nan;nan;nan;nan;nan;nan;nan;nan;nan;nan;nan;nan;nan;nan;nan;nan;nan;nan;nan;nan;nan;nan;nan;nan;nan;nan;nan;nan;nan;nan;nan;nan;nan;nan;nan;nan;nan;nan;nan;nan;nan;nan;nan;nan;nan;nan;nan;nan;nan;nan;nan;nan;nan;nan;nan;nan;nan;nan;nan;nan;nan;nan;nan;nan;nan;nan;nan;nan;nan;nan;nan;nan;nan;nan;nan;nan;nan;nan;nan;nan;nan;nan;nan;nan;nan;nan;nan;nan;nan;nan;nan;nan;nan;nan;nan;nan;nan;nan;nan;nan;nan;nan;nan;nan;nan;nan;nan;nan;nan;nan;nan;nan;nan;nan;nan;nan;135.5739;135.5739;135.5739;135.7986;135.7986;136.1704;136.1704;136.2106;136.3184;136.3284;136.3284;136.4296;136.4296;136.4296;136.4844;136.4844;136.5507;136.5507;136.5507;136.5507;136.5507;136.5507;136.6696;136.9834;137.0059;137.1196;137.1365;137.1365;137.1365;137.1365;137.1365;137.1365;137.1365;137.1365;137.1365;137.1365;137.1365;137.1365;137.1365;137.1365;137.1365;137.1365;137.1365;137.1365;137.3319;137.4091;137.4091;137.4091;137.4091;137.4091;137.4091;137.4091;137.4091;137.4091;137.4091;137.4091;137.4852;137.4901;137.4901;137.4901;137.4901;137.5692;137.5692;137.5692;137.5692;137.5692;137.5692;137.5692;137.5692;137.5692;137.5692;137.5692;137.5692;137.5692;137.5692;137.5692;137.5692;137.5692;137.5692;137.5692;137.5692;137.6968;137.6968;137.6968
LXVNS,16,7,6030,137.05708434713534,149.2632720953485,True,328.16746537991634,6.16381381400015,204.95 750.76;170.23 395.64;-829.12 654.52;782.01 362.49;-662.02 -768.89;-679.63 316.12;489.21 165.12;144.55 -545.67;69.40 10.43;658.30 -819.61;-639.98 -348.59;-386.08 -129.85;-214.06 175.81;689.61 -262.86;-183.70 -460.83;-154.86 -796.66,nan;nan;nan;nan;nan;nan;nan;nan;nan;nan;nan;nan;nan;nan;nan;nan;nan;nan;nan;nan;nan;nan;nan;nan;nan;nan;nan;nan;nan;nan;nan;nan;nan;nan;nan;nan;nan;nan;nan;nan;nan;nan;nan;nan;nan;nan;nan;nan;nan;nan;nan;nan;nan;nan;nan;nan;nan;nan;nan;nan;nan;nan;nan;nan;nan;nan;nan;nan;nan;nan;nan;nan;nan;nan;nan;nan;nan;nan;nan;nan;nan;nan;nan;nan;nan;nan;nan;nan;nan;nan;nan;nan;nan;nan;nan;nan;nan;nan;nan;nan;nan;nan;nan;nan;nan;nan;nan;nan;nan;nan;nan;nan;nan;nan;nan;nan;nan;nan;nan;nan;nan;134.2996;134.6274;134.7676;134.7676;134.9136;134.9136;135.0340;135.2153;135.7316;135.7316;135.7316;135.7316;135.7316;135.7316;135.8128;135.8128;135.8128;135.8128;136.4446;136.4446;136.4446;136.4446;136.4446;136.4446;136.4446;136.6411;136.6413;136.6413;136.6727;136.6727;136.6956;136.6968;136.6968;136.6968;136.6968;136.6968;136.6968;136.6968;136.6968;136.6968;136.6968;136.6968;136.6968;136.6968;136.6968;136.7802;136.7802;136.7802;136.7824;136.8580;136.8580;136.9635;136.9635;136.9635;136.9635;136.9635;136.9635;136.9635;136.9635;136.9635;136.9635;136.9723;136.9723;136.9723;136.9723;137.0477;137.0477;137.0477;137.0477;137.0477;137.0477;137.0477;137.0477;137.0571;137.0571;137.0571;137.0571;137.0571;137.0571;137.0571
LXVNS,16,8,6030,135.8302488716744,149.2632720953485,False,319.1095319719052,5.932942849000028,-170.67 -244.63;558.83 834.22;135.95 317.20;824.67 -75.63;564.14 -297.17;676.12 537.45;806.43 245.93;-727.10 507.40;-610.46 -770.67;263.21 651.27;287.70 8.00;-533.66 804.30;-282.15 -729.24;-91.49 633.17;227.71 -607.46;859.01 -459.30,nan;nan;nan;nan;nan;nan;nan;nan;nan;nan;nan;nan;nan;nan;nan;nan;nan;nan;nan;nan;nan;nan;nan;nan;nan;nan;nan;nan;nan;nan;nan;nan;nan;nan;nan;nan;nan;nan;nan;nan;nan;nan;nan;nan;nan;nan;nan;nan;nan;nan;nan;nan;nan;nan;nan;nan;nan;nan;nan;nan;nan;nan;nan;nan;nan;nan;nan;nan;nan;nan;nan;nan;nan;nan;nan;nan;nan;nan;nan;nan;nan;nan;nan;nan;nan;nan;nan;nan;nan;nan;nan;nan;nan;nan;nan;nan;nan;nan;nan;nan;nan;nan;nan;nan;nan;nan;nan;nan;nan;nan;nan;nan;nan;nan;nan;nan;nan;nan;nan;nan;nan;nan;nan;nan;nan;nan;nan;nan;nan;nan;nan;nan;nan;nan;nan;nan;nan;nan;nan;nan;nan;nan;nan;nan;nan;nan;nan;nan;nan;nan;nan;nan;nan;nan;nan;nan;nan;nan;nan;nan;nan;nan;nan;nan;nan;nan;nan;nan;nan;nan;nan;nan;nan;nan;nan;nan;nan;nan;nan;nan;nan;nan;nan;nan;nan;nan;nan;nan;nan;nan;nan;nan;nan;nan;nan;nan;nan;nan;nan;nan;nan
LXVNS,16,9,6030,138.4734498559729,149.2632720953485,True,320.21809503191014,5.86128539099991,-847.17 194.27;-38.50 -810.34;-747.75 -757.21;-144.13 -391.62;-558.12 -492.73;-588.86 803.08;673.92 -763.93;651.83 103.39;475.17 417.44;0.81 311.79;-554.02 439.72;625.62 -215.75;773.80 541.33;887.59 -470.13;-105.67 815.51;399.10 832.24,nan;nan;nan;nan;nan;nan;nan;nan;nan;nan;nan;nan;nan;nan;nan;nan;nan;nan;nan;nan;nan;nan;nan;nan;nan;nan;nan;nan;nan;nan;nan;nan;nan;nan;nan;nan;nan;nan;nan;nan;nan;nan;nan;nan;nan;nan;nan;nan;nan;nan;nan;nan;nan;nan;nan;nan;nan;nan;nan;nan;nan;nan;136.8231;136.9126;137.0247;137.0254;137.0586;137.0586;137.0586;137.0640;137.0640;137.0640;137.0877;137.1000;137.1000;137.1002;137.1006;137.1015;137.1015;137.1020;137.1020;137.1021;137.1022;137.1022;137.1022;137.1022;137.1023;137.1023;137.1023;137.1023;137.1023;137.1024;137.1024;137.1025;137.1025;137.1026;137.1026;137.1029;137.1029;137.1032;137.1032;137.1032;137.3442;137.5571;137.5571;137.7896;137.7896;137.7896;137.7896;137.7896;137.7896;137.7896;137.7896;137.7896;137.7896;137.8574;137.8574;137.8574;137.8574;137.8574;137.8574;137.8574;137.8574;137.8793;137.8822;137.8884;137.8884;137.8884;137.8884;137.8884;137.8884;137.9080;137.9080;137.9080;137.9080;137.9080;137.9188;137.9548;137.9548;138.0062;138.1793;138.3135;138.3135;138.3135;138.3135;138.3135;138.3135;138.3135;138.3135;138.3135;138.3135;138.4734;138.4734;138.4734;138.4734;138.4734;138.4734;138.4734;138.4734;138.4734;138.4734;138.4734;138.4734;138.4734;138.4734;138.4734;138.4734;138.4734;138.4734;138.4734;138.4734;138.4734;138.4734;138.4734;138.4734;138.4734;138.4734;138.4734;138.4734;138.4734;138.4734;138.4734;138.4734;138.4734;138.4734;138.4734;138.4734;138.4734;138.4734;138.4734;138.4734;138.4734;138.4734;138.4734;138.4734;138.4734;138.4734;138.4734;138.4734;138.4734;138.4734
LXVNS,16,10,6030,138.0172603962513,149.2632720953485,True,332.7922633565238,5.837666974000058,241.51 45.77;810.51 239.31;661.04 -794.25;-272.69 827.99;272.13 799.31;52.30 530.24;485.35 386.01;755.34 615.53;259.34 -657.66;-740.76 153.84;-409.68 -742.43;-742.23 -729.68;-716.80 -396.91;847.55 -129.26;-390.49 245.15;822.18 -469.03,nan;nan;nan;nan;nan;nan;nan;nan;nan;nan;nan;nan;nan;nan;nan;nan;nan;nan;nan;nan;nan;nan;nan;nan;nan;nan;nan;nan;nan;nan;nan;nan;nan;nan;nan;nan;nan;nan;nan;nan;nan;nan;nan;nan;nan;nan;nan;nan;nan;nan;nan;nan;nan;nan;nan;nan;136.6039;136.6039;136.6039;136.7460;137.0779;137.0813;137.2062;137.2390;137.4093;137.4093;137.4317;137.4402;137.5045;137.5045;137.5231;137.5231;137.5994;137.5994;137.6406;137.6407;137.6408;137.6408;137.6408;137.6408;137.6408;137.6408;137.6410;137.6411;137.6411;137.6413;137.6413;137.6420;137.6420;137.6433;137.6433;137.6473;137.6473;137.6473;137.6473;137.6473;137.6473;137.6473;137.6473;137.6473;137.6473;137.6473;137.6473;137.6473;137.6473;137.6473;137.6473;137.6473;137.6473;137.6473;137.6473;137.6473;137.6473;137.6473;137.6473;137.6473;137.6473;137.6473;137.6473;137.6473;137.6473;137.6473;137.6473;137.6473;137.6473;137.6473;137.6473;137.6473;137.6473;137.6473;137.6473;137.6528;137.6528;137.6528;137.6528;137.6528;137.6528;137.6528;137.6528;137.6862;137.6865;137.8974;137.8974;137.8974;137.8974;137.8974;137.8974;137.8974;137.8974;137.8974;137.8974;137.8974;137.8974;137.8974;137.8974;137.8974;137.8974;137.8974;137.8974;137.8974;137.8974;137.8974;137.8974;137.8974;137.8974;137.8974;137.8974;137.9382;137.9382;137.9382;137.9382;137.9382;137.9382;137.9382;137.9382;137.9382;137.9382;137.9382;137.9382;137.9382;138.0145;138.0145;138.0145;138.0145;138.0145;138.0145;138.0145;138.0145;138.0145;138.0145;138.0145;138.0145;138.0145;138.0145;138.0145;138.0145;138.0173;138.0173;138.0173;138.0173;138.0173
LXVNS,16,11,6030,137.2691626272733,149.2632720953485,True,331.9669503704834,5.943999280000298,202.65 -521.86;-405.92 -819.69;270.95 125.98;-672.48 349.64;921.57 -772.74;522.35 794.72;-782.32 -156.56;365.97 477.03;68.85 825.41;444.52 -795.96;-117.34 -49.92;-335.12 615.97;-405.78 117.12;440.26 -290.03;846.54 -372.18;-474.53 -295.20,nan;nan;nan;nan;nan;nan;nan;nan;nan;nan;nan;nan;nan;nan;nan;nan;nan;nan;nan;nan;nan;nan;nan;nan;nan;nan;nan;nan;nan;nan;nan;nan;nan;nan;nan;nan;nan;nan;nan;nan;nan;nan;nan;nan;nan;nan;nan;nan;nan;nan;nan;nan;nan;nan;nan;nan;134.6878;134.6878;135.0428;135.0671;135.1308;135.1308;135.3232;135.3710;135.3710;135.3710;135.4428;135.4428;135.4941;135.4941;135.5989;135.5989;135.6102;135.6398;135.6401;135.6401;135.6405;135.6405;135.6409;135.6409;135.6411;135.6411;135.6413;135.6415;135.6415;135.6421;135.6421;135.6421;135.6421;135.6422;135.6422;135.6423;135.6423;135.6423;135.6423;135.6423;135.6423;135.6423;135.6423;135.6423;135.6423;136.0120;136.0120;136.0236;136.0267;136.0267;136.0267;136.0267;136.0267;136.0267;136.0379;136.0919;136.1263;136.1263;136.1263;136.1263;136.1263;136.3723;136.3986;136.3986;136.3986;136.3986;136.5172;136.5172;136.6876;136.6876;136.6921;136.6935;136.6935;136.6935;136.6935;136.8265;136.8265;136.8265;136.8265;136.8265;136.8265;136.9409;136.9409;136.9409;136.9409;136.9409;136.9409;136.9409;136.9409;136.9409;136.9409;136.9409;136.9409;136.9409;136.9409;136.9409;136.9409;136.9409;137.0771;137.0771;137.0771;137.0771;137.0771;137.0771;137.0771;137.0771;137.1053;137.1053;137.1053;137.1542;137.1542;137.1542;137.1542;137.1542;137.1542;137.1542;137.1542;137.1542;137.1542;137.1542;137.1542;137.2139;137.2139;137.2139;137.2139;137.2139;137.2139;137.2139;137.2139;137.2139;137.2139;137.2139;137.2310;137.2310;137.2692;137.2692;137.2692;137.2692;137.2692;137.2692;137.2692;137.2692;137.2692;137.2692;137.2692
LXVNS,16,12,6030,133.77560569499235,149.2632720953485,False,303.78982382758454,6.274376523999763,-672.76 779.55;853.58 99.07;644.28 460.07;82.77 -665.28;143.01 -260.63;474.82 -589.69;316.27 373.57;550.73 122.98;-271.49 -589.38;-522.78 193.53;241.49 55.90;-662.37 -439.68;-859.98 211.63;-339.14 646.14;-196.05 -74.54;534.28 -202.20,nan;nan;nan;nan;nan;nan;nan;nan;nan;nan;nan;nan;nan;nan;nan;nan;nan;nan;nan;nan;nan;nan;nan;nan;nan;nan;nan;nan;nan;nan;nan;nan;nan;nan;nan;nan;nan;nan;nan;nan;nan;nan;nan;nan;nan;nan;nan;nan;nan;nan;nan;nan;nan;nan;nan;nan;nan;nan;nan;nan;nan;nan;nan;nan;nan;nan;nan;nan;nan;nan;nan;nan;nan;nan;nan;nan;nan;nan;nan;nan;nan;nan;nan;nan;nan;nan;nan;nan;nan;nan;nan;nan;nan;nan;nan;nan;nan;nan;nan;nan;nan;nan;nan;nan;nan;nan;nan;nan;nan;nan;nan;nan;nan;nan;nan;nan;nan;nan;nan;nan;nan;nan;nan;nan;nan;nan;nan;nan;nan;nan;nan;nan;nan;nan;nan;nan;nan;nan;nan;nan;nan;nan;nan;nan;nan;nan;nan;nan;nan;nan;nan;nan;nan;nan;nan;nan;nan;nan;nan;nan;nan;nan;nan;nan;nan;nan;nan;nan;nan;nan;nan;nan;nan;nan;nan;nan;nan;nan;nan;nan;nan;nan;nan;nan;nan;nan;nan;nan;nan;nan;nan;nan;nan;nan;nan;nan;nan;nan;nan;nan;nan
LXVNS,16,13,6030,137.9691098960802,149.2632720953485,True,322.4028967107762,5.892996035000124,357.69 -98.14;841.47 -774.68;683.43 810.92;-51.49 -831.63;-650.62 805.80;260.62 335.20;647.95 -497.99;-128.43 -74.27;749.75 298.14;84.76 -539.44;-280.24 -566.88;-776.62 -458.87;346.78 746.70;-628.98 388.51;-679.97 -99.49;-277.42 357.68,nan;nan;nan;nan;nan;nan;nan;nan;nan;nan;nan;nan;nan;nan;nan;nan;nan;nan;nan;nan;nan;nan;nan;nan;nan;nan;nan;nan;nan;nan;nan;nan;nan;nan;nan;nan;nan;nan;nan;nan;nan;nan;nan;nan;nan;nan;nan;nan;135.1663;135.1663;135.1663;135.3108;135.5201;135.6709;135.9082;135.9082;135.9082;135.9137;136.1433;136.1433;136.4254;136.4588;136.4588;136.4588;136.4588;136.4588;136.4588;136.4588;136.5154;136.5154;136.5154;136.5157;136.5157;136.5157;136.5166;136.5166;136.5167;136.5168;136.5170;136.5170;136.5172;136.5172;136.5173;136.5173;136.5174;136.5174;136.5174;136.5176;136.5176;136.5176;136.5176;136.5177;136.5177;136.5177;136.5177;136.5177;136.5177;136.5177;136.5177;136.5177;136.5177;136.5177;136.5177;136.5177;136.5948;136.5948;136.5948;136.5948;136.5948;136.5948;136.8159;136.8159;136.8159;136.8159;136.8159;136.8159;136.8159;136.8159;136.8538;136.8538;136.8538;136.8538;136.8538;136.9190;137.0055;137.0071;137.0071;137.0071;137.0071;137.0071;137.0071;137.1997;137.1997;137.1997;137.1997;137.1997;137.1997;137.1997;137.1997;137.1997;137.2344;137.2344;137.2344;137.2344;137.2344;137.2344;137.2811;137.2811;137.2811;137.2811;137.2811;137.2811;137.2811;137.2811;137.2811;137.2811;137.2811;137.2811;137.2811;137.2811;137.2811;137.2811;137.2811;137.2811;137.2811;137.2811;137.2811;137.2811;137.2811;137.2811;137.2811;137.2811;137.2811;137.2811;137.2811;137.2811;137.2811;137.2828;137.2828;137.4055;137.4055;137.4424;137.4691;137.4691;137.7090;137.8872;137.8872;137.8872;137.8872;137.8872;137.8872;137.8872;137.8872;137.8872;137.9691;137.9691;137.9691;137.9691;137.9691;137.9691;137.9691
LXVNS,16,14,6030,138.25056403599154,149.2632720953485,True,333.6087250478734,5.676489417000084,-746.79 -396.57;397.54 -305.12;811.32 218.95;71.14 834.31;-393.09 -659.43;145.03 -809.96;578.07 -797.73;922.56 -771.28;-275.17 -67.34;-873.81 387.71;461.89 316.28;-396.23 449.46;223.30 83.11;761.19 642.88;789.96 -127.17;-590.18 754.14,nan;nan;nan;nan;nan;nan;nan;nan;nan;nan;nan;nan;nan;nan;nan;nan;nan;nan;nan;nan;nan;nan;nan;nan;nan;nan;nan;nan;nan;nan;nan;nan;nan;nan;nan;nan;nan;nan;nan;nan;nan;nan;nan;nan;nan;nan;nan;nan;nan;nan;nan;nan;nan;134.6685;134.6685;135.0211;135.2627;135.2627;135.3165;135.3171;135.3509;135.3660;135.3660;135.3660;135.4064;135.4064;135.4064;135.4064;135.4641;135.4641;135.4641;135.4641;135.4656;135.4656;135.4658;135.4661;135.4665;135.4665;135.4671;135.4671;135.4674;135.4680;135.4680;135.4692;135.4692;135.4699;135.4699;135.4700;135.4700;135.4701;135.4701;135.4701;135.4701;135.4701;135.4701;135.4702;135.4702;135.4702;135.4702;135.4702;135.4702;135.4702;135.4702;135.4702;135.6599;135.6599;135.6599;135.6599;135.6599;135.6599;135.6599;135.7027;135.7027;135.7027;135.7027;135.9827;135.9827;135.9827;135.9827;135.9827;135.9827;135.9904;135.9904;136.0881;136.0881;136.2147;136.2149;136.2149;136.2149;136.2149;136.2149;136.2149;136.2149;136.2149;136.2617;136.2797;136.4096;136.4116;136.4174;136.5105;136.5158;136.5449;136.5449;136.7793;136.7793;136.9395;136.9779;137.0552;137.0552;137.0552;137.0788;137.0788;137.0788;137.0788;137.1183;137.2257;137.2257;137.2257;137.2257;137.2257;137.2257;137.2257;137.2652;137.2856;137.3736;137.5652;137.5652;137.5936;137.5936;137.5936;137.5936;137.6226;137.6226;137.6226;137.6226;137.8052;137.8516;137.8516;137.8516;137.8516;137.8516;138.2216;138.2216;138.2216;138.2216;138.2216;138.2216;138.2216;138.2216;138.2216;138.2506;138.2506;138.2506;138.2506;138.2506;138.2506;138.2506;138.2506;138.2506;138.2506;138.2506
LXVNS,16,15,6030,137.2718340068501,149.2632720953485,True,322.83465782593595,5.8516057299998465,77.81 -805.07;737.59 -182.47;-784.65 117.97;-362.27 834.54;380.30 217.25;-365.15 206.81;-941.17 820.66;-655.93 669.46;102.69 728.67;-68.95 29.38;-711.85 -533.38;159.27 -246.09;763.51 362.61;505.95 -627.88;-430.06 -163.05;-893.05 424.98,nan;nan;nan;nan;nan;nan;nan;nan;nan;nan;nan;nan;nan;nan;nan;nan;nan;nan;nan;nan;nan;nan;nan;nan;nan;nan;nan;nan;nan;nan;nan;nan;nan;nan;nan;nan;nan;nan;nan;nan;nan;nan;nan;nan;nan;nan;nan;nan;nan;nan;nan;nan;nan;nan;nan;nan;nan;nan;nan;nan;nan;nan;nan;nan;nan;nan;nan;nan;134.5131;134.5131;134.5202;134.5207;134.5622;134.5622;134.5622;134.5622;134.5624;134.5625;134.5626;134.5628;134.5628;134.5628;134.5629;134.5630;134.5630;134.5630;134.5631;134.5631;134.5631;134.5631;134.5631;134.5632;134.5632;134.5632;134.5632;134.5632;134.5632;134.5632;134.5632;134.5633;134.5633;134.5633;134.6226;134.8987;134.8987;135.0324;135.0324;135.0324;135.0324;135.0324;135.8333;135.8907;135.8907;135.8907;135.8907;135.8907;135.8907;136.0160;136.0357;136.0361;136.0361;136.0361;136.0361;136.0361;136.0361;136.0361;136.0361;136.0361;136.0361;136.1606;136.1606;136.2163;136.2163;136.2163;136.2163;136.2893;136.2893;136.2893;136.3582;136.4363;136.5375;136.7093;136.7093;136.8416;136.9238;136.9238;136.9238;137.0152;137.1112;137.1112;137.1112;137.1112;137.1112;137.1112;137.1112;137.1112;137.1112;137.1112;137.1112;137.1112;137.1413;137.1587;137.1587;137.1587;137.1587;137.1587;137.1587;137.1587;137.1587;137.1587;137.1587;137.1587;137.1587;137.1587;137.1587;137.1587;137.1587;137.1587;137.1587;137.1587;137.2570;137.2570;137.2570;137.2718;137.2718;137.2718;137.2718;137.2718;137.2718;137.2718;137.2718;137.2718;137.2718;137.2718;137.2718;137.2718;137.2718;137.2718;137.2718;137.2718;137.2718
LXVNS,16,16,6030,138.34738763247165,149.2632720953485,True,327.89943246642986,5.803083998999682,811.75 -448.22;168.92 -105.10;-473.26 37.05;347.76 506.06;-424.51 464.17;-862.63 185.99;-296.71 -286.51;747.14 -791.68;-684.67 -833.30;189.17 -799.08;120.41 834.83;244.57 -460.91;-890.89 831.66;524.67 822.38;-67.38 566.04;-740.08 -467.22,nan;nan;nan;nan;nan;nan;nan;nan;nan;nan;nan;nan;nan;nan;nan;nan;nan;nan;nan;nan;nan;nan;nan;nan;nan;nan;nan;nan;nan;nan;nan;nan;nan;nan;nan;nan;nan;nan;nan;nan;nan;nan;nan;nan;nan;nan;nan;nan;nan;nan;nan;nan;nan;nan;nan;nan;nan;nan;nan;nan;nan;nan;nan;nan;nan;136.0745;136.3194;136.3619;136.4435;136.4435;136.5613;136.5613;136.5613;136.5613;136.5613;136.5613;136.5615;136.5619;136.5619;136.5619;136.5623;136.5624;136.5624;136.5627;136.5627;136.5627;136.5627;136.5627;136.5627;136.5628;136.5628;136.5628;136.5628;136.5628;136.5628;136.5628;136.5628;136.5628;136.5628;136.5628;136.5628;136.5628;136.5628;136.6379;136.7662;136.9730;136.9730;137.2256;137.2256;137.2256;137.2468;137.2468;137.3160;137.4020;137.4031;137.4031;137.4031;137.4031;137.4031;137.5001;137.5179;137.5179;137.5179;137.5179;137.5179;137.5179;137.5179;137.5179;137.5179;137.5179;137.5179;137.5179;137.5179;137.5179;137.5179;137.6471;137.6712;137.6712;137.6817;137.6817;137.6817;137.6817;137.6937;137.6939;137.6939;137.6939;137.8059;137.8059;137.8059;137.8059;137.8059;137.8059;137.8059;137.8059;137.8059;137.8059;137.8821;137.8821;137.8821;137.8821;137.8821;137.8821;137.8821;137.8821;137.8821;137.8821;137.8821;138.0389;138.0389;138.0389;138.0389;138.0389;138.0389;138.0389;138.0389;138.0389;138.2136;138.2136;138.2136;138.2136;138.2136;138.2144;138.2566;138.2677;138.2677;138.2677;138.2677;138.2677;138.2677;138.2677;138.2677;138.2677;138.2677;138.2677;138.2677;138.2677;138.2677;138.2677;138.2677;138.2677;138.3474
LXVNS,16,17,6030,137.6113560720331,149.2632720953485,True,329.34989617499616,5.884548604999964,627.66 -25.29;224.97 -771.90;419.58 664.19;-504.78 395.37;102.12 86.67;36.25 420.91;-548.60 -9.88;749.50 585.80;888.16 -781.86;425.52 -494.92;-909.61 657.33;-310.28 -384.62;92.50 752.59;-232.49 699.16;-551.53 824.80;-745.74 -657.72,nan;nan;nan;nan;nan;nan;nan;nan;nan;nan;nan;nan;nan;nan;nan;nan;nan;nan;nan;nan;nan;nan;nan;nan;nan;nan;nan;nan;nan;nan;nan;nan;nan;nan;nan;nan;nan;nan;nan;nan;nan;nan;nan;nan;nan;nan;nan;nan;nan;nan;nan;nan;nan;nan;nan;nan;nan;nan;nan;nan;nan;nan;135.9401;136.5120;136.5120;136.5630;136.6749;136.7770;136.8840;136.8840;136.8840;136.8840;136.8845;136.9017;136.9017;136.9021;136.9021;136.9021;136.9022;136.9398;136.9398;136.9400;136.9400;136.9400;136.9401;136.9401;136.9401;136.9402;136.9402;136.9402;136.9402;136.9403;136.9403;136.9403;136.9403;136.9403;136.9403;136.9403;136.9403;136.9403;136.9403;136.9403;136.9403;137.0229;137.0229;137.0229;137.1358;137.1374;137.1374;137.1374;137.1374;137.1374;137.1374;137.2239;137.2240;137.2240;137.3587;137.3587;137.3587;137.3587;137.3587;137.3587;137.3587;137.3587;137.3587;137.4568;137.4800;137.5443;137.5443;137.5443;137.5443;137.5443;137.5443;137.5443;137.5443;137.5443;137.5443;137.5443;137.5443;137.5443;137.5443;137.5443;137.5443;137.5443;137.5443;137.5443;137.5443;137.5443;137.5443;137.5443;137.5443;137.5443;137.5443;137.5443;137.5443;137.5443;137.5443;137.5443;137.5443;137.5443;137.5443;137.5443;137.5443;137.5443;137.5443;137.5443;137.5443;137.5443;137.5443;137.5443;137.5443;137.5443;137.5443;137.5443;137.5443;137.5443;137.5443;137.5443;137.6114;137.6114;137.6114;137.6114;137.6114;137.6114;137.6114;137.6114;137.6114;137.6114;137.6114;137.6114;137.6114;137.6114;137.6114;137.6114;137.6114;137.6114;137.6114;137.6114;137.6114;137.6114;137.6114
LXVNS,16,18,6030,136.88752865989386,149.2632720953485,True,321.3700649563685,5.675257925000096,589.42 320.75;790.34 -403.17;316.66 -447.61;348.24 95.00;-144.15 -558.30;-27.68 65.43;-742.74 777.55;75.64 529.79;558.91 -787.55;-728.60 -571.15;201.64 834.12;-291.86 280.37;89.68 -809.64;-742.55 -96.66;-474.54 544.77;-122.48 808.90,nan;nan;nan;nan;nan;nan;nan;nan;nan;nan;nan;nan;nan;nan;nan;nan;nan;nan;nan;nan;nan;nan;nan;nan;nan;nan;nan;nan;nan;nan;nan;nan;nan;nan;nan;nan;nan;nan;nan;nan;nan;nan;nan;nan;nan;nan;nan;nan;nan;nan;nan;nan;nan;nan;nan;nan;nan;nan;nan;135.0715;135.0715;135.3925;135.3925;135.3925;135.3925;135.4746;135.4746;135.4748;135.4748;135.4748;135.4901;135.5445;135.5445;135.5445;135.5646;135.5646;135.5647;135.5647;135.5647;135.5649;135.5650;135.5749;135.5749;135.5752;135.5752;135.5753;135.5753;135.5753;135.5753;135.5754;135.5754;135.5755;135.5755;135.5755;135.5755;135.5755;135.5755;135.5755;135.5755;135.5755;135.5755;135.6384;135.6384;135.6384;135.6743;135.6743;135.6743;135.6743;135.6743;135.7960;135.7960;135.7960;136.0947;136.0947;136.1017;136.1017;136.1017;136.1017;136.1017;136.1017;136.1017;136.1017;136.1995;136.1995;136.1995;136.2000;136.2028;136.2028;136.2028;136.2028;136.2028;136.2028;136.2028;136.2028;136.2356;136.2803;136.2803;136.2803;136.2803;136.2803;136.2803;136.2803;136.2803;136.2803;136.2803;136.2803;136.2803;136.2803;136.2803;136.2803;136.2803;136.2803;136.2803;136.2803;136.2803;136.2803;136.5372;136.5372;136.5372;136.5372;136.5884;136.6091;136.6091;136.6091;136.6091;136.6091;136.6091;136.6091;136.6091;136.6091;136.6091;136.6091;136.6091;136.6964;136.6964;136.6964;136.6984;136.7039;136.7039;136.7039;136.7039;136.7039;136.7039;136.7039;136.7039;136.7187;136.7187;136.7907;136.7907;136.7907;136.7907;136.7907;136.7907;136.7907;136.7907;136.7907;136.7907;136.8875;136.8875;136.8875;136.8875
LXVNS,16,19,6030,137.20920169994005,149.2632720953485,True,322.3756631074053,5.724381172999983,-0.88 -510.45;40.13 825.65;171.27 55.00;85.43 482.70;-194.33 -794.54;-758.53 718.83;-519.78 -257.17;-275.80 569.79;-773.09 -500.83;-495.49 64.29;408.35 396.85;635.80 -316.12;616.31 -750.27;-655.01 -830.94;219.90 -753.46;754.02 376.86,nan;nan;nan;nan;nan;nan;nan;nan;nan;nan;nan;nan;nan;nan;nan;nan;nan;nan;nan;nan;nan;nan;nan;nan;nan;nan;nan;nan;nan;nan;nan;nan;nan;nan;nan;nan;nan;nan;nan;nan;nan;nan;nan;nan;nan;nan;nan;nan;nan;nan;nan;nan;nan;nan;nan;nan;134.6446;135.2704;135.4048;135.4048;135.4048;135.4048;135.4048;135.4235;135.4235;135.4235;135.4438;135.4899;135.4899;135.4899;135.4900;135.4905;135.4905;135.4909;135.4909;135.4910;135.4910;135.4913;135.4915;135.4920;135.4920;135.4924;135.4924;135.4943;135.4943;135.4981;135.4981;135.4981;135.4981;135.4981;135.4981;135.4981;135.4981;135.4981;135.4981;135.4981;135.4982;135.4982;135.4982;135.4982;135.4982;135.9092;135.9092;135.9092;136.0572;136.0915;136.0915;136.0915;136.0915;136.0915;136.0915;136.0915;136.0915;136.0915;136.0915;136.0915;136.0915;136.0915;136.0915;136.0915;136.0915;136.2494;136.2494;136.2494;136.2494;136.2494;136.2494;136.2494;136.2494;136.2494;136.2494;136.2494;136.2494;136.2494;136.2494;136.2494;136.2494;136.2494;136.2494;136.2494;136.2955;136.2955;136.2955;136.4684;136.4684;136.5473;136.5506;136.5506;136.5506;136.5506;136.5506;136.5506;136.5506;136.5507;136.5802;136.5802;136.5802;136.5802;136.5802;136.5802;136.5802;136.5802;136.5802;136.5802;136.5802;136.5802;136.5802;136.5802;136.5802;136.5802;136.8512;136.8512;136.9117;136.9434;136.9434;136.9434;136.9434;136.9434;136.9954;136.9954;136.9954;137.1072;137.1072;137.1072;137.1072;137.1072;137.1072;137.1072;137.2092;137.2092;137.2092;137.2092;137.2092;137.2092;137.2092;137.2092;137.2092;137.2092;137.2092;137.2092;137.2092
LXVNS,16,20,6030,137.3703151984513,149.2632720953485,True,337.5190975241203,5.783476625000276,-436.36 -494.27;-530.55 121.31;809.70 -807.49;831.07 -157.89;-534.17 519.88;-50.56 -312.13;-829.22 -90.74;373.14 -629.45;190.96 502.10;26.59 821.40;548.88 746.68;436.61 -162.16;252.53 148.82;-722.69 829.52;723.52 -477.82;697.67 208.13,nan;nan;nan;nan;nan;nan;nan;nan;nan;nan;nan;nan;nan;nan;nan;nan;nan;nan;nan;nan;nan;nan;nan;nan;nan;nan;nan;nan;nan;nan;nan;nan;nan;nan;nan;nan;nan;nan;nan;nan;nan;nan;nan;nan;nan;nan;nan;nan;nan;nan;nan;nan;nan;nan;nan;nan;nan;nan;nan;nan;nan;nan;nan;nan;135.0487;135.0991;135.1732;135.1771;135.1771;135.3259;135.3656;135.3799;135.4043;135.5248;135.5248;135.5251;135.5252;135.5318;135.5318;135.5318;135.5322;135.5429;135.5429;135.5429;135.5430;135.5432;135.5432;135.5432;135.5432;135.5433;135.5433;135.5433;135.5433;135.5433;135.5433;135.5433;135.5434;135.5434;135.5434;135.5434;135.5434;136.0424;136.0877;136.4058;136.4058;136.4545;136.4547;136.4547;136.4547;136.4547;136.7797;136.7797;136.7797;136.7797;136.7797;136.7797;136.7797;136.7797;136.7797;136.7797;136.7797;136.8006;136.8926;136.8926;136.8926;136.8926;136.8926;136.8926;136.8926;136.8926;136.8926;136.8926;136.8926;136.8926;136.8963;136.8963;136.8963;136.8963;136.8963;136.8963;136.8963;136.8963;136.8995;136.8995;136.8995;136.9403;136.9403;136.9403;136.9403;136.9403;136.9403;136.9403;136.9403;136.9403;136.9403;136.9403;136.9403;136.9403;136.9403;136.9403;136.9403;136.9403;136.9403;136.9403;136.9403;136.9403;136.9403;136.9403;136.9403;136.9403;136.9403;136.9403;136.9403;137.1939;137.1939;137.1939;137.1939;137.1939;137.1939;137.1939;137.2586;137.2586;137.2586;137.2586;137.2586;137.2586;137.2586;137.2586;137.2586;137.2586;137.2795;137.2795;137.2795;137.2795;137.3095;137.3403;137.3403;137.3403;137.3403;137.3403;137.3703
LXVNS,16,21,6030,137.51529308320968,149.2632720953485,True,339.70008882173835,5.666405564000343,-505.17 768.43;50.94 134.90;711.14 -212.72;327.99 -814.90;771.07 238.78;-260.89 -776.69;-693.01 360.79;737.57 834.82;-704.61 -439.96;475.92 70.60;-738.37 -810.56;-293.53 266.33;455.61 428.46;-41.95 578.27;293.32 780.39;-777.10 -35.97,nan;nan;nan;nan;nan;nan;nan;nan;nan;nan;nan;nan;nan;nan;nan;nan;nan;nan;nan;nan;nan;nan;nan;nan;nan;nan;nan;nan;nan;nan;nan;nan;nan;nan;nan;nan;nan;nan;nan;nan;nan;nan;nan;nan;nan;nan;nan;nan;nan;nan;nan;nan;135.6839;135.6839;135.6839;135.6839;135.7605;135.8518;135.8518;135.9217;135.9217;135.9855;135.9855;136.1414;136.2057;136.2429;136.2429;136.2429;136.2429;136.2429;136.3097;136.3101;136.3101;136.3101;136.3103;136.3108;136.3110;136.3110;136.3115;136.3117;136.3118;136.3121;136.3121;136.3126;136.3126;136.3126;136.3127;136.3134;136.3134;136.3134;136.3134;136.3134;136.3134;136.3134;136.3134;136.3134;136.3134;136.3134;136.3134;136.3134;136.3134;136.3134;136.3134;136.3134;136.3342;136.3342;136.3342;136.3342;136.3342;136.3342;136.4273;136.4273;136.4273;136.4273;136.4273;136.4273;136.4273;136.4273;136.4273;136.5036;136.5288;136.5674;136.5674;136.5674;136.5674;136.5959;136.6842;136.7720;136.7720;136.9664;136.9664;136.9664;136.9664;136.9664;136.9664;136.9664;136.9664;137.1128;137.1128;137.1128;137.1128;137.1837;137.1837;137.1837;137.1837;137.1837;137.1837;137.1837;137.1842;137.1842;137.2430;137.2430;137.2430;137.2430;137.2924;137.2924;137.4580;137.4580;137.4580;137.4580;137.4580;137.4580;137.4580;137.4580;137.4580;137.4580;137.4580;137.4580;137.4580;137.4595;137.4595;137.4595;137.4595;137.4595;137.4595;137.4595;137.4608;137.4608;137.4608;137.4608;137.4608;137.4608;137.4608;137.4608;137.4608;137.4608;137.4608;137.4608;137.4789;137.4789;137.4789;137.4789;137.4789;137.4789;137.4927;137.4927;137.5153;137.5153;137.5153;137.5153;137.5153
LXVNS,16,22,6030,137.84518763442108,149.2632720953485,True,323.2712568145317,5.768221027999971,-738.26 778.45;158.36 61.34;855.36 -825.24;379.87 -603.76;-402.85 178.11;768.31 494.65;-185.62 807.78;497.05 302.29;117.54 506.20;53.23 -545.21;-171.25 -235.52;-485.35 -527.26;701.16 833.05;-714.99 -801.83;387.29 684.36;-811.15 146.10,nan;nan;nan;nan;nan;nan;nan;nan;nan;nan;nan;nan;nan;nan;nan;nan;nan;nan;nan;nan;nan;nan;nan;nan;nan;nan;nan;nan;nan;nan;nan;nan;nan;nan;nan;nan;nan;nan;nan;nan;nan;nan;nan;nan;nan;nan;nan;nan;nan;nan;nan;nan;nan;nan;nan;nan;nan;nan;nan;nan;nan;nan;nan;136.0274;136.1101;136.2928;136.2928;136.2928;136.3943;136.3953;136.3953;136.3953;136.3953;136.3958;136.3958;136.3961;136.3961;136.3964;136.3966;136.3968;136.3969;136.3969;136.3969;136.3969;136.3970;136.3970;136.3970;136.3973;136.3973;136.3973;136.3973;136.3973;136.3973;136.3973;136.3973;136.3973;136.3973;136.3973;136.3973;136.3973;136.3973;136.5192;136.5192;136.5192;136.5192;136.5192;136.5192;136.5763;136.5763;136.5763;136.5763;136.5763;136.6812;136.7445;136.7445;136.7445;136.7445;136.8607;136.8607;137.0075;137.0077;137.0077;137.0077;137.0077;137.0077;137.0077;137.0224;137.0224;137.1623;137.1623;137.1623;137.1623;137.1831;137.1847;137.1847;137.1847;137.1847;137.1847;137.1847;137.1847;137.2411;137.2439;137.2800;137.2800;137.2800;137.2800;137.2800;137.2800;137.3040;137.3040;137.3040;137.3425;137.4313;137.4313;137.4313;137.4313;137.4313;137.4313;137.4313;137.4313;137.4313;137.4313;137.4313;137.4313;137.4313;137.4411;137.4411;137.4411;137.4411;137.4411;137.6124;137.6315;137.6319;137.6319;137.6319;137.6319;137.6319;137.6319;137.6319;137.6319;137.6319;137.6319;137.6319;137.6319;137.7157;137.7157;137.7157;137.7157;137.7157;137.7157;137.7157;137.7157;137.7157;137.7157;137.8337;137.8337;137.8337;137.8337;137.8452;137.8452;137.8452
LXVNS,16,23,6030,137.9001642366024,149.2632720953485,True,325.6557574293373,5.7755187140001,-901.53 672.98;-763.89 -432.11;168.90 -784.58;748.52 250.75;-733.16 -808.36;-308.80 439.47;436.41 434.57;659.53 821.22;-784.52 142.17;211.87 832.48;41.62 554.86;-8.84 -358.46;550.57 -811.30;-218.09 -824.48;-482.91 -598.42;-302.29 -60.98,nan;nan;nan;nan;nan;nan;nan;nan;nan;nan;nan;nan;nan;nan;nan;nan;nan;nan;nan;nan;nan;nan;nan;nan;nan;nan;nan;nan;nan;nan;nan;nan;nan;nan;nan;nan;nan;nan;nan;nan;nan;nan;nan;nan;nan;nan;nan;nan;nan;nan;nan;nan;nan;nan;nan;nan;nan;nan;nan;nan;nan;nan;nan;nan;nan;nan;nan;nan;nan;nan;nan;nan;nan;nan;nan;nan;nan;nan;nan;nan;nan;nan;nan;nan;nan;nan;nan;nan;nan;nan;nan;nan;nan;nan;nan;nan;nan;nan;nan;nan;nan;nan;nan;nan;nan;nan;nan;nan;nan;nan;nan;nan;nan;nan;nan;nan;nan;nan;nan;nan;nan;nan;nan;nan;nan;nan;nan;nan;nan;nan;nan;nan;nan;135.3697;135.6613;136.0382;136.0382;136.0505;136.0505;136.0505;136.0804;136.0804;136.0804;136.0804;136.0804;136.0804;136.1558;136.1558;136.2943;136.4388;136.5804;136.5804;136.5804;136.6781;136.7019;136.7339;136.7339;136.7339;136.7339;136.7339;136.8656;136.8656;136.8656;136.9499;137.4346;137.4346;137.4346;137.4800;137.4800;137.4800;137.6745;137.8666;137.8666;137.8666;137.8666;137.8666;137.8666;137.8666;137.8666;137.8666;137.8666;137.8666;137.8666;137.9002;137.9002;137.9002;137.9002;137.9002;137.9002;137.9002;137.9002;137.9002;137.9002;137.9002;137.9002;137.9002;137.9002;137.9002;137.9002;137.9002;137.9002
LXVNS,16,24,6030,138.03498591350598,149.2632720953485,True,355.13054666924967,5.919504835000225,-49.04 -824.55;-291.34 -231.27;-364.51 813.34;763.46 -755.30;499.77 -77.30;819.15 77.99;-759.76 -281.86;572.20 696.52;-641.59 -752.55;735.28 -391.85;-87.04 158.84;129.10 -167.42;252.58 444.36;111.08 822.57;-487.54 411.19;-866.58 706.50,nan;nan;nan;nan;nan;nan;nan;nan;nan;nan;nan;nan;nan;nan;nan;nan;nan;nan;nan;nan;nan;nan;nan;nan;nan;nan;nan;nan;nan;nan;nan;nan;nan;nan;nan;nan;nan;nan;nan;nan;nan;nan;nan;nan;nan;nan;nan;nan;nan;nan;nan;nan;nan;nan;nan;nan;nan;nan;nan;nan;nan;nan;nan;nan;nan;nan;nan;nan;nan;nan;nan;nan;nan;nan;nan;nan;nan;nan;nan;nan;nan;nan;nan;nan;nan;nan;nan;nan;nan;nan;nan;nan;nan;nan;nan;nan;nan;nan;nan;nan;nan;nan;nan;nan;nan;nan;nan;nan;nan;nan;nan;nan;nan;nan;nan;nan;nan;nan;nan;nan;nan;nan;nan;nan;nan;nan;nan;nan;nan;135.8333;135.8333;135.8333;135.8375;135.8375;135.8375;135.8375;136.2164;136.3560;136.5132;136.5582;136.6098;136.6098;136.6098;136.6098;136.6098;136.6098;136.6180;136.6191;136.6706;136.6706;136.7033;136.7045;136.7549;136.7549;136.7549;136.7549;136.8568;137.3443;137.3457;137.3457;137.3457;137.3457;137.3830;137.3830;137.3830;137.3830;137.3830;137.3863;137.5213;137.5213;137.7314;137.7578;137.7578;137.7578;137.7578;137.7578;137.7578;137.7578;137.7578;137.7578;137.7578;137.7578;137.7578;137.7578;137.7578;137.7578;137.7578;137.7578;137.7578;137.7578;137.7578;137.7578;137.7578;137.7578;137.7578;137.9148;137.9182;137.9182;137.9243;137.9243;138.0350
LXVNS,16,25,6030,135.76622956520674,149.2632720953485,True,320.5618461597036,5.890733487000034,358.61 300.56;-294.76 -623.71;640.61 -834.65;-870.00 400.53;-215.45 -220.60;-596.69 -486.24;792.71 -216.48;61.99 796.26;-274.84 655.79;286.13 -14.09;6.02 168.68;-338.44 139.14;254.51 -336.68;23.44 -780.73;560.60 665.30;371.07 -661.13,nan;nan;nan;nan;nan;nan;nan;nan;nan;nan;nan;nan;nan;nan;nan;nan;nan;nan;nan;nan;nan;nan;nan;nan;nan;nan;nan;nan;nan;nan;nan;nan;nan;nan;nan;nan;nan;nan;nan;nan;nan;nan;nan;nan;nan;nan;nan;nan;nan;nan;nan;nan;nan;nan;nan;nan;nan;nan;nan;nan;nan;nan;nan;nan;nan;nan;nan;nan;nan;nan;nan;nan;nan;nan;nan;nan;nan;nan;nan;nan;nan;nan;nan;nan;nan;nan;nan;nan;nan;nan;nan;nan;nan;nan;nan;nan;nan;nan;nan;nan;nan;nan;nan;nan;nan;nan;nan;nan;nan;nan;nan;nan;nan;nan;nan;nan;nan;nan;nan;nan;nan;nan;nan;nan;nan;nan;nan;nan;nan;nan;nan;nan;nan;nan;nan;nan;nan;nan;nan;nan;nan;nan;nan;nan;nan;nan;nan;nan;nan;nan;nan;nan;nan;nan;nan;nan;nan;nan;nan;nan;nan;nan;nan;nan;nan;nan;nan;nan;nan;nan;nan;nan;nan;nan;nan;nan;nan;nan;nan;nan;nan;134.7084;134.8626;135.2279;135.2513;135.2513;135.2513;135.2513;135.2513;135.3494;135.6608;135.6608;135.6608;135.6608;135.7662;135.7662;135.7662;135.7662;135.7662;135.7662;135.7662
LXVNS,16,26,6030,138.32859182779575,149.2632720953485,True,322.264149462064,5.799916908999876,-70.32 814.83;709.39 339.92;-714.57 -834.62;-591.69 -536.70;-108.26 136.88;862.36 -787.69;-585.48 831.14;851.82 -173.36;528.81 -755.12;735.82 834.49;-350.11 -824.43;330.22 228.84;-202.20 -503.48;417.02 -354.91;-802.45 -39.27;221.88 -641.87,nan;nan;nan;nan;nan;nan;nan;nan;nan;nan;nan;nan;nan;nan;nan;nan;nan;nan;nan;nan;nan;nan;nan;nan;nan;nan;nan;nan;nan;nan;nan;nan;nan;nan;nan;nan;nan;nan;nan;nan;nan;nan;nan;nan;nan;nan;nan;nan;136.4440;136.4440;136.4440;136.4440;136.4440;136.4440;136.4440;136.4440;136.4440;136.4440;136.4440;136.6244;136.6244;136.7120;136.7120;136.7516;136.7516;136.7979;136.8281;136.8281;136.8733;136.8735;136.8863;136.9189;136.9189;136.9202;136.9202;136.9204;136.9208;136.9221;136.9221;136.9239;136.9239;136.9244;136.9244;136.9258;136.9258;136.9258;136.9259;136.9259;136.9259;136.9260;136.9260;136.9260;136.9260;136.9261;136.9261;136.9261;136.9261;136.9261;136.9261;136.9261;136.9261;136.9261;136.9261;136.9261;136.9261;136.9261;136.9600;137.0191;137.0762;137.0762;137.2079;137.2079;137.2079;137.2079;137.2079;137.2079;137.2079;137.2079;137.2079;137.2079;137.2079;137.2079;137.2079;137.2079;137.2079;137.2533;137.2533;137.2533;137.2533;137.2533;137.2533;137.2533;137.2533;137.2533;137.2884;137.2884;137.2884;137.2884;137.2884;137.2884;137.2884;137.2884;137.2884;137.2884;137.2884;137.2884;137.2884;137.6368;137.6373;137.6373;137.6373;137.6373;137.6373;137.6602;137.6844;137.6844;137.6844;137.6844;137.7134;137.7150;137.7150;137.7150;137.8025;137.8025;137.8025;137.8025;137.8025;137.8380;137.9796;138.0660;138.0660;138.0660;138.0660;138.0660;138.0660;138.0660;138.0660;138.0660;138.0660;138.0660;138.0660;138.0660;138.0660;138.0660;138.0660;138.0660;138.0660;138.0660;138.0660;138.2501;138.2501;138.2501;138.2958;138.2958;138.2958;138.2958;138.2958;138.3110;138.3120;138.3286;138.3286
LXVNS,16,27,6030,137.8771267486157,149.2632720953485,True,323.4749414666284,5.903795073999845,-750.98 -350.43;-375.92 -509.61;784.57 -157.19;-873.18 769.39;349.37 822.29;739.22 816.42;282.03 -46.32;616.58 512.18;44.80 -780.07;753.19 -676.28;-51.14 267.18;173.86 -353.30;-21.16 824.09;-752.26 -13.79;-452.24 808.81;-361.86 -186.44,nan;nan;nan;nan;nan;nan;nan;nan;nan;nan;nan;nan;nan;nan;nan;nan;nan;nan;nan;nan;nan;nan;nan;nan;nan;nan;nan;nan;nan;nan;nan;nan;nan;nan;nan;nan;nan;nan;nan;nan;nan;nan;nan;nan;nan;nan;nan;nan;nan;nan;nan;nan;nan;nan;nan;nan;nan;nan;nan;nan;nan;nan;nan;nan;nan;nan;nan;nan;nan;nan;nan;nan;nan;nan;nan;nan;nan;nan;nan;nan;nan;nan;nan;nan;nan;nan;nan;nan;nan;nan;nan;nan;nan;nan;nan;nan;nan;nan;nan;nan;nan;nan;nan;nan;nan;nan;nan;nan;nan;nan;nan;nan;nan;nan;nan;nan;nan;nan;nan;nan;nan;nan;nan;nan;nan;nan;nan;nan;nan;nan;nan;nan;nan;nan;134.7844;134.7844;135.0223;135.0223;135.0223;135.6593;135.6593;135.6593;135.6593;135.6593;135.6593;135.6593;135.6593;135.8072;135.8072;135.8072;135.8072;135.8072;135.9059;135.9059;135.9059;135.9059;135.9110;135.9110;136.0961;136.0977;136.0977;136.0977;136.0977;136.0977;136.1827;136.1827;136.2588;136.2588;136.2588;136.2588;136.3141;136.3141;136.3141;136.3141;136.3141;136.3141;136.3845;136.3845;136.4224;136.4225;136.4225;136.7868;136.8384;136.8608;136.8608;136.8608;136.9988;136.9988;136.9988;137.1090;137.2175;137.2175;137.5312;137.5312;137.5312;137.5312;137.5312;137.7384;137.8730;137.8771;137.8771
LXVNS,16,28,6030,137.62027515057974,149.2632720953485,True,326.5231028538802,5.945608268999877,-834.39 252.34;-255.86 834.34;273.68 819.17;-378.31 -393.17;-852.51 811.91;-481.57 91.12;-3.88 626.68;164.14 255.22;-799.46 -252.37;43.84 -173.93;402.20 -819.54;61.47 -583.54;611.36 -467.79;-766.35 -591.72;-568.58 442.19;730.19 84.79,nan;nan;nan;nan;nan;nan;nan;nan;nan;nan;nan;nan;nan;nan;nan;nan;nan;nan;nan;nan;nan;nan;nan;nan;nan;nan;nan;nan;nan;nan;nan;nan;nan;nan;nan;nan;nan;nan;nan;nan;nan;nan;nan;nan;nan;nan;nan;nan;nan;nan;nan;nan;nan;nan;nan;nan;nan;nan;nan;nan;nan;nan;nan;136.0674;136.0674;136.1465;136.1465;136.1501;136.2199;136.2205;136.2205;136.2205;136.2205;136.2205;136.2215;136.2563;136.2935;136.2935;136.2938;136.2940;136.2940;136.2940;136.2940;136.2941;136.2941;136.2942;136.2942;136.2944;136.2944;136.2946;136.2946;136.2947;136.2947;136.2947;136.2947;136.2947;136.2947;136.2947;136.2947;136.2947;136.2947;136.2947;136.2947;136.2947;136.2947;136.2947;136.2947;136.2947;136.5425;136.5425;136.5425;136.5425;136.5425;136.7941;136.8818;136.9663;136.9663;136.9663;137.0108;137.0141;137.0141;137.0141;137.0710;137.0710;137.1494;137.1494;137.1494;137.1494;137.1494;137.1494;137.1494;137.1494;137.1494;137.1494;137.1494;137.1494;137.1943;137.1943;137.1943;137.1943;137.1943;137.2577;137.2607;137.2971;137.2991;137.3094;137.3094;137.3094;137.3094;137.3094;137.3094;137.3094;137.3094;137.3094;137.3094;137.3094;137.3094;137.3094;137.3094;137.3094;137.3094;137.3094;137.3094;137.3094;137.3094;137.3094;137.3094;137.3094;137.3094;137.3094;137.3094;137.3510;137.3510;137.3510;137.3510;137.3510;137.3510;137.3510;137.3510;137.3510;137.3510;137.3510;137.3510;137.3510;137.3510;137.3510;137.4577;137.4577;137.4577;137.6078;137.6078;137.6078;137.6078;137.6078;137.6078;137.6078;137.6078;137.6078;137.6078;137.6203;137.6203
LXVNS,16,29,6030,137.58629018739936,149.2632720953485,True,338.4133296667486,5.679132009999648,353.45 37.90;658.21 832.59;726.23 -164.62;-96.81 -568.30;-29.23 -35.93;-415.12 833.73;-463.86 2.44;662.50 -669.38;-680.73 -818.47;-633.05 -340.66;-92.19 436.66;759.24 436.45;276.72 -834.54;351.39 -330.84;-443.78 496.20;148.60 674.45,nan;nan;nan;nan;nan;nan;nan;nan;nan;nan;nan;nan;nan;nan;nan;nan;nan;nan;nan;nan;nan;nan;nan;nan;nan;nan;nan;nan;nan;nan;nan;nan;nan;nan;nan;nan;nan;nan;nan;nan;nan;nan;nan;nan;nan;nan;nan;nan;nan;nan;nan;nan;nan;nan;nan;nan;nan;nan;nan;135.7488;136.2141;136.2141;136.2141;136.2141;136.2141;136.2141;136.2141;136.2164;136.2164;136.2164;136.2164;136.2164;136.2177;136.2177;136.2184;136.2185;136.2190;136.2199;136.2199;136.2207;136.2207;136.2212;136.2212;136.2214;136.2214;136.2217;136.2217;136.2218;136.2218;136.2218;136.2218;136.2218;136.2218;136.2218;136.2218;136.2219;136.2219;136.2219;136.2219;136.2219;136.2219;136.2219;136.2349;136.2349;136.2760;136.2886;136.3513;136.4129;136.4129;136.4129;136.4129;136.4129;136.4129;136.4129;136.5088;136.5088;136.5088;136.5276;136.5276;136.5276;136.5276;136.5276;136.5276;136.5276;136.5276;136.5276;136.5276;136.5276;136.6020;136.6213;136.6213;136.6213;136.6213;136.6213;136.6213;136.6213;136.6213;136.6213;136.6213;136.6213;136.7406;136.7406;136.7406;136.7406;136.7406;136.8002;136.8002;136.8002;136.8056;136.8056;136.8056;136.8056;136.8056;136.9433;136.9433;136.9433;136.9433;136.9433;136.9433;136.9433;136.9433;136.9433;136.9433;136.9433;136.9433;136.9433;136.9433;136.9433;136.9433;136.9433;136.9433;136.9433;136.9433;137.0179;137.0692;137.1380;137.1396;137.1396;137.2264;137.2264;137.2264;137.2264;137.3503;137.3503;137.3503;137.3503;137.3503;137.3503;137.3503;137.3503;137.4613;137.5287;137.5287;137.5287;137.5287;137.5287;137.5287;137.5287;137.5863;137.5863;137.5863
LXVNS,16,30,6030,136.13306300805561,149.2632720953485,True,320.72009632432867,6.220069394999882,735.75 -33.74;-595.21 -505.52;932.89 -758.48;64.30 428.23;-357.51 -273.45;-11.16 -435.46;-220.06 227.14;-423.81 614.97;330.97 -556.36;-563.01 -833.88;-190.94 -808.51;-742.01 -97.46;614.43 362.28;-97.05 -69.05;392.18 -183.17;360.48 780.66,nan;nan;nan;nan;nan;nan;nan;nan;nan;nan;nan;nan;nan;nan;nan;nan;nan;nan;nan;nan;nan;nan;nan;nan;nan;nan;nan;nan;nan;nan;nan;nan;nan;nan;nan;nan;nan;nan;nan;nan;nan;nan;nan;nan;nan;nan;nan;nan;nan;nan;nan;nan;nan;nan;nan;nan;nan;nan;nan;nan;nan;nan;nan;nan;nan;nan;nan;nan;nan;nan;nan;nan;nan;nan;nan;nan;nan;nan;nan;nan;nan;nan;nan;nan;nan;nan;nan;nan;nan;nan;nan;nan;nan;nan;nan;nan;nan;nan;nan;nan;nan;nan;nan;nan;nan;nan;nan;nan;nan;nan;nan;nan;nan;nan;nan;nan;nan;nan;nan;nan;nan;nan;nan;nan;nan;nan;nan;nan;nan;nan;nan;nan;nan;nan;nan;nan;nan;nan;nan;nan;nan;nan;nan;nan;nan;nan;nan;nan;nan;nan;nan;nan;nan;nan;nan;nan;nan;nan;nan;nan;nan;nan;nan;nan;nan;nan;nan;nan;nan;nan;nan;nan;nan;135.1010;135.1010;135.1010;135.1010;135.2380;135.2380;135.7705;135.8076;135.9271;135.9271;135.9271;135.9271;135.9271;135.9271;135.9392;136.0320;136.0320;136.0320;136.0320;136.0320;136.0320;136.0649;136.0649;136.0649;136.1331;136.1331;136.1331;136.1331
