turbines,participant,file,aep_published,aep_ours,max_excess_m,n_outside_strict,min_spacing_m,feasible_strict,projected_ok,aep_projected,min_spacing_projected_m,feasible_projected,loss_pct,loss_projected_pct,aep_change_projection
16,par1,iea37_data/iea37-cs1-results/iea37-par1-opt16.yaml,411182.219980,411182.219980,0.000998,0,439.121068,True,True,411182.183703,439.121068,True,12.427967,12.427975,-0.036277
16,par2,iea37_data/iea37-cs1-results/iea37-par2-opt16.yaml,409689.441740,409689.441738,0.000016,0,522.046274,True,True,409689.441166,522.046274,True,12.745893,12.745894,-0.000572
16,par3,iea37_data/iea37-cs1-results/iea37-par3-opt16.yaml,402318.756700,402318.756700,0.000000,0,376.200838,True,True,402318.756699,376.200838,True,14.315674,14.315674,-0.000000
16,par4,iea37_data/iea37-cs1-results/iea37-par4-opt16.yaml,418924.406363,418924.406363,0.000000,0,357.615048,True,True,418924.406363,357.615048,True,10.779066,10.779066,-0.000000
16,par5,iea37_data/iea37-cs1-results/iea37-par5-opt16.yaml,414141.293761,414141.293757,-0.011917,0,418.997342,True,True,414141.293757,418.997342,True,11.797755,11.797755,0.000000
16,par6,iea37_data/iea37-cs1-results/iea37-par6-opt16.yaml,388758.357290,388758.357287,-0.000007,0,387.204008,True,True,388758.357287,387.204008,True,17.203717,17.203717,0.000000
16,par7,iea37_data/iea37-cs1-results/iea37-par7-opt16.yaml,392587.858031,392587.858030,-2.296146,0,366.084573,True,True,392587.858030,366.084573,True,16.388124,16.388124,0.000000
16,par8,iea37_data/iea37-cs1-results/iea37-par8-opt16.yaml,412251.194530,412251.194530,0.001020,1,260.000854,False,True,412251.180733,260.000854,True,12.200301,12.200304,-0.013797
16,par9,iea37_data/iea37-cs1-results/iea37-par9-opt16.yaml,388342.700410,388342.700412,0.000000,0,263.254954,True,True,388342.700412,263.254954,True,17.292242,17.292242,0.000000
16,par10,iea37_data/iea37-cs1-results/iea37-par10-opt16.yaml,408360.781250,408360.781250,-0.000000,0,308.275410,True,True,408360.781250,308.275410,True,13.028867,13.028867,0.000000
16,par11,iea37_data/iea37-cs1-results/iea37-par11-opt16.yaml,409850.327450,409850.327449,0.005259,4,464.053632,False,True,409849.920987,464.053632,True,12.711629,12.711715,-0.406462
16,par12,iea37_data/iea37-cs1-results/iea37-par12-opt16.yaml,421561.897151,421561.897151,3.518155,4,563.298196,False,True,421451.072259,562.904423,True,10.217343,10.240946,-110.824891
36,par1,iea37_data/iea37-cs1-results/iea37-par1-opt36.yaml,844281.160860,844281.160860,0.000033,0,260.000000,True,True,844281.159650,260.000000,True,20.083642,20.083642,-0.001210
36,par2,iea37_data/iea37-cs1-results/iea37-par2-opt36.yaml,849369.786330,849369.786335,0.000043,0,286.122168,True,True,849369.782622,286.122168,True,19.601972,19.601973,-0.003712
36,par3,iea37_data/iea37-cs1-results/iea37-par3-opt36.yaml,828745.599160,828745.599157,0.000000,0,268.619478,True,True,828745.599157,268.619478,True,21.554177,21.554177,-0.000000
36,par4,iea37_data/iea37-cs1-results/iea37-par4-opt36.yaml,863676.299316,863676.299316,0.000000,0,262.191544,True,True,863676.299316,262.191544,True,18.247774,18.247774,-0.000000
36,par5,iea37_data/iea37-cs1-results/iea37-par5-opt36.yaml,820394.240286,820394.240286,-0.025875,0,166.303266,False,True,820394.240286,166.303266,False,22.344684,22.344684,0.000000
36,par6,iea37_data/iea37-cs1-results/iea37-par6-opt36.yaml,776000.142460,776000.142462,0.000000,0,282.691812,True,True,776000.142462,282.691812,True,26.546856,26.546856,0.000000
36,par7,iea37_data/iea37-cs1-results/iea37-par7-opt36.yaml,777475.782726,777475.782724,-2.387035,0,238.344459,False,True,777475.782724,238.344459,False,26.407178,26.407178,0.000000
36,par8,iea37_data/iea37-cs1-results/iea37-par8-opt36.yaml,846357.814197,846357.814197,0.006504,2,465.603118,False,True,846357.555870,465.603118,True,19.887074,19.887098,-0.258327
36,par9,iea37_data/iea37-cs1-results/iea37-par9-opt36.yaml,813544.210480,813544.210476,0.000000,0,260.034416,True,True,813544.210476,260.034416,True,22.993082,22.993082,-0.000000
36,par10,iea37_data/iea37-cs1-results/iea37-par10-opt36.yaml,851631.931000,851631.930999,-0.000000,0,260.000001,True,True,851631.930999,260.000001,True,19.387847,19.387847,0.000000
36,par11,iea37_data/iea37-cs1-results/iea37-par11-opt36.yaml,846255.150270,846255.150268,0.000162,0,326.294487,True,True,846255.148710,326.294425,True,19.896792,19.896792,-0.001559
36,par12,iea37_data/iea37-cs1-results/iea37-par12-opt36.yaml,882383.304032,882383.304032,0.004861,4,596.241757,False,True,882382.775185,596.240268,True,16.477042,16.477092,-0.528847
