Case,Turbines,BoundaryRadius_m,Participant,Algorithm,AEP_MWh_reported,AEP_MWh_official_calc,AEP_MWh_iea37_model,AEP_MWh_boundary_projected,MinSpacing_m,MaxBoundaryExcess_m,Source,Feasible_tol1e-3m,RankAmongParticipants,Notes
IEA37 CS1 16-turbine,16,1300.0,baseline (example layout),n/a (official example layout iea37-ex16.yaml),366941.57116,366941.57116,366941.571156768,366941.5726132189,649.9999518291444,2.9665638066944663e-05,https://github.com/IEAWindTask37/iea37-wflo-casestudies/blob/267f6e5d2906400b2ee0a8ff533da7ebcc4bb47a/cs1-2/iea37-ex16.yaml,True,,feasible (tol 1 mm)
IEA37 CS1 16-turbine,16,1300.0,par1,not recorded in repository; Baker et al. 2019 tables not accessible from this session,411182.2199799724,411182.21998,411182.2199799724,411182.18370286794,439.121068328693,0.0009980660088331,https://github.com/IEAWindTask37/iea37-wflo-casestudies/blob/267f6e5d2906400b2ee0a8ff533da7ebcc4bb47a/cs1-2/iea37-cs1-results/iea37-par1-opt16.yaml,True,5.0,feasible (tol 1 mm)
IEA37 CS1 16-turbine,16,1300.0,par2,not recorded in repository; Baker et al. 2019 tables not accessible from this session,409689.44174,409689.44174,409689.4417375193,409689.44116590195,522.0462735931555,1.6246007589870715e-05,https://github.com/IEAWindTask37/iea37-wflo-casestudies/blob/267f6e5d2906400b2ee0a8ff533da7ebcc4bb47a/cs1-2/iea37-cs1-results/iea37-par2-opt16.yaml,True,7.0,feasible (tol 1 mm)
IEA37 CS1 16-turbine,16,1300.0,par3,not recorded in repository; Baker et al. 2019 tables not accessible from this session,402318.7567,402318.7567,402318.7566998219,402318.75669944996,376.2008377010093,6.430354915210046e-09,https://github.com/IEAWindTask37/iea37-wflo-casestudies/blob/267f6e5d2906400b2ee0a8ff533da7ebcc4bb47a/cs1-2/iea37-cs1-results/iea37-par3-opt16.yaml,True,9.0,feasible (tol 1 mm)
IEA37 CS1 16-turbine,16,1300.0,par4,SNOPT+WEC (Baker et al. 2019 abstract: 'sub4' = SNOPT+WEC; par4 = sub4 assumed),418924.406362956,418924.40636,418924.4063629559,418924.4063629558,357.6150476897772,3.865352482534945e-12,https://github.com/IEAWindTask37/iea37-wflo-casestudies/blob/267f6e5d2906400b2ee0a8ff533da7ebcc4bb47a/cs1-2/iea37-cs1-results/iea37-par4-opt16.yaml,True,2.0,feasible (tol 1 mm)
IEA37 CS1 16-turbine,16,1300.0,par5,not recorded in repository; Baker et al. 2019 tables not accessible from this session,414141.293761,414141.29376,414141.2937569025,414141.29375690245,418.9973420469502,-0.0119173615230465,https://github.com/IEAWindTask37/iea37-wflo-casestudies/blob/267f6e5d2906400b2ee0a8ff533da7ebcc4bb47a/cs1-2/iea37-cs1-results/iea37-par5-opt16.yaml,True,3.0,feasible (tol 1 mm)
IEA37 CS1 16-turbine,16,1300.0,par6,not recorded in repository; Baker et al. 2019 tables not accessible from this session,388758.35729,388758.35729,388758.3572866955,388758.3572866955,387.20400781981954,-6.631283440583502e-06,https://github.com/IEAWindTask37/iea37-wflo-casestudies/blob/267f6e5d2906400b2ee0a8ff533da7ebcc4bb47a/cs1-2/iea37-cs1-results/iea37-par6-opt16.yaml,True,11.0,feasible (tol 1 mm)
IEA37 CS1 16-turbine,16,1300.0,par7,not recorded in repository; Baker et al. 2019 tables not accessible from this session,392587.858031,392587.85803,392587.8580299532,392587.8580299532,366.0845734391766,-2.2961462181383467,https://github.com/IEAWindTask37/iea37-wflo-casestudies/blob/267f6e5d2906400b2ee0a8ff533da7ebcc4bb47a/cs1-2/iea37-cs1-results/iea37-par7-opt16.yaml,True,10.0,feasible (tol 1 mm)
IEA37 CS1 16-turbine,16,1300.0,par8,not recorded in repository; Baker et al. 2019 tables not accessible from this session,412251.19453009777,412251.19453,412251.19453009777,412251.1807327245,260.0008540005206,0.0010203769072631,https://github.com/IEAWindTask37/iea37-wflo-casestudies/blob/267f6e5d2906400b2ee0a8ff533da7ebcc4bb47a/cs1-2/iea37-cs1-results/iea37-par8-opt16.yaml,False,4.0,"1 turbine(s) outside boundary, max 0.00102 m"
IEA37 CS1 16-turbine,16,1300.0,par9,not recorded in repository; Baker et al. 2019 tables not accessible from this session,388342.70041,388342.70041,388342.7004116082,388342.70041167154,263.2549536196157,4.582716428558342e-09,https://github.com/IEAWindTask37/iea37-wflo-casestudies/blob/267f6e5d2906400b2ee0a8ff533da7ebcc4bb47a/cs1-2/iea37-cs1-results/iea37-par9-opt16.yaml,True,12.0,feasible (tol 1 mm)
IEA37 CS1 16-turbine,16,1300.0,par10,not recorded in repository; Baker et al. 2019 tables not accessible from this session,408360.78125,408360.78125,408360.7812497533,408360.7812497533,308.27541008664025,-8.645429261378013e-09,https://github.com/IEAWindTask37/iea37-wflo-casestudies/blob/267f6e5d2906400b2ee0a8ff533da7ebcc4bb47a/cs1-2/iea37-cs1-results/iea37-par10-opt16.yaml,True,8.0,feasible (tol 1 mm)
IEA37 CS1 16-turbine,16,1300.0,par11,not recorded in repository; Baker et al. 2019 tables not accessible from this session,409850.32745,409850.32745,409850.3274488824,409849.92098655266,464.05363195647993,0.0052585482108042,https://github.com/IEAWindTask37/iea37-wflo-casestudies/blob/267f6e5d2906400b2ee0a8ff533da7ebcc4bb47a/cs1-2/iea37-cs1-results/iea37-par11-opt16.yaml,False,6.0,"4 turbine(s) outside boundary, max 0.005259 m"
IEA37 CS1 16-turbine,16,1300.0,par12,not recorded in repository; Baker et al. 2019 tables not accessible from this session,421561.897150662,421561.89715,421561.897150662,421451.0722591635,563.2981960596003,3.5181552724918674,https://github.com/IEAWindTask37/iea37-wflo-casestudies/blob/267f6e5d2906400b2ee0a8ff533da7ebcc4bb47a/cs1-2/iea37-cs1-results/iea37-par12-opt16.yaml,False,1.0,"4 turbine(s) outside boundary, max 3.518 m"
IEA37 CS1 36-turbine,36,2000.0,baseline (example layout),n/a (official example layout iea37-ex36.yaml),737883.09851,737883.09851,737883.0985079054,737883.0986298023,666.6666,1.8233026821690144e-06,https://github.com/IEAWindTask37/iea37-wflo-casestudies/blob/267f6e5d2906400b2ee0a8ff533da7ebcc4bb47a/cs1-2/iea37-ex36.yaml,True,,feasible (tol 1 mm)
IEA37 CS1 36-turbine,36,2000.0,par1,not recorded in repository; Baker et al. 2019 tables not accessible from this session,844281.1608597545,844281.16086,844281.1608597547,844281.1596499039,260.0000003190117,3.261772553742048e-05,https://github.com/IEAWindTask37/iea37-wflo-casestudies/blob/267f6e5d2906400b2ee0a8ff533da7ebcc4bb47a/cs1-2/iea37-cs1-results/iea37-par1-opt36.yaml,True,7.0,feasible (tol 1 mm)
IEA37 CS1 36-turbine,36,2000.0,par2,not recorded in repository; Baker et al. 2019 tables not accessible from this session,849369.78633,849369.78633,849369.7863348292,849369.7826223704,286.1221677815614,4.282210193196079e-05,https://github.com/IEAWindTask37/iea37-wflo-casestudies/blob/267f6e5d2906400b2ee0a8ff533da7ebcc4bb47a/cs1-2/iea37-cs1-results/iea37-par2-opt36.yaml,True,4.0,feasible (tol 1 mm)
IEA37 CS1 36-turbine,36,2000.0,par3,not recorded in repository; Baker et al. 2019 tables not accessible from this session,828745.59916,828745.59916,828745.5991572518,828745.5991571451,268.619477647838,5.486981535796076e-09,https://github.com/IEAWindTask37/iea37-wflo-casestudies/blob/267f6e5d2906400b2ee0a8ff533da7ebcc4bb47a/cs1-2/iea37-cs1-results/iea37-par3-opt36.yaml,True,8.0,feasible (tol 1 mm)
IEA37 CS1 36-turbine,36,2000.0,par4,SNOPT+WEC (Baker et al. 2019 abstract: 'sub4' = SNOPT+WEC; par4 = sub4 assumed),863676.2993158966,863676.29932,863676.2993158966,863676.2993158959,262.19154368739186,3.501554601825774e-11,https://github.com/IEAWindTask37/iea37-wflo-casestudies/blob/267f6e5d2906400b2ee0a8ff533da7ebcc4bb47a/cs1-2/iea37-cs1-results/iea37-par4-opt36.yaml,True,2.0,feasible (tol 1 mm)
IEA37 CS1 36-turbine,36,2000.0,par5,not recorded in repository; Baker et al. 2019 tables not accessible from this session,820394.240286,820394.24029,820394.2402862397,820394.2402862397,166.30326635397145,-0.025875167381173,https://github.com/IEAWindTask37/iea37-wflo-casestudies/blob/267f6e5d2906400b2ee0a8ff533da7ebcc4bb47a/cs1-2/iea37-cs1-results/iea37-par5-opt36.yaml,False,9.0,violates 2D spacing (min 166.3 m < 260 m)
IEA37 CS1 36-turbine,36,2000.0,par6,not recorded in repository; Baker et al. 2019 tables not accessible from this session,776000.14246,776000.14246,776000.1424620729,776000.142462105,282.6918115552649,5.482206688611768e-09,https://github.com/IEAWindTask37/iea37-wflo-casestudies/blob/267f6e5d2906400b2ee0a8ff533da7ebcc4bb47a/cs1-2/iea37-cs1-results/iea37-par6-opt36.yaml,True,12.0,feasible (tol 1 mm)
IEA37 CS1 36-turbine,36,2000.0,par7,not recorded in repository; Baker et al. 2019 tables not accessible from this session,777475.782726,777475.78272,777475.7827244501,777475.7827244501,238.34445909979888,-2.387034852731631,https://github.com/IEAWindTask37/iea37-wflo-casestudies/blob/267f6e5d2906400b2ee0a8ff533da7ebcc4bb47a/cs1-2/iea37-cs1-results/iea37-par7-opt36.yaml,False,11.0,violates 2D spacing (min 238.3 m < 260 m)
IEA37 CS1 36-turbine,36,2000.0,par8,not recorded in repository; Baker et al. 2019 tables not accessible from this session,846357.8141973203,846357.8142,846357.8141973205,846357.555870262,465.6031184646426,0.006504070424171,https://github.com/IEAWindTask37/iea37-wflo-casestudies/blob/267f6e5d2906400b2ee0a8ff533da7ebcc4bb47a/cs1-2/iea37-cs1-results/iea37-par8-opt36.yaml,False,5.0,"2 turbine(s) outside boundary, max 0.006504 m"
IEA37 CS1 36-turbine,36,2000.0,par9,not recorded in repository; Baker et al. 2019 tables not accessible from this session,813544.21048,813544.21048,813544.2104764621,813544.2104763647,260.0344157880484,5.3228177421260625e-09,https://github.com/IEAWindTask37/iea37-wflo-casestudies/blob/267f6e5d2906400b2ee0a8ff533da7ebcc4bb47a/cs1-2/iea37-cs1-results/iea37-par9-opt36.yaml,True,10.0,feasible (tol 1 mm)
IEA37 CS1 36-turbine,36,2000.0,par10,not recorded in repository; Baker et al. 2019 tables not accessible from this session,851631.931,851631.931,851631.9309985609,851631.9309985609,260.0000006655744,-2.602632775960956e-08,https://github.com/IEAWindTask37/iea37-wflo-casestudies/blob/267f6e5d2906400b2ee0a8ff533da7ebcc4bb47a/cs1-2/iea37-cs1-results/iea37-par10-opt36.yaml,True,3.0,feasible (tol 1 mm)
IEA37 CS1 36-turbine,36,2000.0,par11,not recorded in repository; Baker et al. 2019 tables not accessible from this session,846255.15027,846255.15027,846255.1502684428,846255.1487098947,326.29448718757106,0.0001622464933461,https://github.com/IEAWindTask37/iea37-wflo-casestudies/blob/267f6e5d2906400b2ee0a8ff533da7ebcc4bb47a/cs1-2/iea37-cs1-results/iea37-par11-opt36.yaml,True,6.0,feasible (tol 1 mm)
IEA37 CS1 36-turbine,36,2000.0,par12,not recorded in repository; Baker et al. 2019 tables not accessible from this session,882383.3040320874,882383.30403,882383.3040320876,882382.7751851722,596.241756847841,0.0048608940928716,https://github.com/IEAWindTask37/iea37-wflo-casestudies/blob/267f6e5d2906400b2ee0a8ff533da7ebcc4bb47a/cs1-2/iea37-cs1-results/iea37-par12-opt36.yaml,False,1.0,"4 turbine(s) outside boundary, max 0.004861 m"
