Algorithm,Seed,Budget,Init,Feasible,Objective,5deg_2.5,1deg_0.5,1deg_0,5deg_0,PyWakeNOJ_1deg
SSABV,1,120030,random,True,138.95239,138.95238,137.64604,137.53461,137.10435,137.90331
RSVNS,5,120030,random,True,140.19445,140.19444,138.89485,138.79794,138.27125,138.88701
SSA,9,120030,random,True,137.64306,137.54884,136.29241,136.19373,135.60088,136.59551
DE,3,120030,random,True,139.30149,139.30149,137.7405,137.74619,137.32244,137.87744
PSOBV,7,120030,random,True,139.68482,139.68481,138.32809,138.10409,137.94962,138.44709
SSABV,21,30030,random,True,138.18525,138.18526,136.81286,136.55755,136.1417,136.97871
LXBV,15,30030,random,True,136.91071,136.91071,135.47314,135.21754,134.44071,135.56574
RSVNS,9,30030,random,True,137.18352,137.18354,135.67563,135.61677,135.23241,135.91911
BVNS,3,30030,random,True,139.15341,139.15342,137.74578,137.59727,136.89494,137.82521
BVNS,27,30030,random,True,138.70247,138.70245,137.29007,137.09929,136.67794,137.44033
SSA,21,30030,random,True,136.45201,136.45201,134.93374,134.90644,134.04944,135.36319
LXSSA,15,30030,random,True,137.21295,137.21296,136.1873,136.13024,135.69315,136.49892
PSOC,9,30030,random,True,137.54426,137.54424,136.3195,136.20183,136.08726,136.53584
DE,3,30030,random,False,136.53589,136.53589,136.53954,136.38844,136.51124,136.73431
DE,27,30030,random,True,138.43882,138.43881,137.8237,137.78075,137.4441,138.05626
SLSQP,21,30030,random,True,137.98561,137.98561,137.54572,137.48905,137.52979,137.86397
PSOBV,15,30030,random,True,138.67862,138.67862,137.26899,137.11065,136.48692,137.42016
SSABV,9,6030,random,True,138.98568,138.98567,137.63467,137.37148,137.15497,137.73158
LXBV,3,6030,random,True,138.09169,138.0917,136.66648,136.47472,135.9019,136.83644
LXBV,27,6030,random,True,137.13921,137.13923,135.85671,135.81708,135.26716,136.14444
RSVNS,21,6030,random,True,138.29566,138.29567,136.70095,136.73966,136.21537,137.04246
BVNS,15,6030,random,True,136.00811,136.0081,134.58377,134.38339,133.50763,134.97897
SSA,9,6030,random,True,138.17047,138.17047,137.13962,136.96487,136.50239,137.32691
LXSSA,3,6030,random,True,134.75303,134.75302,133.95211,134.02961,134.08406,134.39189
LXSSA,27,6030,random,True,137.10238,137.08358,136.19919,136.14718,135.90128,136.55946
PSOC,21,6030,random,True,139.08054,139.08053,138.25232,138.24577,137.78721,138.46679
DE,15,6030,random,False,135.67392,135.67391,135.69609,135.68419,135.82148,136.05908
SLSQP,9,6030,random,True,136.65128,136.65128,136.18516,136.09043,136.12093,136.63215
PSOBV,3,6030,random,True,139.10888,139.10887,137.53423,137.62852,136.92397,137.8016
PSOBV,27,6030,random,True,136.44188,136.44187,135.7712,135.71349,135.66439,136.13522
SSABV,21,6030,feasible,True,138.01843,138.01843,136.92645,136.6777,136.32289,137.07949
LXBV,15,6030,feasible,True,138.84719,138.8472,137.32803,137.28908,136.51656,137.64053
BVNS,9,6030,feasible,True,138.80097,138.80098,137.34505,137.26664,136.80711,137.46804
SSA,3,6030,feasible,True,137.49836,137.49836,136.74247,136.56801,136.3484,137.0331
SSA,27,6030,feasible,True,137.30017,137.30018,136.52132,136.40427,135.87943,136.92441
LXSSA,21,6030,feasible,True,137.07023,137.01758,136.12418,135.97153,135.5746,136.42114
PSOC,15,6030,feasible,True,136.57784,136.57784,136.56199,136.5406,136.53373,137.00233
DE,9,6030,feasible,True,135.83855,135.83855,135.95773,135.9536,135.87795,136.33638
SLSQP,3,6030,feasible,True,137.00408,137.00408,136.73605,136.68788,136.56165,137.02693
SLSQP,27,6030,feasible,True,137.23763,137.23762,136.53959,136.3666,135.74364,136.91653
PSOBV,21,6030,feasible,True,137.92561,137.9256,136.60246,136.43253,136.03929,136.75714
LXBV,1,120030,random,True,139.39297,139.39297,138.23671,138.10516,137.59901,138.42186
BVNS,5,120030,random,True,139.90509,139.9051,138.44371,138.32124,137.75153,138.41022
LXSSA,9,120030,random,True,136.19695,136.05548,135.03628,134.94321,134.60436,135.41877
SLSQP,3,120030,random,True,137.66256,137.66254,137.00125,136.88088,136.6615,137.20937
SSABV,7,30030,random,True,137.86498,137.86497,136.34874,136.16242,135.60719,136.36173
LXBV,1,30030,random,True,138.69944,138.69944,137.3756,137.11507,136.60031,137.58344
LXBV,25,30030,random,True,139.22655,139.22654,137.73586,137.4175,136.89902,137.77259
RSVNS,19,30030,random,True,138.07449,138.0745,136.58568,136.3846,135.78515,136.82403
BVNS,13,30030,random,True,139.7426,139.7426,138.33384,138.21632,137.45653,138.39721
SSA,7,30030,random,True,137.48945,137.48945,136.3307,136.17761,135.70814,136.55168
LXSSA,1,30030,random,True,137.14599,137.14601,136.49721,136.42653,136.06078,136.84425
LXSSA,25,30030,random,True,135.26213,135.26211,134.16776,134.07685,133.86805,134.62286
PSOC,19,30030,random,True,138.12212,138.12212,136.86965,136.72262,136.3099,137.15113
DE,13,30030,random,False,136.76136,136.76135,136.47965,136.51032,136.33322,136.83124
SLSQP,7,30030,random,True,136.97285,136.97285,136.56119,136.45111,136.25108,136.83823
PSOBV,1,30030,random,True,139.61455,139.61454,138.23473,138.16679,137.63439,138.27876
PSOBV,25,30030,random,True,138.6709,138.67089,137.30205,137.24297,136.64182,137.63376
SSABV,19,6030,random,True,137.34602,137.34602,135.97308,135.88042,135.53221,136.21978
LXBV,13,6030,random,True,137.92638,137.92637,136.35765,136.32896,135.68315,136.56384
RSVNS,7,6030,random,True,137.16826,137.16825,136.2166,135.95874,135.65222,136.5547
BVNS,1,6030,random,True,138.1383,138.1383,136.75688,136.68335,136.36866,137.05644
BVNS,25,6030,random,True,136.84257,136.84256,135.22612,135.1951,134.66812,135.57617
SSA,19,6030,random,True,137.39596,137.39596,136.84234,136.68364,136.57677,136.9994
LXSSA,13,6030,random,True,137.49889,137.49889,136.56292,136.38771,136.37103,136.86073
PSOC,7,6030,random,False,137.46685,137.46686,137.56652,137.45836,137.58376,137.86154
DE,1,6030,random,False,136.993,136.99301,136.94758,136.84329,137.04843,137.19834
DE,25,6030,random,False,134.72418,134.72417,134.68725,134.65236,134.58113,135.14766
SLSQP,19,6030,random,True,137.67948,137.67947,137.23215,137.22639,137.13455,137.5125
PSOBV,13,6030,random,True,137.95872,137.95871,136.80817,136.72462,136.29946,137.18872
SSABV,7,6030,feasible,True,138.84824,138.84824,137.41022,137.22395,136.60904,137.60028
LXBV,1,6030,feasible,True,138.4313,138.4313,136.54897,136.44308,135.65852,136.76142
LXBV,25,6030,feasible,True,137.99713,137.99713,136.50945,136.39068,135.58039,136.80625
BVNS,19,6030,feasible,True,138.51295,138.51293,137.07176,136.96076,136.47,137.26958
SSA,13,6030,feasible,True,136.33506,136.33506,135.82133,135.78753,135.76874,136.23373
LXSSA,7,6030,feasible,True,137.40257,137.40256,136.86186,136.85569,137.0864,137.10001
PSOC,1,6030,feasible,True,136.29011,136.29011,136.14975,136.10294,136.42463,136.4707
PSOC,25,6030,feasible,True,136.25707,136.25706,136.17731,136.23968,136.38905,136.60691
DE,19,6030,feasible,True,136.37367,136.37367,136.05799,136.0642,135.87861,136.5385
SLSQP,13,6030,feasible,True,136.8805,136.8805,136.46921,136.40635,135.8701,136.76086
PSOBV,7,6030,feasible,True,138.7255,138.72551,137.37178,137.28724,137.00756,137.5745
LXBV,2,120030,random,True,139.32799,139.32798,137.79632,137.62144,137.21178,137.95684
BVNS,6,120030,random,True,139.76158,139.76158,138.37836,138.20251,137.92447,138.34126
LXSSA,10,120030,random,True,136.03548,135.9009,135.03844,134.86778,134.73456,135.42209
SLSQP,4,120030,random,True,138.46118,138.46119,137.7536,137.71405,137.56235,138.04277
SSABV,8,30030,random,True,138.36721,138.36718,136.77059,136.60378,135.763,136.91459
LXBV,2,30030,random,True,138.73606,138.73606,137.34073,137.1341,136.53768,137.44784
LXBV,26,30030,random,True,139.12513,139.12513,137.75592,137.60962,136.8689,137.91015
RSVNS,20,30030,random,True,138.62844,138.62844,137.40076,137.23526,136.77689,137.53103
BVNS,14,30030,random,True,138.19323,138.19322,136.86167,136.74047,136.18801,136.99242
SSA,8,30030,random,True,136.03936,136.03936,135.1292,134.95764,134.88948,135.46432
LXSSA,2,30030,random,True,135.81125,135.81124,135.03415,134.89678,134.8542,135.30595
LXSSA,26,30030,random,True,135.49356,135.49356,134.60221,134.52035,134.4093,134.94769
PSOC,20,30030,random,True,138.982,138.982,137.80507,137.70939,137.66281,138.05194
DE,14,30030,random,False,134.83337,134.83337,135.30474,135.34535,135.30448,135.78853
SLSQP,8,30030,random,True,136.97513,136.97514,136.30795,136.24762,136.03019,136.61863
PSOBV,2,30030,random,True,137.97452,137.97452,136.61901,136.49411,135.83885,136.84378
PSOBV,26,30030,random,True,139.59087,139.59087,138.21369,137.92634,137.57694,138.21349
SSABV,20,6030,random,True,137.10315,137.10314,135.3986,135.24193,134.65782,135.63111
LXBV,14,6030,random,True,137.00157,137.00157,135.42977,135.33621,134.59562,135.81335
RSVNS,8,6030,random,True,136.94483,136.94483,135.2202,135.19848,134.60598,135.6266
BVNS,2,6030,random,True,136.75392,136.75392,134.94477,134.77988,134.05049,135.35764
BVNS,26,6030,random,True,138.50862,138.50861,137.25372,137.07153,136.73757,137.41531
SSA,20,6030,random,True,136.22068,136.22067,135.80659,135.60959,135.30197,136.14305
LXSSA,14,6030,random,True,136.15947,136.15946,135.57908,135.33568,135.35145,135.78631
PSOC,8,6030,random,False,137.38522,137.38522,137.28246,137.23703,137.15125,137.63442
DE,2,6030,random,False,134.60766,134.60766,134.48601,134.53117,134.32273,134.99429
DE,26,6030,random,False,134.82293,134.82291,135.19583,135.09566,135.37743,135.64406
SLSQP,20,6030,random,True,136.09973,136.09974,135.66304,135.67796,135.51424,136.27652
PSOBV,14,6030,random,True,138.53928,138.53928,136.98483,136.74535,136.38777,137.1817
SSABV,8,6030,feasible,True,137.94582,137.94582,136.53377,136.30613,135.78959,136.76787
LXBV,2,6030,feasible,True,137.90029,137.90029,136.35085,136.32654,135.69002,136.62298
LXBV,26,6030,feasible,True,138.18916,138.18916,136.91428,136.7222,136.53003,137.12847
BVNS,20,6030,feasible,True,139.12269,139.1227,137.73158,137.68828,137.30248,137.93422
SSA,14,6030,feasible,True,136.69378,136.62458,135.7501,135.72274,135.65328,136.16975
LXSSA,8,6030,feasible,True,136.68109,136.59007,136.10176,135.95571,135.84792,136.45038
PSOC,2,6030,feasible,True,135.62388,135.6239,135.37987,135.30715,134.94611,135.7803
PSOC,26,6030,feasible,True,136.10898,136.10896,135.59263,135.67236,135.37204,136.08478
DE,20,6030,feasible,True,136.75596,136.75596,136.87537,136.73777,136.70634,137.22625
SLSQP,14,6030,feasible,True,136.28292,136.28292,135.77703,135.73932,135.27702,136.11688
PSOBV,8,6030,feasible,True,138.33969,138.33969,136.91475,136.80811,136.21847,137.0938
LXBV,3,120030,random,True,138.77303,138.77304,137.41507,137.29099,136.6269,137.48692
BVNS,7,120030,random,True,139.5838,139.5838,137.91281,137.82715,136.90917,138.09406
PSOC,1,120030,random,True,139.62291,139.25392,138.31237,138.12753,137.75909,138.36906
SLSQP,5,120030,random,True,137.69125,137.69125,136.9653,136.93497,136.6598,137.24298
SSABV,9,30030,random,True,138.24469,138.24469,136.87039,136.61972,136.33755,137.04357
LXBV,3,30030,random,True,138.94147,138.94146,137.63841,137.46476,136.81684,137.70297
LXBV,27,30030,random,True,138.98015,138.98013,137.38268,137.17959,136.50174,137.50946
RSVNS,21,30030,random,True,137.58107,137.58106,136.26257,136.07674,135.79583,136.53628
BVNS,15,30030,random,True,138.44712,138.44712,137.17781,137.00151,136.65913,137.32828
SSA,9,30030,random,True,135.62102,135.54821,134.34249,134.39328,133.88259,134.85254
LXSSA,3,30030,random,True,135.50878,135.50877,134.86493,134.56752,134.57291,135.17937
LXSSA,27,30030,random,True,137.14141,137.05427,135.94047,135.84026,135.65674,136.26382
PSOC,21,30030,random,True,139.94083,139.94084,138.75206,138.66702,138.58033,138.80434
DE,15,30030,random,True,137.50978,137.50978,136.8935,136.86795,136.40731,137.22553
SLSQP,9,30030,random,True,137.02546,137.02545,136.42006,136.17623,136.23665,136.65044
PSOBV,3,30030,random,True,139.29658,139.29659,137.99512,137.85489,137.69223,138.15153
PSOBV,27,30030,random,True,139.19774,139.19773,137.79551,137.59026,137.07454,137.86352
SSABV,21,6030,random,True,137.38316,137.38314,135.77958,135.76674,135.22329,136.17891
LXBV,15,6030,random,True,136.95626,136.95627,135.34935,135.21551,134.6009,135.63315
RSVNS,9,6030,random,True,136.7086,136.7086,135.31231,135.16145,134.90803,135.58002
BVNS,3,6030,random,True,136.71115,136.71114,135.36132,135.29867,134.82073,135.72266
BVNS,27,6030,random,True,138.67477,138.67476,137.15625,137.04176,136.68162,137.37407
SSA,21,6030,random,True,136.77531,136.7753,135.89354,135.72957,135.40373,135.9853
LXSSA,15,6030,random,True,135.31704,135.24267,134.50824,134.45962,134.82617,134.96594
PSOC,9,6030,random,False,135.69142,135.69142,135.41167,135.34981,135.64486,135.82462
DE,3,6030,random,False,133.87905,133.87905,133.83564,133.83668,133.65212,134.31169
DE,27,6030,random,False,134.83791,134.83791,134.6263,134.529,134.33736,135.14525
SLSQP,21,6030,random,True,136.61295,136.61294,136.21915,136.27725,136.09561,136.66543
PSOBV,15,6030,random,True,137.63,137.63,136.30422,136.20766,135.48214,136.59429
SSABV,9,6030,feasible,True,138.47247,138.47247,136.9616,136.93259,136.41667,137.17332
LXBV,3,6030,feasible,True,138.72687,138.72686,137.24808,137.14542,136.46408,137.54033
LXBV,27,6030,feasible,True,138.35318,138.35317,136.88943,136.80483,136.34551,137.27345
BVNS,21,6030,feasible,True,137.95705,137.95705,136.65014,136.50451,136.0945,136.80185
SSA,15,6030,feasible,True,137.5327,137.53269,136.5926,136.47859,136.28922,136.93305
LXSSA,9,6030,feasible,True,137.00464,137.00465,136.08223,135.89633,135.32998,136.31136
PSOC,3,6030,feasible,True,136.56105,136.56103,136.59269,136.62965,136.51708,136.9603
PSOC,27,6030,feasible,True,136.89912,136.89911,136.45816,136.33759,135.72239,136.9019
DE,21,6030,feasible,True,136.18103,136.18102,136.03785,136.15235,136.18098,136.44577
SLSQP,15,6030,feasible,True,136.9959,136.99589,136.62904,136.49858,136.47784,137.00145
PSOBV,9,6030,feasible,True,138.53351,138.53351,137.16518,137.20598,136.55607,137.36941
LXBV,4,120030,random,True,139.03248,139.03248,137.48603,137.40798,136.9834,137.5702
BVNS,8,120030,random,True,138.81575,138.81575,137.35579,137.18283,136.95319,137.50966
PSOC,2,120030,random,True,138.02344,137.88628,136.64208,136.49644,136.03461,136.75591
SLSQP,6,120030,random,True,138.39759,138.39759,138.01256,138.10145,137.96627,138.32747
SSABV,10,30030,random,True,137.57765,137.57764,136.08819,135.8983,135.30823,136.33054
LXBV,4,30030,random,True,138.20469,138.20468,136.69649,136.57781,136.08692,136.89717
LXBV,28,30030,random,True,137.80573,137.80571,136.31683,136.10674,135.61016,136.31404
RSVNS,22,30030,random,True,139.34541,139.3454,137.75715,137.47734,137.12135,137.81322
BVNS,16,30030,random,True,138.60394,138.60394,137.29985,137.16838,136.74125,137.47762
SSA,10,30030,random,True,138.47461,138.41513,136.84695,136.77714,135.96771,137.10205
LXSSA,4,30030,random,True,137.31885,137.31885,136.17797,136.08412,135.68733,136.4593
LXSSA,28,30030,random,True,136.05053,136.05053,135.01019,134.87873,134.42363,135.35943
PSOC,22,30030,random,True,139.78833,139.78834,138.40663,138.22214,137.61242,138.46431
DE,16,30030,random,False,135.19675,135.19675,135.1048,135.14347,135.02619,135.65553
SLSQP,10,30030,random,True,137.51073,137.51073,136.69471,136.64982,136.11789,137.01363
PSOBV,4,30030,random,True,139.25371,139.25371,137.95888,137.73615,137.36708,138.01309
PSOBV,28,30030,random,True,139.13676,139.13676,137.63355,137.48736,137.19403,137.69915
SSABV,22,6030,random,True,137.14016,137.14016,135.6419,135.43358,134.85562,135.84995
LXBV,16,6030,random,True,138.28747,138.28746,136.98758,136.65434,136.3613,137.14657
RSVNS,10,6030,random,True,137.35867,137.35867,136.40614,136.2896,136.05631,136.64322
BVNS,4,6030,random,True,137.33225,137.33226,135.98191,135.82143,135.24487,136.03576
BVNS,28,6030,random,True,134.11803,134.11803,133.64105,133.56304,133.54838,134.04057
SSA,22,6030,random,True,136.16674,136.16673,135.53898,135.48963,135.21531,135.88831
LXSSA,16,6030,random,True,134.66269,134.56483,133.62775,133.52182,132.53961,134.15366
PSOC,10,6030,random,False,137.68574,137.68574,137.2639,137.2565,137.30688,137.51287
DE,4,6030,random,False,133.69179,133.6918,133.26992,133.20447,132.8457,133.88985
DE,28,6030,random,False,133.74494,133.74496,133.7844,133.73231,133.37175,134.25375
SLSQP,22,6030,random,True,136.51873,136.51872,136.19755,136.22024,136.23008,136.64645
PSOBV,16,6030,random,True,138.78214,138.78214,137.03955,136.93227,136.3316,137.23944
SSABV,10,6030,feasible,True,138.5375,138.53749,137.13677,137.00573,136.17263,137.41699
LXBV,4,6030,feasible,True,139.13756,139.13756,137.92809,137.76988,137.30088,138.10372
LXBV,28,6030,feasible,True,138.48133,138.48134,137.26979,137.03553,136.65581,137.40846
BVNS,22,6030,feasible,True,138.02197,138.02197,136.54023,136.43733,135.97114,136.80094
SSA,16,6030,feasible,True,137.27294,137.27293,136.27177,136.21128,135.79088,136.6895
LXSSA,10,6030,feasible,True,136.92052,136.9205,136.19581,136.17922,135.78639,136.60536
PSOC,4,6030,feasible,True,137.35936,137.35935,137.34551,137.35805,137.18307,137.66194
PSOC,28,6030,feasible,True,136.75268,136.7527,136.51745,136.52067,136.28606,136.89888
DE,22,6030,feasible,True,136.12043,136.12043,136.05336,136.00414,136.12786,136.34545
SLSQP,16,6030,feasible,True,137.25965,137.25964,136.67445,136.52277,136.25695,136.95046
PSOBV,10,6030,feasible,True,138.12157,138.12157,136.76652,136.64411,135.94191,137.03594
LXBV,5,120030,random,True,139.90186,139.90185,138.54455,138.41118,137.7417,138.6914
BVNS,9,120030,random,True,139.6868,139.6868,138.44571,138.28305,137.80901,138.54469
PSOC,3,120030,random,True,139.23757,138.84564,137.79375,137.74909,137.39476,137.91296
SLSQP,7,120030,random,True,138.18931,138.18931,137.67913,137.59365,137.54654,137.94673
SSABV,11,30030,random,True,137.86387,137.86387,136.48468,136.27774,135.94309,136.60806
LXBV,5,30030,random,True,137.12898,137.12897,135.65001,135.52617,135.17802,135.98673
LXBV,29,30030,random,True,136.99162,136.99162,135.67878,135.43499,135.1327,135.83329
RSVNS,23,30030,random,True,138.82621,138.82622,137.14622,136.96674,135.97452,137.37101
BVNS,17,30030,random,True,139.37573,139.37573,137.88144,137.72378,137.16525,137.98142
SSA,11,30030,random,True,134.88106,134.88105,133.75337,133.73411,133.32914,134.19051
LXSSA,5,30030,random,True,136.61016,136.52147,135.42754,135.3871,135.1684,135.6502
LXSSA,29,30030,random,True,136.25986,136.22231,135.3312,135.09949,134.74321,135.60827
PSOC,23,30030,random,True,137.24598,137.24597,136.08018,135.91355,135.48406,136.35289
DE,17,30030,random,False,136.85606,136.85608,136.77355,136.82739,136.54155,137.22328
SLSQP,11,30030,random,True,137.74614,137.74615,136.94696,136.87033,136.48409,137.21516
PSOBV,5,30030,random,True,138.24255,138.24254,136.84763,136.64703,136.05869,136.85842
PSOBV,29,30030,random,True,139.31215,139.31213,137.84772,137.84085,137.35221,138.14076
SSABV,23,6030,random,True,136.59231,136.5923,134.95508,134.90652,134.55065,135.32125
LXBV,17,6030,random,True,137.80632,137.80631,136.41528,136.24255,135.61655,136.6721
RSVNS,11,6030,random,True,136.26742,136.26742,136.06311,135.98703,136.04292,136.36709
BVNS,5,6030,random,True,136.4706,136.4706,134.92387,134.79531,134.05628,135.2278
BVNS,29,6030,random,True,137.15855,137.15857,135.52998,135.48759,134.63328,135.86965
SSA,23,6030,random,True,137.04502,137.04504,136.15232,136.13363,135.8519,136.43262
LXSSA,17,6030,random,True,136.7074,136.7074,136.14277,136.01979,136.10623,136.4105
PSOC,11,6030,random,True,137.23031,137.23031,137.19126,137.1271,137.16021,137.41335
DE,5,6030,random,False,133.77913,133.77912,133.90925,133.89536,134.32708,134.42983
DE,29,6030,random,False,135.62584,135.62583,135.55023,135.59861,135.63968,135.99375
SLSQP,23,6030,random,True,135.04617,135.04619,134.48003,134.35786,134.09234,134.77764
PSOBV,17,6030,random,True,138.16161,138.16161,136.79631,136.66858,136.27881,136.97958
SSABV,11,6030,feasible,True,138.58747,138.58746,137.07839,136.78565,136.13694,137.26107
LXBV,5,6030,feasible,True,138.43633,138.43632,137.01808,136.92304,136.36479,137.24672
LXBV,29,6030,feasible,True,138.23051,138.23051,136.66606,136.5774,135.83244,136.82981
BVNS,23,6030,feasible,True,138.27185,138.25627,136.76626,136.54671,135.93174,136.96741
SSA,17,6030,feasible,True,136.96399,136.96397,136.14749,136.22387,136.14798,136.60684
LXSSA,11,6030,feasible,True,137.22884,137.16557,136.65475,136.5677,136.30927,136.98101
PSOC,5,6030,feasible,True,136.53832,136.53832,136.44807,136.35795,136.28652,136.7569
PSOC,29,6030,feasible,True,136.41431,136.41431,136.09581,136.1839,136.17591,136.47457
DE,23,6030,feasible,True,136.24818,136.24817,135.82863,135.68581,135.31119,136.2085
SLSQP,17,6030,feasible,True,136.6511,136.6511,136.11478,136.18498,135.94821,136.60277
PSOBV,11,6030,feasible,True,138.82717,138.82716,137.32334,137.17466,136.57007,137.53336
LXBV,6,120030,random,True,139.3146,139.3146,137.78389,137.61836,137.1987,137.81791
BVNS,10,120030,random,True,139.52173,139.52173,138.02617,137.88124,137.06904,138.06803
PSOC,4,120030,random,True,139.81129,139.35286,138.38301,138.41954,138.02558,138.5957
SLSQP,8,120030,random,True,138.41486,138.41485,138.0006,138.14934,137.86536,138.29952
SSABV,12,30030,random,True,138.50382,138.3899,137.16945,137.0233,136.20633,137.30132
LXBV,6,30030,random,True,138.27796,138.27796,136.9251,136.83939,136.27913,137.10097
LXBV,30,30030,random,True,137.46239,137.4624,135.97797,135.79119,135.20908,136.25931
RSVNS,24,30030,random,True,138.62418,138.62417,137.06409,136.89259,136.34299,137.21394
BVNS,18,30030,random,True,137.63439,137.63439,136.07764,135.87722,135.02331,136.22679
SSA,12,30030,random,True,137.34366,137.34365,136.61034,136.59745,136.47595,136.9463
LXSSA,6,30030,random,True,136.83713,136.81125,135.60939,135.43709,134.68556,135.79901
LXSSA,30,30030,random,True,134.54774,134.43638,133.45284,133.33153,133.01564,133.85712
PSOC,24,30030,random,True,138.55424,138.55425,137.3996,137.23516,137.08737,137.61802
DE,18,30030,random,False,134.88053,134.88053,134.76874,134.92144,134.94297,135.45235
SLSQP,12,30030,random,True,137.2066,137.20114,136.46073,136.25464,136.18989,136.60026
PSOBV,6,30030,random,True,139.4007,139.40071,137.69103,137.66396,136.77087,137.94664
PSOBV,30,30030,random,True,138.28353,138.28351,137.07773,136.86699,136.42925,137.21515
SSABV,24,6030,random,True,137.85094,137.85094,136.41228,136.13645,135.63009,136.60104
LXBV,18,6030,random,True,137.00882,136.94876,135.44037,135.30382,134.7513,135.73157
RSVNS,12,6030,random,True,138.07785,138.07784,136.6687,136.68099,136.12988,136.94241
BVNS,6,6030,random,True,136.27875,136.27874,135.6057,135.50683,135.47244,135.89168
BVNS,30,6030,random,True,136.65128,136.65129,135.05913,134.92634,134.45492,135.26912
SSA,24,6030,random,True,135.84606,135.82552,134.62244,134.57631,133.75664,134.99411
LXSSA,18,6030,random,True,135.82924,135.82924,134.8509,134.77539,134.26529,135.16443
PSOC,12,6030,random,True,138.39589,138.39587,137.17842,137.03954,136.55847,137.43697
DE,6,6030,random,False,136.51816,136.51816,136.36817,136.27406,136.06701,136.61772
DE,30,6030,random,False,136.66679,136.66678,136.6748,136.71249,136.68401,137.12726
SLSQP,24,6030,random,True,136.53533,136.53533,135.70153,135.56939,135.38744,136.00737
PSOBV,18,6030,random,True,138.04375,138.04374,137.13003,136.90647,136.50745,137.39525
SSABV,12,6030,feasible,True,138.27818,138.27819,136.65994,136.45929,135.78685,136.84644
LXBV,6,6030,feasible,True,138.73438,138.73437,137.59258,137.4517,137.1269,137.84813
LXBV,30,6030,feasible,True,139.05329,139.05329,137.73525,137.54195,136.95783,137.85498
BVNS,24,6030,feasible,True,138.70191,138.70191,137.29012,137.27483,136.79563,137.58346
SSA,18,6030,feasible,True,137.23655,137.23657,136.36551,136.35654,136.24893,136.78661
LXSSA,12,6030,feasible,True,136.33555,136.33554,135.72663,135.60034,135.52696,136.10757
PSOC,6,6030,feasible,True,136.93337,136.93336,136.76812,136.654,136.60774,137.10046
PSOC,30,6030,feasible,True,137.50888,137.50888,137.18272,137.20865,137.23168,137.53615
DE,24,6030,feasible,True,136.23784,136.23784,136.30675,136.24386,136.13427,136.6554
SLSQP,18,6030,feasible,True,137.18812,137.1881,136.59763,136.64744,136.40865,137.02197
PSOBV,12,6030,feasible,True,138.15497,138.15497,136.69611,136.65194,136.07305,136.96942
LXBV,7,120030,random,True,139.23267,139.23267,137.81567,137.75172,137.42593,137.95254
SSA,1,120030,random,True,138.05612,137.74242,136.87413,136.77611,136.31275,137.13853
PSOC,5,120030,random,True,138.32661,137.98603,136.8028,136.68267,136.59964,136.89292
SLSQP,9,120030,random,True,137.57641,137.57642,136.662,136.54403,135.88779,136.81068
SSABV,13,30030,random,True,138.43391,138.43392,136.48081,136.29737,135.85035,136.69366
LXBV,7,30030,random,True,137.76389,137.7639,136.08914,135.89786,135.04582,136.29143
RSVNS,1,30030,random,True,138.83506,138.83506,137.57984,137.37654,137.2071,137.73098
RSVNS,25,30030,random,True,138.65953,138.65953,137.05076,136.89346,136.18507,137.1228
BVNS,19,30030,random,True,139.25349,139.2535,137.87525,137.78868,137.23495,137.95723
SSA,13,30030,random,True,137.10973,137.1027,135.77746,135.58847,135.40175,136.02562
LXSSA,7,30030,random,True,136.75143,136.65869,135.73809,135.63199,135.23292,136.07003
PSOC,1,30030,random,True,139.56818,139.56819,138.38518,138.10431,137.8981,138.29298
PSOC,25,30030,random,True,138.58604,138.58603,137.2647,137.15259,136.61675,137.46293
DE,19,30030,random,False,136.76072,136.76072,136.97232,137.07123,137.14495,137.39095
SLSQP,13,30030,random,True,137.38226,137.38225,137.06036,137.11442,137.14609,137.50644
PSOBV,7,30030,random,True,139.65637,139.65637,138.27511,138.06542,137.54851,138.40553
SSABV,1,6030,random,True,139.55589,139.55589,138.08863,138.06109,137.67753,138.17767
SSABV,25,6030,random,True,138.20982,138.20982,137.1871,137.13762,136.84408,137.45404
LXBV,19,6030,random,True,136.34535,136.34536,134.98413,134.88166,134.28932,135.36507
RSVNS,13,6030,random,True,138.73252,138.682,137.33619,137.12711,136.4799,137.40048
BVNS,7,6030,random,True,138.15585,138.15584,136.80058,136.70207,136.37729,137.05876
SSA,1,6030,random,True,136.8315,136.8315,135.91582,135.81764,135.36102,136.2915
SSA,25,6030,random,True,136.0295,136.02949,135.58716,135.50977,135.34203,136.05047
LXSSA,19,6030,random,True,136.75007,136.75008,135.89699,135.80608,135.02479,136.23613
PSOC,13,6030,random,False,136.5182,136.51821,136.54281,136.54412,136.67959,136.96131
DE,7,6030,random,False,136.49399,136.494,136.46006,136.50582,136.66849,136.93898
SLSQP,1,6030,random,True,137.3914,137.39138,137.07229,137.09544,137.00313,137.43833
SLSQP,25,6030,random,True,135.64784,135.64785,135.07043,134.82572,134.33832,135.33345
PSOBV,19,6030,random,True,137.78292,137.78293,136.6737,136.5118,136.14647,136.9521
SSABV,13,6030,feasible,True,138.04939,138.04939,136.53441,136.4176,135.53069,136.81939
LXBV,7,6030,feasible,True,138.80011,138.8001,137.30594,137.2051,136.53638,137.5177
BVNS,1,6030,feasible,True,138.21822,138.21822,136.81237,136.66559,136.24168,136.9702
BVNS,25,6030,feasible,True,137.7246,137.72461,136.50689,136.34546,135.92395,136.73315
SSA,19,6030,feasible,True,136.8889,136.8889,136.11868,135.95258,135.52026,136.52683
LXSSA,13,6030,feasible,True,136.85667,136.81852,135.96724,135.94052,135.33016,136.35384
PSOC,7,6030,feasible,True,136.92272,136.92273,136.80594,136.86255,136.71543,137.08165
DE,1,6030,feasible,True,136.29011,136.29011,136.14975,136.10294,136.42463,136.4707
DE,25,6030,feasible,True,136.25707,136.25706,136.17731,136.23968,136.38905,136.60691
SLSQP,19,6030,feasible,True,136.6073,136.6073,136.15264,136.12599,135.84998,136.6165
PSOBV,13,6030,feasible,True,137.64378,137.64379,136.25836,136.00046,135.16481,136.35916
LXBV,8,120030,random,True,139.50844,139.50845,138.0046,137.73536,137.12455,138.05978
SSA,2,120030,random,True,137.78409,137.60801,136.62063,136.52954,136.3611,136.97478
PSOC,6,120030,random,True,138.87574,138.57547,137.56165,137.56944,137.18998,137.85888
SLSQP,10,120030,random,True,138.02317,138.02317,137.58259,137.67243,137.29256,137.89989
SSABV,14,30030,random,True,137.50706,137.50705,135.96594,135.82451,135.25167,136.12506
LXBV,8,30030,random,True,138.17541,138.17541,136.9161,136.6633,136.01067,137.03769
RSVNS,2,30030,random,True,138.46602,138.46601,136.98624,136.91358,135.95382,137.16997
RSVNS,26,30030,random,True,138.67753,138.58708,137.35571,137.18659,136.85049,137.5584
BVNS,20,30030,random,True,137.83215,137.83215,136.3557,136.11688,135.45892,136.56645
SSA,14,30030,random,True,136.86845,136.84232,135.63969,135.42454,135.48114,135.97446
LXSSA,8,30030,random,True,136.28538,136.28539,135.20211,135.08663,134.77631,135.58154
PSOC,2,30030,random,True,137.72315,137.72315,136.51711,136.37714,135.91874,136.66666
PSOC,26,30030,random,True,139.39371,139.39371,137.9291,137.74171,137.33135,138.01013
DE,20,30030,random,False,134.38316,134.38316,134.36269,134.44671,134.56449,134.8151
SLSQP,14,30030,random,True,137.3904,137.3904,136.70309,136.66323,136.64576,137.03704
PSOBV,8,30030,random,True,138.64139,138.6414,137.0232,136.84466,136.49873,137.24263
SSABV,2,6030,random,True,138.47857,138.47856,136.97881,136.87849,136.33401,137.23839
SSABV,26,6030,random,True,137.69334,137.69333,136.18229,136.0497,135.13527,136.33017
LXBV,20,6030,random,True,137.4357,137.4357,135.82598,135.65994,134.96447,136.06733
RSVNS,14,6030,random,True,137.25568,137.25568,136.00927,135.77515,134.91426,136.31381
BVNS,8,6030,random,True,136.92871,136.92871,135.48894,135.40498,134.73516,135.75367
SSA,2,6030,random,True,134.72549,134.7255,134.29049,134.2972,134.22875,134.73275
SSA,26,6030,random,True,136.80921,136.80922,135.75649,135.71743,135.30241,136.12446
LXSSA,20,6030,random,True,134.9792,134.9792,134.34924,134.44458,134.12652,134.82388
PSOC,14,6030,random,True,138.47237,138.47238,137.98477,137.83249,137.62935,138.19371
DE,8,6030,random,False,135.05033,135.05032,134.90091,134.93466,134.87381,135.40218
SLSQP,2,6030,random,True,135.88725,135.88723,135.59971,135.50918,135.57268,135.83277
SLSQP,26,6030,random,True,136.41114,136.40451,136.08997,135.98178,135.6603,136.45526
PSOBV,20,6030,random,True,139.54532,139.54533,138.25922,138.1716,137.24384,138.47274
SSABV,14,6030,feasible,True,138.06709,138.06709,136.65598,136.5473,136.20877,136.89591
LXBV,8,6030,feasible,True,138.08066,138.08067,136.60388,136.38669,135.65753,136.76218
BVNS,2,6030,feasible,True,138.52835,138.52834,136.90737,136.68884,135.96726,137.02917
BVNS,26,6030,feasible,True,138.37919,138.37918,137.13978,136.97647,136.69439,137.34764
SSA,20,6030,feasible,True,137.47663,137.47664,136.77204,136.72897,136.585,137.20075
LXSSA,14,6030,feasible,True,136.78971,136.73562,135.81287,135.69366,135.38227,136.14436
PSOC,8,6030,feasible,True,135.81401,135.81401,136.01931,135.87647,135.85526,136.38823
DE,2,6030,feasible,True,135.62388,135.6239,135.37987,135.30715,134.94611,135.7803
DE,26,6030,feasible,True,136.10898,136.10896,135.59263,135.67236,135.37204,136.08478
SLSQP,20,6030,feasible,True,137.25979,137.25979,136.79767,136.78518,136.40237,137.25856
PSOBV,14,6030,feasible,True,137.81003,137.81004,136.45221,136.29686,135.63834,136.73476
LXBV,9,120030,random,True,138.71684,138.71684,137.51783,137.32012,136.82552,137.59389
SSA,3,120030,random,True,137.46471,137.29767,136.34761,136.34705,135.80996,136.63666
PSOC,7,120030,random,True,139.33317,138.88113,138.01353,137.99207,137.96097,138.2497
PSOBV,1,120030,random,True,140.09826,140.09826,138.73708,138.51214,138.172,138.70271
SSABV,15,30030,random,True,137.1305,137.07242,135.8979,135.60038,135.17012,136.19197
LXBV,9,30030,random,True,139.23405,139.23406,137.69907,137.58701,137.19238,137.7592
RSVNS,3,30030,random,True,138.31256,138.31255,136.82933,136.76861,135.86989,137.12423
RSVNS,27,30030,random,True,138.66702,138.66701,137.49674,137.36374,137.09399,137.65512
BVNS,21,30030,random,True,138.99516,138.99515,137.68843,137.36971,137.05228,137.78293
SSA,15,30030,random,True,136.51288,136.51287,135.42733,135.26861,135.21146,135.7189
LXSSA,9,30030,random,True,137.05356,137.05355,136.27212,136.22874,136.15123,136.41033
PSOC,3,30030,random,True,138.63759,138.6376,137.6225,137.55604,137.10724,137.76936
PSOC,27,30030,random,True,139.23515,139.21366,137.80627,137.62668,137.10061,137.90644
DE,21,30030,random,True,138.59208,138.59208,137.93722,137.82219,137.62543,138.08046
SLSQP,15,30030,random,True,137.69786,137.69786,137.35023,137.2664,137.68016,137.61262
PSOBV,9,30030,random,True,138.63396,138.63397,137.10726,136.96168,136.43862,137.35663
SSABV,3,6030,random,True,137.96827,137.96825,136.50406,136.34017,135.97342,136.73736
SSABV,27,6030,random,True,137.09814,137.09815,135.81794,135.7386,134.633,136.02821
LXBV,21,6030,random,True,138.27735,138.27736,136.62122,136.47479,136.08773,136.77418
RSVNS,15,6030,random,True,136.8479,136.84788,135.42861,135.33231,134.65187,135.76011
BVNS,9,6030,random,True,137.98982,137.9898,136.65434,136.47994,135.87442,136.98235
SSA,3,6030,random,True,135.84535,135.84536,135.33299,135.2504,135.14944,135.67556
SSA,27,6030,random,True,136.00987,136.00987,135.11722,134.85336,134.70915,135.39165
LXSSA,21,6030,random,True,136.66044,136.66045,135.90356,135.80964,135.50525,136.2438
PSOC,15,6030,random,True,136.07479,136.07478,136.06487,136.06165,136.05881,136.47132
DE,9,6030,random,False,136.17464,136.17463,136.10782,136.13455,136.38813,136.51761
SLSQP,3,6030,random,True,136.00449,136.00449,135.56667,135.44128,135.41878,135.85232
SLSQP,27,6030,random,True,136.05879,136.05878,136.11267,136.1169,136.23944,136.57115
PSOBV,21,6030,random,True,139.39178,139.39179,138.01145,137.92992,137.51086,138.15319
SSABV,15,6030,feasible,True,139.08385,139.0245,137.64849,137.44201,136.79283,137.84779
LXBV,9,6030,feasible,True,137.88288,137.8829,136.50573,136.3511,135.99238,136.80301
BVNS,3,6030,feasible,True,139.04875,139.04874,137.55509,137.38056,136.73733,137.72468
BVNS,27,6030,feasible,True,138.15817,138.15817,136.96361,136.82845,136.43546,137.19844
SSA,21,6030,feasible,True,137.20077,137.20077,136.20335,136.02017,135.52155,136.3938
LXSSA,15,6030,feasible,True,137.10551,136.99354,136.59284,136.61396,136.71454,137.03358
PSOC,9,6030,feasible,True,135.83855,135.83855,135.95773,135.9536,135.87795,136.33638
DE,3,6030,feasible,True,136.56105,136.56103,136.59269,136.62965,136.51708,136.9603
DE,27,6030,feasible,True,136.89912,136.89911,136.45816,136.33759,135.72239,136.9019
SLSQP,21,6030,feasible,True,136.80221,136.80219,136.09398,136.02355,136.00373,136.43511
PSOBV,15,6030,feasible,True,138.33411,138.33411,137.08685,136.91227,136.66164,137.3391
LXBV,10,120030,random,True,139.04193,139.04193,137.74332,137.63845,137.27151,137.96479
SSA,4,120030,random,True,137.37095,137.23434,136.16828,135.90734,135.68159,136.36979
PSOC,8,120030,random,True,138.18499,137.86904,137.3426,137.42535,137.374,137.65475
PSOBV,2,120030,random,True,138.15629,138.15628,136.63295,136.49429,135.88507,136.74894
SSABV,16,30030,random,True,139.07067,139.07067,137.39055,137.36079,136.58784,137.62784
LXBV,10,30030,random,True,138.44069,138.4407,136.9116,136.7942,136.26449,137.15264
RSVNS,4,30030,random,True,138.85044,138.85045,137.30279,137.07764,136.32091,137.33412
RSVNS,28,30030,random,True,138.64347,138.64347,137.07352,137.04069,136.20271,137.33326
BVNS,22,30030,random,True,139.36647,139.36647,137.89002,137.65177,136.75586,137.96437
SSA,16,30030,random,True,137.00189,137.00189,135.82982,135.60226,134.68062,135.97965
LXSSA,10,30030,random,True,135.68187,135.68186,134.37971,134.1688,133.22196,134.6749
PSOC,4,30030,random,True,139.7381,139.73809,138.41238,138.42325,138.04212,138.55634
PSOC,28,30030,random,True,138.1473,138.14729,137.0439,136.84637,136.53058,137.25454
DE,22,30030,random,False,135.49624,135.49625,135.70279,135.71147,135.91597,136.21151
SLSQP,16,30030,random,True,137.32894,137.32893,136.23691,136.13438,135.75642,136.46925
PSOBV,10,30030,random,True,139.32027,139.32027,137.93565,137.85099,137.06322,138.10826
SSABV,4,6030,random,True,138.17892,138.17892,136.6414,136.46987,135.87333,136.7817
SSABV,28,6030,random,True,136.80209,136.80209,135.44149,135.42996,134.86706,135.94474
LXBV,22,6030,random,True,137.63467,137.63467,136.21855,136.12973,135.64294,136.47674
RSVNS,16,6030,random,True,137.22677,137.22678,135.78215,135.73758,135.05998,136.13017
BVNS,10,6030,random,True,138.27005,138.27006,136.85277,136.69658,136.25972,137.06223
SSA,4,6030,random,True,135.88049,135.8805,134.85533,134.90948,134.69449,135.34435
SSA,28,6030,random,True,134.1173,134.11729,133.78829,133.77463,133.87159,134.17339
LXSSA,22,6030,random,True,136.6862,136.65576,136.40724,136.33548,136.40533,136.72317
PSOC,16,6030,random,True,137.94609,137.94608,136.77302,136.62765,135.85608,137.05614
DE,10,6030,random,False,134.94907,134.94905,134.80014,134.89454,134.75558,135.38829
SLSQP,4,6030,random,True,134.83432,134.83431,134.31495,134.28521,134.03442,134.90829
SLSQP,28,6030,random,True,134.59113,134.59113,133.86554,133.81028,133.46872,134.25712
PSOBV,22,6030,random,True,138.22477,138.22478,136.89225,136.76885,136.16742,137.03754
SSABV,16,6030,feasible,True,138.55349,138.55349,137.26242,136.95219,136.3901,137.4661
LXBV,10,6030,feasible,True,138.1944,138.19441,136.88915,136.68436,135.83268,137.09629
BVNS,4,6030,feasible,True,139.87439,139.87438,138.38343,138.29492,137.65752,138.46298
BVNS,28,6030,feasible,True,138.79521,138.79521,137.12616,136.9957,136.35922,137.30361
SSA,22,6030,feasible,True,136.96078,136.96077,136.15953,136.11129,135.91146,136.41768
LXSSA,16,6030,feasible,True,137.24259,137.24259,136.43877,136.44508,136.11472,136.89461
PSOC,10,6030,feasible,True,136.48812,136.48811,136.08687,136.03041,135.52193,136.54362
DE,4,6030,feasible,True,137.35936,137.35935,137.34551,137.35805,137.18307,137.66194
DE,28,6030,feasible,True,136.75268,136.7527,136.51745,136.52067,136.28606,136.89888
SLSQP,22,6030,feasible,True,136.78125,136.78125,136.61691,136.71082,136.57204,137.01126
PSOBV,16,6030,feasible,True,138.64477,138.64478,137.30497,137.14667,136.73774,137.50422
SSABV,2,120030,random,True,139.24611,139.2461,137.75865,137.61169,137.09267,137.97173
RSVNS,6,120030,random,True,139.31079,139.31079,138.17037,138.0539,137.45192,138.23692
SSA,10,120030,random,True,137.31083,137.2699,135.61724,135.52206,134.8184,135.82557
DE,4,120030,random,True,139.86694,139.86694,138.51457,138.38614,137.95619,138.58745
PSOBV,8,120030,random,True,139.3472,139.3472,137.91213,137.74783,137.17386,138.09448
SSABV,22,30030,random,True,138.25231,138.25231,136.98834,136.88165,136.46774,137.11514
LXBV,16,30030,random,True,138.89465,138.89465,137.41926,137.29172,136.91925,137.61288
RSVNS,10,30030,random,True,138.59893,138.59894,136.97199,136.78499,135.97514,137.00065
BVNS,4,30030,random,True,137.60131,137.60132,136.10209,135.97576,135.6381,136.28869
BVNS,28,30030,random,True,137.25743,137.25744,135.80175,135.798,135.10655,136.14473
SSA,22,30030,random,True,137.49308,137.49308,136.32824,136.07419,135.65521,136.49387
LXSSA,16,30030,random,True,135.72864,135.72864,134.35876,134.23407,133.86141,134.69952
PSOC,10,30030,random,True,138.98943,138.98944,137.62932,137.59252,137.12014,137.81568
DE,4,30030,random,False,135.15964,135.15964,135.0346,135.08758,134.78424,135.54746
DE,28,30030,random,False,135.2658,135.26579,135.27603,135.25748,134.93097,135.7404
SLSQP,22,30030,random,True,137.34698,137.34698,137.06635,136.80738,136.57467,137.23178
PSOBV,16,30030,random,True,138.9412,138.94119,137.62088,137.40481,137.12907,137.74701
SSABV,10,6030,random,True,137.28703,137.28703,135.74391,135.58805,135.08664,136.01396
LXBV,4,6030,random,True,137.39153,137.39152,136.06508,136.10288,135.4881,136.40129
LXBV,28,6030,random,True,137.77598,137.77597,136.31898,136.16962,135.7735,136.58108
RSVNS,22,6030,random,True,137.32894,137.32895,135.79624,135.63055,134.80584,136.02915
BVNS,16,6030,random,True,137.67734,137.67734,136.24418,136.11358,135.69587,136.57947
SSA,10,6030,random,True,137.15542,137.15544,136.08241,135.97008,135.58473,136.28092
LXSSA,4,6030,random,True,135.63015,135.52614,134.50014,134.46166,134.07197,134.89113
LXSSA,28,6030,random,True,135.68399,135.68401,135.12276,134.97917,134.72175,135.48603
PSOC,22,6030,random,True,138.44269,138.4427,137.70261,137.73999,137.36297,137.96546
DE,16,6030,random,False,133.94296,133.94295,133.89059,133.74292,133.46258,134.20368
SLSQP,10,6030,random,True,137.50993,137.50991,136.72035,136.69665,136.20682,137.01382
PSOBV,4,6030,random,True,138.85512,138.85511,137.48928,137.46883,137.14642,137.71304
PSOBV,28,6030,random,True,138.77137,138.77137,137.48733,137.30642,136.92646,137.58637
SSABV,22,6030,feasible,True,138.01599,138.01599,136.57945,136.54277,136.247,136.8816
LXBV,16,6030,feasible,True,138.19193,138.19192,136.72323,136.58833,136.21094,136.99415
BVNS,10,6030,feasible,True,138.23001,138.23002,136.92433,136.6616,135.85821,137.12271
SSA,4,6030,feasible,True,138.12874,138.12875,137.34772,137.24593,137.02375,137.65283
SSA,28,6030,feasible,True,137.67988,137.67988,136.74513,136.58447,136.10914,136.97815
LXSSA,22,6030,feasible,True,136.89429,136.89428,136.03723,136.06036,135.73163,136.35733
PSOC,16,6030,feasible,True,136.141,136.141,136.29974,136.26206,136.5566,136.74833
DE,10,6030,feasible,True,136.48812,136.48811,136.08687,136.03041,135.52193,136.54362
SLSQP,4,6030,feasible,True,138.11742,138.11742,137.52394,137.37283,136.99072,137.75499
SLSQP,28,6030,feasible,True,136.9943,136.99431,136.57509,136.48526,136.21888,136.91209
PSOBV,22,6030,feasible,True,137.96808,137.96807,136.45024,136.40801,135.85757,136.72722
RSVNS,1,120030,random,True,139.09975,139.09974,137.73248,137.61758,137.00376,137.84028
SSA,5,120030,random,True,137.86734,137.61907,136.53293,136.42701,135.8347,136.66446
PSOC,9,120030,random,True,138.81308,138.74141,137.24878,137.15756,136.58536,137.39937
PSOBV,3,120030,random,True,139.29097,139.29097,137.81862,137.75876,137.39141,137.92653
SSABV,17,30030,random,True,137.74809,137.74808,136.2028,136.15088,135.36159,136.46962
LXBV,11,30030,random,True,138.47717,138.47717,137.29218,137.28921,136.61345,137.46713
RSVNS,5,30030,random,True,138.79948,138.79946,137.46825,137.28886,136.65408,137.60462
RSVNS,29,30030,random,True,137.70267,137.70267,136.5013,136.36596,135.68209,136.69305
BVNS,23,30030,random,True,138.9967,138.9967,137.49952,137.37633,136.55639,137.69795
SSA,17,30030,random,True,137.66272,137.66272,136.50247,136.22682,136.04623,136.64329
LXSSA,11,30030,random,True,136.40101,136.37676,135.43688,135.26186,134.54602,135.73354
PSOC,5,30030,random,True,138.06674,138.06674,136.62165,136.45115,136.08837,136.7803
PSOC,29,30030,random,True,138.21905,138.19812,136.74256,136.45718,136.07914,136.92173
DE,23,30030,random,False,135.68229,135.6823,135.78051,135.78125,136.11803,136.12215
SLSQP,17,30030,random,True,136.86753,136.86751,136.2457,136.07925,136.01254,136.63319
PSOBV,11,30030,random,True,139.05387,139.05385,137.85285,137.6174,137.29137,137.85749
SSABV,5,6030,random,True,138.00935,138.00937,136.70961,136.58578,136.26351,136.94748
SSABV,29,6030,random,True,136.78283,136.78284,135.56698,135.48946,135.16518,135.87613
LXBV,23,6030,random,True,137.44223,137.44224,135.94821,135.72967,135.01926,136.15256
RSVNS,17,6030,random,True,138.60071,138.60071,137.22259,137.15322,136.75676,137.52606
BVNS,11,6030,random,True,138.59897,138.59897,137.10604,136.88002,136.33657,137.28475
SSA,5,6030,random,True,136.42708,136.42708,135.65958,135.60348,135.32863,136.09073
SSA,29,6030,random,True,136.07478,136.07478,135.1191,135.1077,134.74078,135.51739
LXSSA,23,6030,random,True,136.98693,136.9709,136.34593,136.35158,135.94968,136.74005
PSOC,17,6030,random,True,138.4598,138.45981,137.21599,137.19697,136.54367,137.3991
DE,11,6030,random,False,134.87149,134.8715,134.98784,134.94883,134.85203,135.48037
SLSQP,5,6030,random,True,136.54628,136.54627,136.14913,136.00016,136.04702,136.4184
SLSQP,29,6030,random,True,136.23136,136.23135,135.63524,135.56335,135.3062,136.00243
PSOBV,23,6030,random,True,137.52325,137.52325,136.4919,136.33585,136.0128,136.78901
SSABV,17,6030,feasible,True,138.4933,138.49331,137.11567,136.98734,136.58147,137.38889
LXBV,11,6030,feasible,True,138.52787,138.52787,137.211,137.04108,136.73765,137.49595
BVNS,5,6030,feasible,True,138.75063,138.75063,137.3725,137.32261,136.95797,137.60062
BVNS,29,6030,feasible,True,138.32328,138.32328,136.95353,136.81553,136.21245,137.15291
SSA,23,6030,feasible,True,136.51957,136.51958,135.93234,135.70624,135.04333,136.22928
LXSSA,17,6030,feasible,True,136.96331,136.85362,136.05944,136.13919,135.6556,136.56962
PSOC,11,6030,feasible,True,136.39997,136.39996,136.43528,136.61692,136.71738,136.914
DE,5,6030,feasible,True,136.53832,136.53832,136.44807,136.35795,136.28652,136.7569
DE,29,6030,feasible,True,136.41431,136.41431,136.09581,136.1839,136.17591,136.47457
SLSQP,23,6030,feasible,True,136.63316,136.63316,135.87325,135.76446,135.45957,136.24455
PSOBV,17,6030,feasible,True,138.20643,138.20642,136.77849,136.68167,136.03695,137.05903
RSVNS,2,120030,random,True,138.62423,138.62423,137.30477,137.10749,136.62756,137.41141
SSA,6,120030,random,True,136.96402,136.82227,135.80211,135.80764,135.43801,136.03531
PSOC,10,120030,random,True,139.12477,138.59797,137.6564,137.62994,137.44297,137.87743
PSOBV,4,120030,random,True,139.80865,139.56893,138.46696,138.39213,138.01539,138.59129
SSABV,18,30030,random,True,137.64303,137.64304,136.19613,136.01105,135.34533,136.46213
LXBV,12,30030,random,True,138.0833,138.08331,137.06468,136.82013,136.48931,137.20338
RSVNS,6,30030,random,True,137.77006,137.77006,136.61056,136.64399,135.80637,136.92085
RSVNS,30,30030,random,True,137.61178,137.61175,135.99984,135.85345,135.44177,136.24683
BVNS,24,30030,random,True,137.78368,137.7837,136.16055,135.93197,135.42548,136.49817
SSA,18,30030,random,True,136.57345,136.45395,135.70664,135.6198,135.40544,135.94403
LXSSA,12,30030,random,True,136.23515,136.23515,135.29801,135.04693,134.82433,135.62046
PSOC,6,30030,random,True,138.66763,138.66764,137.52072,137.4102,137.18328,137.78503
PSOC,30,30030,random,False,136.10707,136.10706,136.32205,136.30188,136.47419,136.60719
DE,24,30030,random,False,134.50789,134.50789,134.63742,134.58756,134.65903,135.05873
SLSQP,18,30030,random,True,136.99134,136.99135,136.65913,136.59695,136.40238,136.97258
PSOBV,12,30030,random,True,138.89414,138.89414,137.44621,137.33241,136.83972,137.71064
SSABV,6,6030,random,True,137.29763,137.29764,135.84318,135.73128,135.30147,136.13869
SSABV,30,6030,random,True,136.52054,136.52055,134.8442,134.731,134.26786,135.2258
LXBV,24,6030,random,True,136.61449,136.61448,135.1504,135.01526,134.40144,135.37781
RSVNS,18,6030,random,True,138.13627,138.13627,136.66969,136.55427,135.96999,136.78178
BVNS,12,6030,random,True,136.80275,136.80274,135.10256,134.94,134.23797,135.38977
SSA,6,6030,random,True,135.78659,135.78659,135.03477,134.89144,134.6703,135.3725
SSA,30,6030,random,True,137.37468,137.37468,136.40194,136.407,136.09597,136.76627
LXSSA,24,6030,random,True,135.45094,135.45096,134.50137,134.42264,133.95444,134.8943
PSOC,18,6030,random,False,136.50925,136.50925,136.54704,136.59784,136.39153,137.02614
DE,12,6030,random,False,136.2468,136.2468,136.378,136.36365,136.12796,136.67329
SLSQP,6,6030,random,True,136.24209,136.24209,135.22685,135.16643,134.83352,135.69422
SLSQP,30,6030,random,True,136.69127,136.69128,136.65094,136.59513,136.4648,136.96967
PSOBV,24,6030,random,True,137.89706,137.89706,136.4668,136.37042,135.52658,136.8276
SSABV,18,6030,feasible,True,138.06129,138.06129,136.549,136.45462,136.08498,136.82717
LXBV,12,6030,feasible,True,138.24754,138.24755,136.63823,136.51598,136.32483,136.83619
BVNS,6,6030,feasible,True,138.69451,138.69452,137.41403,137.32372,136.70464,137.60847
BVNS,30,6030,feasible,True,139.1226,139.1226,137.53004,137.43605,136.85328,137.8131
SSA,24,6030,feasible,True,137.02437,137.02438,136.30944,136.30498,136.02744,136.62219
LXSSA,18,6030,feasible,True,137.07945,137.02693,136.44365,136.40221,136.54031,136.83895
PSOC,12,6030,feasible,True,135.8151,135.81511,135.80019,135.84234,135.69921,136.22489
DE,6,6030,feasible,True,136.93337,136.93336,136.76812,136.654,136.60774,137.10046
DE,30,6030,feasible,True,137.50888,137.50888,137.18272,137.20865,137.23168,137.53615
SLSQP,24,6030,feasible,True,136.69972,136.69973,136.32218,136.25177,136.27903,136.67812
PSOBV,18,6030,feasible,True,138.84716,138.86852,137.49905,137.30041,136.5958,137.68414
RSVNS,3,120030,random,True,139.91619,139.9162,138.51309,138.24178,137.40706,138.50467
SSA,7,120030,random,True,137.98292,137.8771,136.62584,136.53752,136.04364,136.93149
DE,1,120030,random,True,140.65266,140.56504,139.23484,139.06871,138.45368,139.22584
PSOBV,5,120030,random,True,138.4483,138.24681,136.89292,136.7535,136.39188,136.96214
SSABV,19,30030,random,True,138.85362,138.85364,137.38891,137.18812,136.50809,137.5128
LXBV,13,30030,random,True,138.88906,138.88906,137.65018,137.55994,136.98609,137.88682
RSVNS,7,30030,random,True,138.35317,138.35319,136.95143,136.78544,136.35024,137.23195
BVNS,1,30030,random,True,138.79192,138.79193,137.51672,137.48483,137.29097,137.7548
BVNS,25,30030,random,True,139.21958,139.21957,137.49723,137.26481,136.8619,137.68599
SSA,19,30030,random,True,137.37444,137.34989,136.17184,136.16422,136.0428,136.56859
LXSSA,13,30030,random,True,135.60043,135.53763,134.65352,134.65545,134.18922,135.23398
PSOC,7,30030,random,True,138.81584,138.81583,137.87933,137.86059,137.86051,138.11016
DE,1,30030,random,False,134.67302,134.67302,135.1497,135.12148,135.87071,135.60919
DE,25,30030,random,False,135.71155,135.71155,135.58582,135.5344,135.78185,136.01766
SLSQP,19,30030,random,True,137.67948,137.67947,137.23215,137.22639,137.13455,137.5125
PSOBV,13,30030,random,True,138.12813,138.12813,136.92205,136.76509,136.41076,137.16362
SSABV,7,6030,random,True,137.35778,137.35779,135.95512,135.75861,135.14109,136.30645
LXBV,1,6030,random,True,137.64075,137.64074,136.32081,136.1057,135.60245,136.68896
LXBV,25,6030,random,True,136.55383,136.55384,135.00095,134.85529,133.85762,135.27769
RSVNS,19,6030,random,True,137.187,137.18701,136.2858,136.20714,136.01189,136.45245
BVNS,13,6030,random,True,138.28095,138.28094,137.09674,137.07377,136.54927,137.45366
SSA,7,6030,random,True,134.62317,134.62316,133.49369,133.35386,133.30278,134.00332
LXSSA,1,6030,random,True,137.0462,137.0462,136.40639,136.31583,136.01959,136.7959
LXSSA,25,6030,random,True,136.09337,136.09335,135.33493,135.26167,135.15176,135.71278
PSOC,19,6030,random,True,136.89028,136.89029,136.55699,136.54549,136.35513,136.92536
DE,13,6030,random,False,136.78704,136.78703,136.67586,136.73168,136.36066,137.09133
SLSQP,7,6030,random,True,136.97285,136.97285,136.56119,136.45111,136.25108,136.83823
PSOBV,1,6030,random,True,139.77693,139.77692,138.38668,138.22692,137.88043,138.27855
PSOBV,25,6030,random,True,137.63232,137.63233,136.26917,136.21785,135.98515,136.5538
SSABV,19,6030,feasible,True,138.48481,138.48482,137.04124,136.96324,136.58519,137.23604
LXBV,13,6030,feasible,True,137.50235,137.50235,136.20221,136.05466,135.49467,136.49459
BVNS,7,6030,feasible,True,138.83744,138.83744,137.45474,137.34955,137.27575,137.63848
SSA,1,6030,feasible,True,137.18342,137.18342,136.21773,136.1198,135.81166,136.48983
SSA,25,6030,feasible,True,136.74825,136.74824,136.25684,136.22661,136.17338,136.62218
LXSSA,19,6030,feasible,True,136.99486,136.9219,136.01458,136.02704,135.90272,136.52121
PSOC,13,6030,feasible,True,135.86092,135.86094,135.7212,135.6605,135.81819,136.20031
DE,7,6030,feasible,True,136.92272,136.92273,136.80594,136.86255,136.71543,137.08165
SLSQP,1,6030,feasible,True,136.5331,136.53309,136.20504,136.08692,136.37679,136.46858
SLSQP,25,6030,feasible,True,136.88023,136.88023,136.28483,136.37019,135.9645,136.70748
PSOBV,19,6030,feasible,True,138.25947,138.25945,136.97463,136.87413,136.29258,137.20433
RSVNS,4,120030,random,True,139.25987,139.25988,137.78176,137.57089,136.74385,137.88526
SSA,8,120030,random,True,136.22309,136.16056,134.79702,134.78304,134.08933,135.18847
DE,2,120030,random,True,138.87067,138.54415,137.56197,137.32325,136.97823,137.66618
PSOBV,6,120030,random,True,139.21565,139.21565,138.14377,137.85011,137.34461,138.18337
SSABV,20,30030,random,True,137.38556,137.38557,135.70424,135.56648,134.87534,136.10212
LXBV,14,30030,random,True,138.34674,138.34673,137.11221,136.95121,136.27795,137.24261
RSVNS,8,30030,random,True,137.65219,137.6522,136.12803,136.11487,135.42814,136.44379
BVNS,2,30030,random,True,138.69841,138.69841,137.4218,137.36241,136.82072,137.63244
BVNS,26,30030,random,True,139.20505,139.20506,137.65971,137.43766,136.98579,137.77609
SSA,20,30030,random,True,136.73602,136.73601,135.38305,135.27112,134.96051,135.62636
LXSSA,14,30030,random,True,135.55807,135.5143,134.35978,134.28754,134.06465,134.76968
PSOC,8,30030,random,True,137.67225,137.67224,137.18265,137.12164,137.23105,137.42283
DE,2,30030,random,False,133.70208,133.70208,133.90577,133.82207,134.17852,134.31953
DE,26,30030,random,True,136.37258,136.37259,136.50354,136.709,136.66323,136.86581
SLSQP,20,30030,random,True,136.66556,136.66556,136.29019,136.1191,136.0181,136.61928
PSOBV,14,30030,random,True,139.76047,139.76047,138.40508,138.35192,137.81571,138.51873
SSABV,8,6030,random,True,137.72786,137.72785,136.25555,136.11603,135.35765,136.39819
LXBV,2,6030,random,True,138.16837,138.16838,136.87416,136.70091,135.86603,137.02064
LXBV,26,6030,random,True,138.09118,138.09119,136.77699,136.65398,136.14013,137.07513
RSVNS,20,6030,random,True,138.18542,138.18542,136.81638,136.7249,136.07526,137.07377
BVNS,14,6030,random,True,138.06805,138.06804,136.63448,136.42846,135.87393,136.81265
SSA,8,6030,random,True,134.94684,134.94685,134.11054,134.07331,133.65464,134.60416
LXSSA,2,6030,random,True,136.7109,136.7109,135.58483,135.46336,134.96979,135.99871
LXSSA,26,6030,random,True,136.65639,136.65642,135.82242,135.67751,135.3534,136.05829
PSOC,20,6030,random,True,136.94156,136.94156,136.86362,136.8956,136.71298,137.2544
DE,14,6030,random,False,136.15108,136.15109,136.03311,136.1532,136.06672,136.62175
SLSQP,8,6030,random,True,136.15333,136.15333,135.63674,135.59362,135.31575,135.87121
PSOBV,2,6030,random,True,137.57174,137.57174,136.21957,136.08052,135.46391,136.44014
PSOBV,26,6030,random,True,138.75908,138.75909,137.33045,137.2289,136.83577,137.4669
SSABV,20,6030,feasible,True,138.70555,138.70554,137.47635,137.31395,136.65197,137.73645
LXBV,14,6030,feasible,True,137.40485,137.40486,136.16588,135.94,135.13455,136.47776
BVNS,8,6030,feasible,True,138.45879,138.45879,136.95911,136.88164,136.34318,137.14689
SSA,2,6030,feasible,True,136.60734,136.60734,135.47439,135.43824,134.81215,135.89512
SSA,26,6030,feasible,True,136.66404,136.66404,135.63848,135.5465,134.95267,136.10707
LXSSA,20,6030,feasible,True,137.47052,137.47053,136.82036,136.77876,136.64227,137.26738
PSOC,14,6030,feasible,True,135.80665,135.80665,135.68641,135.70701,135.51996,136.10976
DE,8,6030,feasible,True,135.81401,135.81401,136.01931,135.87647,135.85526,136.38823
SLSQP,2,6030,feasible,True,136.37022,136.37022,135.68362,135.63967,135.46964,136.1259
SLSQP,26,6030,feasible,True,136.44063,136.44065,135.52302,135.59353,135.17666,136.06196
PSOBV,20,6030,feasible,True,139.1175,139.1175,137.7229,137.69181,137.27081,137.92306
SSABV,3,120030,random,True,139.49913,139.49913,138.12023,137.96828,137.13539,138.23523
RSVNS,7,120030,random,True,139.39806,139.39807,137.96166,137.76171,137.22811,138.00659
LXSSA,1,120030,random,True,137.90676,137.88183,136.80618,136.71659,136.2412,137.10548
DE,5,120030,random,True,139.07079,139.0708,137.34534,137.22285,136.5916,137.50549
PSOBV,9,120030,random,True,138.53772,138.53772,137.31047,137.13644,136.7961,137.34716
SSABV,23,30030,random,True,137.00746,137.00746,135.53883,135.40472,134.87917,135.74602
LXBV,17,30030,random,True,138.73795,138.73795,137.33935,137.19835,136.54321,137.37219
RSVNS,11,30030,random,True,138.10201,138.102,136.46726,136.30936,135.4546,136.51173
BVNS,5,30030,random,True,138.75788,138.75786,137.32191,137.2481,136.84815,137.56217
BVNS,29,30030,random,True,138.64414,138.61664,137.1849,137.04374,136.78585,137.41068
SSA,23,30030,random,True,134.9326,134.93258,134.02436,133.95583,133.77116,134.39455
LXSSA,17,30030,random,True,136.95447,136.85823,135.85024,135.70801,135.21267,136.08666
PSOC,11,30030,random,True,138.61914,138.61912,137.79353,137.49176,137.07159,137.76327
DE,5,30030,random,True,137.77902,137.77903,136.77293,136.77388,135.98037,137.05413
DE,29,30030,random,False,135.62584,135.62583,135.55023,135.59861,135.63968,135.99375
SLSQP,23,30030,random,True,136.96241,136.96241,136.54444,136.57116,136.41555,136.97322
PSOBV,17,30030,random,True,139.11249,139.11249,137.50588,137.45815,136.97894,137.66132
SSABV,11,6030,random,True,138.06898,138.06898,136.5651,136.44778,135.94046,136.75659
LXBV,5,6030,random,True,137.42741,137.42743,136.10219,135.9634,135.46411,136.17974
LXBV,29,6030,random,True,137.88621,137.88622,136.36116,136.15069,135.46169,136.61372
RSVNS,23,6030,random,True,137.66297,137.66297,136.0929,135.96989,135.3052,136.21488
BVNS,17,6030,random,True,137.79714,137.75581,136.09774,136.00208,135.49878,136.41091
SSA,11,6030,random,True,135.71266,135.71265,135.05624,135.09531,134.64908,135.47476
LXSSA,5,6030,random,False,135.9663,135.96631,136.11124,135.99463,135.90587,136.49391
LXSSA,29,6030,random,True,135.36142,135.31575,134.83023,134.82485,134.86077,135.23408
PSOC,23,6030,random,False,135.61855,135.61854,135.25875,135.21407,134.98029,135.73715
DE,17,6030,random,False,135.64355,135.64355,135.59022,135.45751,135.34308,135.95577
SLSQP,11,6030,random,True,137.69638,137.69637,136.91572,136.87749,136.61654,137.20982
PSOBV,5,6030,random,True,138.01433,138.01433,136.65445,136.60083,136.04293,136.8182
PSOBV,29,6030,random,True,137.7538,137.7538,136.20026,136.13596,135.87415,136.50419
SSABV,23,6030,feasible,True,138.08882,138.08882,136.63252,136.48035,135.87507,136.84259
LXBV,17,6030,feasible,True,138.4422,138.4422,136.94028,136.90595,136.39146,137.16232
BVNS,11,6030,feasible,True,138.94445,138.94445,137.41052,137.31986,136.66053,137.63241
SSA,5,6030,feasible,True,137.31237,137.31237,136.54005,136.45297,136.37363,136.82693
SSA,29,6030,feasible,True,137.20985,137.20984,136.16633,135.94671,135.66551,136.43616
LXSSA,23,6030,feasible,True,136.5748,136.57481,135.94614,135.66625,135.37588,136.23063
PSOC,17,6030,feasible,True,136.54884,136.54883,136.144,136.13033,136.07071,136.57868
DE,11,6030,feasible,True,136.39997,136.39996,136.43528,136.61692,136.71738,136.914
SLSQP,5,6030,feasible,True,137.14468,137.14468,136.61256,136.44853,136.24331,136.87118
SLSQP,29,6030,feasible,True,136.81043,136.81042,136.13913,136.12774,136.2011,136.48336
PSOBV,23,6030,feasible,True,138.22385,138.22385,136.73615,136.59149,135.81283,136.94142
SSABV,4,120030,random,True,139.76118,139.76118,138.37577,138.15133,137.47316,138.36953
RSVNS,8,120030,random,True,139.50319,139.50318,137.93888,137.71377,137.08817,137.91253
LXSSA,2,120030,random,True,136.68001,136.61083,135.73528,135.65633,135.28087,135.99192
DE,6,120030,random,True,140.66372,140.41324,138.96466,138.85247,138.48559,138.99218
PSOBV,10,120030,random,True,140.30401,140.26501,138.58231,138.46842,137.97232,138.62556
SSABV,24,30030,random,True,139.0484,139.0484,137.65174,137.60494,137.38598,137.88317
LXBV,18,30030,random,True,138.70953,138.70954,137.05784,136.89928,136.06412,137.23684
RSVNS,12,30030,random,True,138.25067,138.25068,136.77258,136.75969,135.89857,137.10395
BVNS,6,30030,random,True,137.8528,137.85281,136.61956,136.4711,136.12101,136.92402
BVNS,30,30030,random,True,138.44433,138.44432,137.00854,136.994,136.6842,137.26271
SSA,24,30030,random,True,136.99687,136.99688,135.8003,135.79465,135.4952,136.1329
LXSSA,18,30030,random,True,136.24496,136.23933,135.18022,135.09089,135.02672,135.53746
PSOC,12,30030,random,True,138.7286,138.72862,137.35301,137.15942,136.55574,137.61079
DE,6,30030,random,False,136.18568,136.18566,136.29273,136.2634,136.54081,136.77357
DE,30,30030,random,False,134.84486,134.84486,134.80969,134.8974,135.18086,135.34981
SLSQP,24,30030,random,True,136.53533,136.53533,135.70153,135.56939,135.38744,136.00737
PSOBV,18,30030,random,True,140.09848,140.09848,139.0534,138.82549,138.32873,139.07717
SSABV,12,6030,random,True,137.25381,137.2538,135.6904,135.59573,134.73973,135.9129
LXBV,6,6030,random,True,137.68162,137.68161,136.22643,136.07359,135.61695,136.47621
LXBV,30,6030,random,True,136.12252,136.12252,134.68192,134.56997,134.02405,135.11688
RSVNS,24,6030,random,True,137.54668,137.54669,136.09698,135.92071,135.21961,136.30451
BVNS,18,6030,random,True,135.84678,135.84677,134.30676,134.07723,133.35695,134.68156
SSA,12,6030,random,True,137.11243,137.11243,135.94354,135.83499,135.49878,136.34466
LXSSA,6,6030,random,True,134.71777,134.71777,134.67667,134.53264,134.57662,135.06023
LXSSA,30,6030,random,True,135.2855,135.2855,134.33262,134.20263,134.04995,134.6519
PSOC,24,6030,random,True,137.92731,137.92731,137.17551,137.16093,136.89752,137.5295
DE,18,6030,random,False,134.33696,134.33696,134.27928,134.10914,134.40546,134.64244
SLSQP,12,6030,random,True,135.96299,135.96297,135.38271,135.3957,135.32658,135.83835
PSOBV,6,6030,random,True,137.48103,137.48104,136.15324,136.11517,135.42956,136.57093
PSOBV,30,6030,random,True,137.62451,137.6245,136.54225,136.37504,136.26414,136.83546
SSABV,24,6030,feasible,True,138.06582,138.06583,136.8167,136.7213,136.30546,137.09841
LXBV,18,6030,feasible,True,138.42052,138.42052,136.96583,136.84935,136.49732,137.23768
BVNS,12,6030,feasible,True,138.28862,138.28863,136.84058,136.73758,136.23867,137.03513
SSA,6,6030,feasible,True,137.72931,137.72929,136.89044,136.76679,136.55793,137.25303
SSA,30,6030,feasible,True,137.82388,137.82388,137.27521,137.14576,137.17239,137.54775
LXSSA,24,6030,feasible,True,137.33596,137.33595,136.46079,136.24859,135.90136,136.69041
PSOC,18,6030,feasible,True,136.23264,136.23262,136.22722,136.22492,136.03804,136.6583
DE,12,6030,feasible,True,135.8151,135.81511,135.80019,135.84234,135.69921,136.22489
SLSQP,6,6030,feasible,True,137.03671,137.03672,136.76834,136.67504,136.58306,137.09995
SLSQP,30,6030,feasible,True,137.87365,137.87366,137.26981,137.16446,136.8931,137.56107
PSOBV,24,6030,feasible,True,138.61337,138.61335,137.21652,137.05112,136.76548,137.48063
SSABV,5,120030,random,True,138.48636,138.48636,137.07853,136.94813,136.51734,137.3298
RSVNS,9,120030,random,True,140.16977,140.16978,138.39134,138.26096,137.67975,138.5399
LXSSA,3,120030,random,True,136.80465,136.80465,135.59332,135.34638,134.92082,135.92185
DE,7,120030,random,True,139.42882,139.41714,137.70995,137.60231,136.9567,137.78807
SSABV,1,30030,random,True,136.52396,136.52396,135.03351,134.92258,134.25689,135.32043
SSABV,25,30030,random,True,138.59439,138.59439,136.93899,136.7464,136.03872,137.0581
LXBV,19,30030,random,True,137.35468,137.35466,136.06354,135.85069,135.28396,136.30229
RSVNS,13,30030,random,True,138.98483,138.98482,137.63756,137.44102,136.82322,137.7066
BVNS,7,30030,random,True,139.04955,139.04955,137.50066,137.31049,136.64888,137.66426
SSA,1,30030,random,True,136.94908,136.89737,135.91919,135.90845,135.58646,136.29072
SSA,25,30030,random,True,138.28674,138.22615,137.2509,137.16279,136.84976,137.5133
LXSSA,19,30030,random,True,136.62591,136.62592,135.63069,135.53522,134.98458,135.93424
PSOC,13,30030,random,False,136.59252,136.59252,136.57456,136.61596,136.71578,137.02915
DE,7,30030,random,False,135.25699,135.25697,134.98366,134.97767,134.83707,135.4974
SLSQP,1,30030,random,True,137.3914,137.39138,137.07229,137.09544,137.00313,137.43833
SLSQP,25,30030,random,True,136.5772,136.5772,136.12173,136.06412,135.99514,136.43525
PSOBV,19,30030,random,True,139.20773,139.20772,137.77003,137.60177,136.73139,137.87247
SSABV,13,6030,random,True,137.56883,137.56883,135.85689,135.91045,135.09425,136.20245
LXBV,7,6030,random,True,136.96165,136.96164,135.56889,135.57247,135.08708,135.82578
RSVNS,1,6030,random,True,138.67185,138.67185,137.42208,137.26781,136.93293,137.54396
RSVNS,25,6030,random,True,137.57018,137.57018,135.97185,135.89142,135.31045,136.20938
BVNS,19,6030,random,True,138.19127,138.19128,137.02189,136.94401,136.53945,137.22351
SSA,13,6030,random,True,137.54053,137.54053,136.20284,136.07977,135.30823,136.49902
LXSSA,7,6030,random,True,134.98417,134.96836,134.74043,134.77779,134.95619,135.27194
PSOC,1,6030,random,True,139.07431,139.07431,138.11611,137.94213,137.4389,138.16843
PSOC,25,6030,random,True,137.64272,137.64272,136.65021,136.58884,136.30346,136.96613
DE,19,6030,random,False,135.74978,135.74977,135.54058,135.59582,135.62306,136.02456
SLSQP,13,6030,random,True,137.38226,137.38225,137.06036,137.11442,137.14609,137.50644
PSOBV,7,6030,random,True,138.90812,138.90811,137.88043,137.75151,137.41662,138.13038
SSABV,1,6030,feasible,True,138.43575,138.43574,136.96837,136.87097,136.3925,137.10818
SSABV,25,6030,feasible,True,138.36427,138.36424,136.94027,136.82789,136.31455,137.11902
LXBV,19,6030,feasible,True,138.00863,138.00863,136.77287,136.54113,136.0518,137.032
BVNS,13,6030,feasible,True,137.69249,137.69249,136.29699,136.13386,135.44156,136.44877
SSA,7,6030,feasible,True,137.5841,137.58409,136.77639,136.72753,136.33819,137.02929
LXSSA,1,6030,feasible,True,137.46396,137.42764,136.30007,136.2251,135.7282,136.57323
LXSSA,25,6030,feasible,True,136.73368,136.73369,136.2708,136.17602,136.17155,136.63341
PSOC,19,6030,feasible,True,136.37367,136.37367,136.05799,136.0642,135.87861,136.5385
DE,13,6030,feasible,True,135.86092,135.86094,135.7212,135.6605,135.81819,136.20031
SLSQP,7,6030,feasible,True,137.29089,137.29088,136.85911,136.77064,136.24053,137.09553
PSOBV,1,6030,feasible,True,138.01392,138.01392,136.71983,136.54656,136.22699,136.87796
PSOBV,25,6030,feasible,True,137.68166,137.68166,136.47811,136.3379,136.23355,136.70648
SSABV,6,120030,random,True,139.4314,139.4314,138.25992,138.14957,137.759,138.38417
RSVNS,10,120030,random,True,139.64124,139.64123,138.0048,137.89485,137.13035,138.16217
LXSSA,4,120030,random,True,136.84499,136.80762,135.62109,135.62464,134.96392,135.93497
DE,8,120030,random,True,140.02189,140.0219,138.99392,138.88119,138.74405,139.0549
SSABV,2,30030,random,True,137.43949,137.43947,136.14671,135.90673,135.40081,136.34553
SSABV,26,30030,random,True,139.22575,139.22575,137.82104,137.71754,137.15147,137.95888
LXBV,20,30030,random,True,138.82748,138.82749,137.3275,137.20031,136.80504,137.40959
RSVNS,14,30030,random,True,138.49568,138.49567,137.01742,136.81949,135.95267,137.27269
BVNS,8,30030,random,True,137.6833,137.68331,136.46543,136.31056,135.94083,136.77054
SSA,2,30030,random,True,136.87478,136.8748,135.81173,135.65479,135.00743,136.1448
SSA,26,30030,random,True,134.31591,134.3159,133.0042,132.93512,132.39293,133.55881
LXSSA,20,30030,random,True,135.64775,135.59305,134.77519,134.84003,134.94218,135.10429
PSOC,14,30030,random,True,139.60702,139.60702,138.45626,138.31776,137.97939,138.50421
DE,8,30030,random,True,138.68958,138.68959,138.40727,138.28705,138.06888,138.55242
SLSQP,2,30030,random,True,136.93066,136.93066,136.33826,136.28416,136.09797,136.66627
SLSQP,26,30030,random,True,137.66437,137.66437,136.90024,136.85115,136.40573,137.16619
PSOBV,20,30030,random,True,139.5114,139.5114,138.01925,137.77326,137.18169,138.09037
SSABV,14,6030,random,True,137.86853,137.86854,136.32384,136.2173,135.78384,136.58786
LXBV,8,6030,random,True,136.54783,136.54784,135.74623,135.46408,134.81211,136.03981
RSVNS,2,6030,random,True,137.97186,137.97186,136.61314,136.44501,135.87561,136.78607
RSVNS,26,6030,random,True,137.7799,137.77991,136.28476,136.27759,135.64647,136.59606
BVNS,20,6030,random,True,137.5202,137.5202,135.81841,135.69163,134.99149,136.06756
SSA,14,6030,random,True,135.64288,135.64287,134.63631,134.43547,134.05002,134.92527
LXSSA,8,6030,random,True,136.59496,136.57913,135.91959,135.67769,135.9828,136.21513
PSOC,2,6030,random,True,136.10372,136.10372,136.0152,135.98147,135.48536,136.30115
PSOC,26,6030,random,True,138.85578,138.85578,137.69046,137.65384,137.32298,137.83501
DE,20,6030,random,False,133.60553,133.60554,133.66706,133.5674,134.07268,134.17066
SLSQP,14,6030,random,True,136.49161,136.49162,136.27482,136.14109,136.14172,136.56339
PSOBV,8,6030,random,True,138.19644,138.19644,136.81853,136.7332,135.93773,137.13232
SSABV,2,6030,feasible,True,137.82388,137.82387,136.31028,136.11256,135.50073,136.62749
SSABV,26,6030,feasible,True,138.11599,138.11599,136.78594,136.71039,136.3914,137.06885
LXBV,20,6030,feasible,True,139.56226,139.56227,137.9356,137.85602,137.16453,138.07231
BVNS,14,6030,feasible,True,137.82314,137.82314,136.55713,136.34823,135.75211,136.75554
SSA,8,6030,feasible,True,136.51111,136.51112,135.96638,135.90699,135.75921,136.31303
LXSSA,2,6030,feasible,True,136.28155,136.28156,135.43941,135.33944,135.09362,135.81892
LXSSA,26,6030,feasible,True,136.38186,136.34939,135.63587,135.52595,135.24829,136.09862
PSOC,20,6030,feasible,True,136.75596,136.75596,136.87537,136.73777,136.70634,137.22625
DE,14,6030,feasible,True,135.80665,135.80665,135.68641,135.70701,135.51996,136.10976
SLSQP,8,6030,feasible,True,136.43276,136.43275,136.14815,136.02696,135.55387,136.37695
PSOBV,2,6030,feasible,True,138.34162,138.34161,136.75702,136.5817,135.74365,136.93526
PSOBV,26,6030,feasible,True,138.25536,138.25536,136.98313,136.81258,136.52968,137.25629
SSABV,7,120030,random,True,138.85268,138.85267,137.63762,137.57125,137.20577,137.74521
BVNS,1,120030,random,True,139.5922,139.5922,138.21145,138.07245,137.38318,138.41143
LXSSA,5,120030,random,True,135.99476,135.87656,134.83674,134.77981,134.40411,135.15813
DE,9,120030,random,True,139.33772,138.99421,137.84575,137.83853,137.43873,138.05376
SSABV,3,30030,random,True,138.35294,138.35295,137.02569,136.94052,136.54887,137.21766
SSABV,27,30030,random,True,138.2395,138.2395,136.77422,136.61718,135.71051,136.94585
LXBV,21,30030,random,True,138.32364,138.32363,137.06907,136.82359,136.5042,137.20125
RSVNS,15,30030,random,True,138.5291,138.52911,136.77885,136.63227,136.30462,136.92904
BVNS,9,30030,random,True,138.91463,138.91463,137.59518,137.30195,136.91919,137.72726
SSA,3,30030,random,True,137.08367,137.08367,135.98838,135.80744,135.35193,136.30117
SSA,27,30030,random,True,135.47636,135.47635,134.2012,134.11349,133.62743,134.51349
LXSSA,21,30030,random,True,136.93341,136.93341,135.88858,135.79653,135.63672,136.11028
PSOC,15,30030,random,True,138.42777,138.42777,137.0219,136.83074,136.31625,137.16111
DE,9,30030,random,False,135.56075,135.56077,135.7551,135.66834,135.90046,136.19568
SLSQP,3,30030,random,True,136.49015,136.49014,136.28119,136.20351,136.44156,136.59572
SLSQP,27,30030,random,True,137.12142,137.12142,136.49786,136.47146,136.37673,136.86583
PSOBV,21,30030,random,True,139.98952,139.98951,138.57099,138.40717,138.13919,138.64236
SSABV,15,6030,random,True,137.29861,137.29861,135.79173,135.64863,134.96375,136.04761
LXBV,9,6030,random,True,139.04309,138.95328,137.44378,137.37432,136.71038,137.67012
RSVNS,3,6030,random,False,137.05964,137.05965,136.31193,136.31491,136.22143,136.74656
RSVNS,27,6030,random,False,135.40502,135.40501,135.16229,135.05782,134.78908,135.63909
BVNS,21,6030,random,True,138.71689,138.71689,137.32786,137.10924,136.46649,137.38571
SSA,15,6030,random,True,136.76532,136.76532,135.68823,135.75568,135.43655,136.12274
LXSSA,9,6030,random,False,136.53838,136.53838,136.07869,136.10096,135.57906,136.51782
PSOC,3,6030,random,False,136.95995,136.95994,136.92099,136.98161,137.03341,137.33325
PSOC,27,6030,random,True,137.87603,137.87603,136.98862,137.01013,136.90312,137.31541
DE,21,6030,random,False,134.31746,134.31747,134.24419,134.19763,133.96268,134.68236
SLSQP,15,6030,random,True,134.52359,134.52361,133.69002,133.7234,133.58913,134.20147
PSOBV,9,6030,random,True,137.55755,137.55756,136.25621,136.15545,135.78227,136.49821
SSABV,3,6030,feasible,True,138.76183,138.76183,137.59949,137.48813,137.02768,137.78886
SSABV,27,6030,feasible,True,138.29178,138.29177,137.05112,136.84072,136.38449,137.31956
LXBV,21,6030,feasible,True,138.29808,138.29807,136.77255,136.60215,136.14413,136.97731
BVNS,15,6030,feasible,True,138.47431,138.47432,137.42438,137.25755,136.67136,137.60196
SSA,9,6030,feasible,True,137.23619,137.2362,136.0529,135.90817,135.17132,136.30644
LXSSA,3,6030,feasible,True,137.00406,137.00406,136.71708,136.58173,136.38661,136.98489
LXSSA,27,6030,feasible,True,137.34035,137.28675,136.57798,136.35861,135.63064,136.92646
PSOC,21,6030,feasible,True,136.18103,136.18102,136.03785,136.15235,136.18098,136.44577
DE,15,6030,feasible,True,136.57784,136.57784,136.56199,136.5406,136.53373,137.00233
SLSQP,9,6030,feasible,True,136.2337,136.23369,136.13783,136.06663,135.79788,136.40372
PSOBV,3,6030,feasible,True,138.97338,138.97338,137.38905,137.36357,136.63054,137.64934
PSOBV,27,6030,feasible,True,138.1103,138.1103,136.92366,136.72297,136.21743,137.1538
SSABV,8,120030,random,True,139.17457,139.17456,137.74478,137.62262,137.06613,137.94027
BVNS,2,120030,random,True,139.64859,139.64859,138.02106,137.80598,137.13076,138.12848
LXSSA,6,120030,random,True,134.74189,134.62184,133.66043,133.67906,132.97534,134.17031
DE,10,120030,random,True,139.75425,139.75424,138.40649,138.29812,137.53177,138.57498
SSABV,4,30030,random,True,139.07928,139.07929,137.48564,137.44692,136.82102,137.72683
SSABV,28,30030,random,True,138.15812,138.15812,136.90669,136.72174,136.35395,137.12649
LXBV,22,30030,random,True,138.74748,138.74749,137.20354,137.04729,136.31841,137.34208
RSVNS,16,30030,random,True,137.68549,137.68549,136.43527,136.29918,135.89536,136.63075
BVNS,10,30030,random,True,138.89418,138.89416,137.40718,137.18474,136.8189,137.48246
SSA,4,30030,random,True,136.37783,136.37782,135.00475,134.9753,134.63054,135.4192
SSA,28,30030,random,True,137.40474,137.40473,136.48021,136.30637,135.98451,136.72629
LXSSA,22,30030,random,True,134.8032,134.80318,133.81023,133.72275,133.21831,134.37244
PSOC,16,30030,random,True,138.72288,138.72289,137.10955,137.03695,136.43109,137.36503
DE,10,30030,random,True,137.33287,137.33288,136.98979,136.97875,136.91838,137.35375
SLSQP,4,30030,random,True,137.47545,137.47545,137.07553,137.13656,136.93858,137.41071
SLSQP,28,30030,random,True,136.74039,136.74039,136.53915,136.48849,136.59398,136.87584
PSOBV,22,30030,random,True,139.85048,139.85048,138.30502,138.27358,137.6453,138.45588
SSABV,16,6030,random,True,137.88731,137.8873,136.44746,136.25586,135.67211,136.60506
LXBV,10,6030,random,True,139.00824,139.00824,137.43165,137.38197,136.72511,137.52606
RSVNS,4,6030,random,True,136.42135,136.42136,135.16819,135.07785,134.69922,135.51852
RSVNS,28,6030,random,True,138.12774,138.12775,136.55249,136.51976,135.96588,136.85492
BVNS,22,6030,random,True,138.04183,138.04182,136.46078,136.3227,135.69495,136.66623
SSA,16,6030,random,True,135.13324,135.13322,134.19259,134.18401,133.61584,134.67059
LXSSA,10,6030,random,True,135.95046,135.95046,134.96259,134.93494,134.42987,135.40165
PSOC,4,6030,random,True,137.37036,137.37035,136.50632,136.45498,136.37996,136.78518
PSOC,28,6030,random,False,136.60074,136.60072,136.818,136.86233,136.62792,137.19492
DE,22,6030,random,False,136.81723,136.81722,137.08409,137.1184,137.45623,137.45167
SLSQP,16,6030,random,True,136.77572,136.77571,136.67354,136.59423,136.9926,136.90053
PSOBV,10,6030,random,True,139.1634,139.1634,137.80638,137.73256,137.00226,137.99311
SSABV,4,6030,feasible,True,139.23565,139.23566,137.81905,137.7173,137.35828,138.03374
SSABV,28,6030,feasible,True,138.90683,138.90684,137.53634,137.32111,137.04011,137.66963
LXBV,22,6030,feasible,True,138.37642,138.33739,136.82852,136.69877,136.03,137.03098
BVNS,16,6030,feasible,True,138.75874,138.73547,137.34401,137.27068,136.89944,137.54931
SSA,10,6030,feasible,True,137.19272,137.19272,136.2307,136.07033,135.62655,136.57521
LXSSA,4,6030,feasible,True,138.34529,138.34529,137.48611,137.35131,136.61806,137.71153
LXSSA,28,6030,feasible,True,137.31865,137.31866,136.64222,136.49784,136.31699,136.89814
PSOC,22,6030,feasible,True,136.12043,136.12043,136.05336,136.00414,136.12786,136.34545
DE,16,6030,feasible,True,136.141,136.141,136.29974,136.26206,136.5566,136.74833
SLSQP,10,6030,feasible,True,137.1932,137.1932,136.74175,136.71027,136.44769,137.06662
PSOBV,4,6030,feasible,True,139.75705,139.75704,138.32637,138.16417,137.52493,138.40164
PSOBV,28,6030,feasible,True,138.73305,138.73306,137.05343,136.88742,135.95363,137.24432
SSABV,9,120030,random,True,139.34789,139.34789,137.94889,137.75909,137.45947,138.08968
BVNS,3,120030,random,True,139.20059,139.20059,137.80433,137.61427,137.02011,137.88352
LXSSA,7,120030,random,True,137.44748,137.34882,136.05143,135.98274,135.56293,136.34725
SLSQP,1,120030,random,True,137.3914,137.39138,137.07229,137.09544,137.00313,137.43833
SSABV,5,30030,random,True,138.54048,138.54047,137.12903,136.93925,136.28677,137.17847
SSABV,29,30030,random,True,138.94568,138.94567,137.59542,137.424,136.83064,137.72091
LXBV,23,30030,random,True,136.68855,136.68855,135.42354,135.23631,135.05008,135.56555
RSVNS,17,30030,random,True,137.24594,137.2045,135.76167,135.73571,135.18305,136.16654
BVNS,11,30030,random,True,138.62218,138.62218,137.15548,136.99506,136.55765,137.32397
SSA,5,30030,random,True,135.37381,135.3738,134.11685,134.21968,133.78865,134.62756
SSA,29,30030,random,True,136.14951,136.0905,134.72583,134.54384,133.88707,135.07984
LXSSA,23,30030,random,True,133.87232,133.81645,133.43383,133.38522,133.00906,133.96232
PSOC,17,30030,random,True,139.00254,139.00254,137.3491,137.4365,137.03998,137.58247
DE,11,30030,random,False,136.5171,136.51711,136.4419,136.31615,136.33244,136.68796
SLSQP,5,30030,random,True,137.02942,137.02942,136.63889,136.7009,136.5097,137.09766
SLSQP,29,30030,random,True,136.24807,136.24806,135.88502,135.80789,135.98705,136.23418
PSOBV,23,30030,random,True,138.34962,138.34963,136.79978,136.59594,136.23877,137.04024
SSABV,17,6030,random,True,136.25789,136.2579,135.01504,134.78517,134.32364,135.14806
LXBV,11,6030,random,True,137.12708,137.12709,135.72718,135.55024,135.26536,135.95113
RSVNS,5,6030,random,True,137.82893,137.82892,136.3184,136.15935,135.57251,136.56275
RSVNS,29,6030,random,True,137.71732,137.71732,136.48863,136.28735,135.49646,136.69794
BVNS,23,6030,random,True,136.42248,136.42248,134.68066,134.54727,133.85076,134.95555
SSA,17,6030,random,True,135.29229,135.29229,134.2432,134.16993,133.65213,134.73134
LXSSA,11,6030,random,True,135.18222,135.18223,134.5017,134.44093,133.93331,134.85057
PSOC,5,6030,random,True,137.60462,137.60463,136.3946,136.29959,135.81835,136.56531
PSOC,29,6030,random,True,137.65164,137.65164,136.38841,136.48953,135.77548,136.79539
DE,23,6030,random,False,134.79914,134.79914,134.6131,134.52242,134.31261,135.04981
SLSQP,17,6030,random,True,135.95225,135.95224,135.73863,135.68728,135.81578,136.18893
PSOBV,11,6030,random,True,138.96884,138.96886,137.77805,137.59937,137.15762,137.822
SSABV,5,6030,feasible,True,138.51052,138.51052,137.11493,136.91295,136.22725,137.28388
SSABV,29,6030,feasible,True,137.80285,137.80284,136.53111,136.35167,136.08657,136.72419
LXBV,23,6030,feasible,True,137.79594,137.79595,136.37841,136.22239,135.78237,136.58016
BVNS,17,6030,feasible,True,138.30061,138.30062,136.84308,136.72983,136.2492,137.14046
SSA,11,6030,feasible,True,137.17623,137.12175,136.62129,136.5029,136.52909,136.95314
LXSSA,5,6030,feasible,True,136.7927,136.7927,136.52411,136.4591,136.65141,136.81628
LXSSA,29,6030,feasible,True,137.24821,137.24821,136.28959,136.20681,135.80764,136.5619
PSOC,23,6030,feasible,True,136.24818,136.24817,135.82863,135.68581,135.31119,136.2085
DE,17,6030,feasible,True,136.54884,136.54883,136.144,136.13033,136.07071,136.57868
SLSQP,11,6030,feasible,True,137.18707,137.18706,136.67372,136.53869,136.37344,136.95761
PSOBV,5,6030,feasible,True,138.63142,138.63142,137.25207,137.11891,136.59798,137.48678
PSOBV,29,6030,feasible,True,138.30807,138.30807,136.88757,136.73925,136.24309,137.12621
SSABV,10,120030,random,True,138.97605,138.97605,137.32921,137.26967,136.66058,137.40623
BVNS,4,120030,random,True,139.65898,139.65896,138.02326,137.81325,137.09137,138.03736
LXSSA,8,120030,random,True,136.17581,136.07924,134.86432,134.69178,134.32523,135.2117
SLSQP,2,120030,random,True,137.49805,137.49803,137.12199,136.94938,136.45684,137.37699
SSABV,6,30030,random,True,137.28814,137.28814,135.99212,135.62728,135.26492,136.02447
SSABV,30,30030,random,True,138.3693,138.3693,136.99839,136.91583,136.2925,137.19937
LXBV,24,30030,random,True,138.29336,138.29335,136.82507,136.63483,136.25186,136.88487
RSVNS,18,30030,random,True,138.90369,138.90369,137.39863,137.14383,136.61225,137.48202
BVNS,12,30030,random,True,138.72085,138.72084,137.30544,137.20018,136.55754,137.40761
SSA,6,30030,random,True,136.61613,136.61613,135.56727,135.47838,135.28844,135.94118
SSA,30,30030,random,True,137.15257,137.15258,136.07743,136.04032,135.61813,136.35857
LXSSA,24,30030,random,True,137.13003,137.00509,136.12597,136.0667,135.79374,136.50689
PSOC,18,30030,random,True,139.39891,139.39891,138.16123,138.08159,137.84254,138.38965
DE,12,30030,random,True,137.59565,137.59566,137.00468,136.88103,136.68499,137.21153
SLSQP,6,30030,random,True,137.70398,137.70398,136.99098,136.78572,136.42146,137.25181
SLSQP,30,30030,random,True,137.6775,137.6775,136.94648,136.89454,137.00559,137.30611
PSOBV,24,30030,random,True,139.44069,139.4407,138.12796,137.916,137.55203,138.23334
SSABV,18,6030,random,True,138.17569,138.17569,136.56862,136.40243,135.59385,136.78822
LXBV,12,6030,random,True,134.9393,134.93929,133.36526,133.25585,132.56073,133.76293
RSVNS,6,6030,random,True,138.02671,138.02671,136.55973,136.42935,135.66024,136.78699
RSVNS,30,6030,random,True,136.70983,136.70983,135.56612,135.53549,134.77648,135.83736
BVNS,24,6030,random,True,137.45208,137.45208,136.07414,135.94231,135.47499,136.2948
SSA,18,6030,random,True,138.00764,138.00764,136.99394,136.86418,136.47736,137.26812
LXSSA,12,6030,random,True,136.45874,136.45874,135.49593,135.42651,135.19098,135.83873
PSOC,6,6030,random,False,136.83318,136.83319,136.99535,137.01701,137.37931,137.34416
PSOC,30,6030,random,False,136.45854,136.45854,136.38796,136.28881,136.34727,136.75419
DE,24,6030,random,False,135.79935,135.79936,135.79697,135.71931,136.01306,136.1012
SLSQP,18,6030,random,True,136.14096,136.14094,135.40273,135.3666,135.19113,135.79225
PSOBV,12,6030,random,True,138.56637,138.56638,137.1458,137.09655,136.32724,137.42912
SSABV,6,6030,feasible,True,139.09228,139.09227,137.69219,137.46968,137.05644,137.8282
SSABV,30,6030,feasible,True,139.03261,139.0326,137.43439,137.29541,136.62057,137.65363
LXBV,24,6030,feasible,True,138.50914,138.50914,137.4002,137.29147,136.86662,137.61782
BVNS,18,6030,feasible,True,138.97116,138.97115,137.61128,137.5401,136.81955,137.80729
SSA,12,6030,feasible,True,137.04756,137.04757,135.88743,135.75341,135.21602,136.16544
LXSSA,6,6030,feasible,True,137.45715,137.4215,136.67901,136.7426,136.59494,137.11037
LXSSA,30,6030,feasible,True,137.724,137.72398,137.21641,137.18745,137.12782,137.5482
PSOC,24,6030,feasible,True,136.23784,136.23784,136.30675,136.24386,136.13427,136.6554
DE,18,6030,feasible,True,136.23264,136.23262,136.22722,136.22492,136.03804,136.6583
SLSQP,12,6030,feasible,True,136.32575,136.32575,136.06749,136.08211,135.70802,136.44847
PSOBV,6,6030,feasible,True,138.66427,138.66428,137.33737,137.19142,136.69068,137.55213
PSOBV,30,6030,feasible,True,139.12061,139.12061,137.5718,137.44923,136.79022,137.80965
