Dataset,Radius,Turbines,Algorithm,Seed,Objective,WakeLoss,LossPct,Coordinates
1,500,10,SLSQP,4,138171.16097149582,2286.2127258524706,1.627691495057217,-315.241 388.099;277.950 -409.233;-187.184 43.614;-27.616 -450.465;-17.684 306.630;460.744 -160.380;-365.669 -337.806;-485.533 -33.045;273.514 408.751;140.280 40.721
1,500,10,SSABV,29,136205.1653539642,4252.208343384089,3.0274012901213507,484.501 120.639;-8.722 499.802;-317.407 -248.573;378.664 -196.471;-109.641 -486.214;-445.140 112.250;203.062 -456.668;183.480 227.037;40.213 -85.482;-305.775 395.554
1,750,12,PSOC,5,167001.39049413678,1547.4579426811542,0.9181065056408456,67.144 -418.389;-727.659 131.218;-584.177 -310.964;438.784 -399.824;429.364 494.955;-141.332 41.741;592.666 142.786;-139.698 -723.021;-409.000 287.056;264.794 104.156;56.154 636.701;733.830 -149.853
1,750,12,SSABV,1,166020.79621447044,2528.052222347498,1.499892906889341,275.256 696.326;-349.830 -57.877;253.852 -371.936;-119.244 569.305;-508.601 420.134;-741.533 95.095;-128.251 -572.458;40.564 232.812;387.811 -90.214;589.315 -394.348;-504.086 -373.173;647.281 133.838
1,1000,15,PSOC,12,208908.78051214415,1777.2800338782545,0.843567927214636,-466.764 -48.389;923.499 23.156;684.552 693.439;-230.552 302.974;524.323 -694.454;137.722 67.890;517.159 118.960;137.681 964.000;153.514 -960.726;-232.470 -607.258;675.390 -366.461;-684.552 -361.805;-980.647 75.413;-48.539 -210.135;-687.012 528.739
1,1000,15,SSABV,19,208599.6460085837,2086.4145374387736,0.9902954813581583,-520.712 -547.761;-526.965 514.329;-38.990 -21.474;629.312 -62.340;216.057 -239.523;812.949 -528.025;387.065 324.770;-343.050 934.411;991.822 -122.391;-748.259 166.058;822.113 481.423;-640.458 -162.496;-168.213 388.827;373.356 -749.253;204.399 945.362
2,500,10,PSOC,26,68460.40143460773,4693.38251223891,6.415775451409472,495.873 -43.098;-339.338 285.996;302.395 -323.905;-361.393 -287.335;344.379 362.282;35.563 154.055;-47.632 -143.385;-33.047 486.829;-496.448 -1.158;-101.936 -467.639
2,500,10,SSABV,29,68292.2107744365,4861.573172410135,6.645689272809924,479.814 108.139;11.591 499.802;-351.782 -229.042;378.664 -186.315;-124.485 -483.870;-434.984 75.532;206.968 -455.105;178.793 216.881;18.338 -66.732;-324.525 379.929
2,750,12,PSOC,16,83978.96299692248,3805.577739293498,4.335134304260803,-56.859 -175.544;429.506 611.700;-351.575 660.812;148.104 -641.944;-15.314 634.609;-621.233 23.714;-650.188 -303.649;-479.906 310.021;-383.199 -617.795;653.297 -323.692;115.383 218.910;713.578 25.504
2,750,12,SSABV,18,83703.67203883652,4080.868697379454,4.648732753118876,-221.976 52.877;-26.996 -748.191;-440.940 -210.421;522.923 407.995;717.578 -31.090;-500.434 -558.620;187.620 35.394;-72.237 745.525;240.259 602.163;-700.078 80.702;-392.026 407.699;485.292 -310.632
2,1000,15,SLSQP,10,105183.68193564596,4546.993984624001,4.143776520549126,480.112 134.742;887.911 -308.765;-932.203 -356.937;-954.080 299.380;-999.931 -11.187;469.785 644.080;-777.128 625.285;-106.494 301.614;-155.318 748.412;-430.932 -587.581;-311.436 -949.692;506.196 -845.798;61.247 997.214;990.658 -16.010;563.246 -540.451
2,1000,15,SSABV,13,104866.260002224,4864.415918045983,4.433050172387943,-139.912 855.737;355.178 -921.152;504.471 334.081;-641.328 -662.847;-295.276 -286.813;-289.462 -956.347;-661.427 -308.651;-784.023 201.597;-766.802 641.053;950.277 164.393;965.644 -258.596;-447.213 751.953;47.490 -261.825;718.936 637.045;657.570 22.267
