Dataset,Radius,Turbines,Algorithm,N,NFeas,Mean,SD,Best,Loss,LossSD,Qualified,Rank,Budget
1,500,10,BVNS,30,30,133567.54459615593,1820.9384741892652,135432.11219040965,4.905281168106046,1.2964349441083411,True,7.0,6030
1,500,10,DE,30,1,130994.7618609689,,130994.7618609689,6.736998982174504,,False,10.0,6030
1,500,10,LXBV,30,29,133591.88839255483,1334.4687721570813,135697.88820750898,4.887949364329514,0.950088085110109,True,6.0,6030
1,500,10,LXSSA,30,13,130967.43802758258,3190.9857322805933,135431.4403074812,6.756452452410388,2.27185348001479,False,8.0,6030
1,500,10,PSOBV,30,30,135160.4758948336,1708.3780617303607,137994.76920573864,3.7711781610898103,1.2162964583201596,True,3.0,6030
1,500,10,PSOC,30,30,135395.96870690578,1790.361157547825,137865.44156967697,3.603516751885592,1.2746651246702227,True,2.0,6030
1,500,10,RSVNS,30,24,133605.11873962812,1744.434255425466,137405.9663308725,4.878529889420488,1.2419670178258493,True,5.0,6030
1,500,10,SLSQP,30,30,135460.97714643765,1291.8947263126354,138171.16097149582,3.5572333579842352,0.9197770770627939,True,1.0,6030
1,500,10,SSA,30,12,132616.3481979037,2328.0168085200175,136314.081683315,5.582494740603746,1.657454320295297,False,9.0,6030
1,500,10,SSABV,30,26,134321.27097174866,1482.4339594586913,136205.1653539642,4.368658308264718,1.0554333463852013,True,4.0,6030
1,750,12,BVNS,30,30,163712.37782598948,1575.6272162387268,165838.87129861568,2.8694771015546054,0.934819330331623,True,7.0,6030
1,750,12,DE,30,0,,,,,,False,10.0,6030
1,750,12,LXBV,30,30,164450.66859717044,1125.9699370009457,166277.44435017626,2.431449326207498,0.6680377513365363,True,5.0,6030
1,750,12,LXSSA,30,28,161630.49066053107,1988.2271997066973,163799.02484404942,4.104660364309908,1.179614822733126,True,9.0,6030
1,750,12,PSOBV,30,30,165526.401198089,774.3799421364912,167039.95259991178,1.7932173768970776,0.45943947367091015,True,2.0,6030
1,750,12,PSOC,30,30,165826.33983773243,766.482841252363,167001.39049413678,1.6152638385459164,0.45475412520524894,True,1.0,6030
1,750,12,RSVNS,30,30,164497.58219191612,1213.020904047001,166538.0346749489,2.403615499289783,0.7196850736727001,True,4.0,6030
1,750,12,SLSQP,30,30,164663.77440506374,674.6211161457387,165964.85762434395,2.3050136905625633,0.4002525810187473,True,3.0,6030
1,750,12,SSA,30,30,162903.54305999939,1685.8253146172603,165388.2612529438,3.34935861572187,1.000199841323278,True,8.0,6030
1,750,12,SSABV,30,30,164279.22540682432,1284.0720916763332,166020.79621447044,2.5331665387165883,0.7618397298974608,True,6.0,6030
1,1000,15,BVNS,30,30,206486.72211750815,1093.5530130791115,208307.38788314577,1.9931733583280788,0.5190438371883821,True,6.0,6030
1,1000,15,DE,30,0,,,,,,False,10.0,6030
1,1000,15,LXBV,30,30,206943.07633140034,740.1807682310489,208595.08787657507,1.7765694630777342,0.3513192881924731,True,4.0,6030
1,1000,15,LXSSA,30,29,203681.78583718668,1899.5430052565728,207463.25313835905,3.324507891354194,0.9015988055088412,True,9.0,6030
1,1000,15,PSOBV,30,30,207308.1437476054,894.1122481342378,208720.0413163996,1.6032939197128977,0.4243813025963955,True,1.0,6030
1,1000,15,PSOC,30,30,207263.8892436285,719.967051535014,208908.78051214415,1.6242988708056332,0.3417250527486855,True,2.0,6030
1,1000,15,RSVNS,30,30,206586.53706840568,1335.643815183011,207984.66072735767,1.945797205089051,0.633949778984669,True,5.0,6030
1,1000,15,SLSQP,30,30,206059.64328489054,761.8383309170048,207405.9797107428,2.195881991025837,0.36159883047914915,True,7.0,6030
1,1000,15,SSA,30,30,204777.6041977798,1420.5255802624797,207167.18999567084,2.804388829963429,0.6742380471593551,True,8.0,6030
1,1000,15,SSABV,30,30,207119.29229929837,639.2850590677347,208599.6460085837,1.6929303426530997,0.3034301640131927,True,3.0,6030
2,500,10,BVNS,30,30,67055.97105764064,749.0849019613208,68269.34370619625,8.33560830378462,1.0239865411550046,True,5.0,6030
2,500,10,DE,30,1,64240.17841539971,,64240.17841539971,12.184749783994137,,False,10.0,6030
2,500,10,LXBV,30,29,66900.45055619659,785.8302203285735,68295.05841085431,8.548202229967632,1.0742167772203766,True,6.0,6030
2,500,10,LXSSA,30,13,65868.67444218065,586.0422245740422,66927.83391801588,9.95862293324339,0.8011099261794286,False,8.0,6030
2,500,10,PSOBV,30,30,67773.51829380615,477.6061582575148,68621.26639561697,7.3547332246678945,0.6528796358702952,True,1.0,6030
2,500,10,PSOC,30,30,67472.16406178269,637.2936733802993,68460.40143460773,7.766679423161758,0.8711698001067951,True,2.0,6030
2,500,10,RSVNS,30,24,66824.4254493843,856.1814829889186,67991.92815691052,8.652127280334865,1.1703857774616524,True,7.0,6030
2,500,10,SLSQP,30,29,67288.27817397201,300.0958095817911,67814.89679038596,8.01804835842327,0.4102259560487497,True,3.0,6030
2,500,10,SSA,30,12,65880.68512923719,761.5883850588225,67094.771256988,9.942204524777658,1.0410785935724036,False,9.0,6030
2,500,10,SSABV,30,25,67106.62185974148,779.4710240754406,68292.2107744365,8.266369503864643,1.065523862226731,True,4.0,6030
2,750,12,BVNS,30,30,82368.59190133522,603.0813806533473,83609.6460380137,6.169592948210721,0.6870018064633373,True,7.0,6030
2,750,12,DE,30,0,,,,,,False,10.0,6030
2,750,12,LXBV,30,30,82564.45107865837,503.52189256116316,83406.13966289135,5.946479429952792,0.5735883429340921,True,5.0,6030
2,750,12,LXSSA,30,28,81341.79003606385,792.1156484846226,82342.90262584233,7.339277105193248,0.902340710381857,True,9.0,6030
2,750,12,PSOBV,30,30,82968.929704558,469.87922003182797,83996.78425441435,5.485716495491405,0.5352642003832664,True,1.0,6030
2,750,12,PSOC,30,30,82874.24447942102,531.035779932988,83978.96299692248,5.593577429025832,0.6049308630874995,True,2.0,6030
2,750,12,RSVNS,30,30,82615.69012516637,465.07052646943123,83384.41098168315,5.888110329792019,0.5297863639418287,True,4.0,6030
2,750,12,SLSQP,30,30,82867.21290429744,399.22681236974756,83465.55473831561,5.601587467085618,0.4547803166953797,True,3.0,6030
2,750,12,SSA,30,30,81822.1365834696,625.6691354674837,82830.84367019367,6.792089020164516,0.7127327092221842,True,8.0,6030
2,750,12,SSABV,30,30,82500.77368438263,492.02217727281624,83703.67203883652,6.019017708038775,0.5604884107684678,True,6.0,6030
2,1000,15,BVNS,30,30,103777.57269624862,794.3535866123652,104840.0376348391,5.4251950733875445,0.7239120509833962,True,7.0,6030
2,1000,15,DE,30,0,,,,,,False,10.0,6030
2,1000,15,LXBV,30,30,104002.3881276275,617.0064953479365,105261.6060363843,5.22031578189187,0.5622917112041219,True,5.0,6030
2,1000,15,LXSSA,30,29,102327.35926600828,838.6529228010293,104166.05071083928,6.7468067540574665,0.7642830190988675,True,9.0,6030
2,1000,15,PSOBV,30,30,104794.76542543314,531.8715057021919,105675.24408506857,4.498204766753881,0.4847063059090701,True,1.0,6030
2,1000,15,PSOC,30,30,104375.56205325596,501.63872843635176,105039.8143902279,4.880234102362611,0.45715450509102745,True,2.0,6030
2,1000,15,RSVNS,30,30,104013.6265531667,878.9387889956495,105126.67039295264,5.210073955306042,0.800996422945837,True,4.0,6030
2,1000,15,SLSQP,30,30,103853.30804702309,475.20454123830933,105183.68193564596,5.356175767583313,0.4330644436963018,True,6.0,6030
2,1000,15,SSA,30,30,102746.32419932178,827.7693033675434,104078.34766750914,6.364994713076403,0.7543645351906895,True,8.0,6030
2,1000,15,SSABV,30,30,104035.26335228611,475.3821672262249,104866.260002224,5.190355860126227,0.43322631820079005,True,3.0,6030
HR,0,16,BVNS,30,30,137.67077703490713,1.01595691860848,139.21080480132224,7.766475233797744,0.6806476264030275,True,6.0,6030
HR,0,16,DE,30,0,,,,,,False,10.0,6030
HR,0,16,LXBV,30,30,137.77094248593406,0.905989240759499,139.0859198632565,7.699368671265095,0.6069739916868218,True,5.0,6030
HR,0,16,LXSSA,30,28,136.46104304597682,0.9025495168698614,138.16411945682987,8.576945198678004,0.6046695239893434,True,9.0,6030
HR,0,16,PSOBV,30,30,138.73398704990842,0.8266175310931414,140.38611432456457,7.0541700564583945,0.5537983453592678,True,1.0,6030
HR,0,16,PSOC,30,19,138.0571624487686,1.154059762723894,140.24126725253757,7.50761355373578,0.7731706176095923,True,2.0,6030
HR,0,16,RSVNS,30,28,137.961359163723,0.7049619288415052,139.36503775171576,7.571797651873751,0.47229430183681037,True,4.0,6030
HR,0,16,SLSQP,30,30,136.80013558013675,0.774073748602078,138.33100916890444,8.349767722665463,0.5185962613144438,True,7.0,6030
HR,0,16,SSA,30,30,136.66046554825363,0.9952547896923442,138.69644654656196,8.443340662560498,0.6667780866123428,True,8.0,6030
HR,0,16,SSABV,30,30,137.9842323651079,0.7123546920945473,139.48458827621874,7.556473586506667,0.4772471366161047,True,3.0,6030
1,500,10,BVNS,10,10,136189.37180408556,1061.3179098822616,138351.2700311774,3.0386456623197526,0.7556156590035248,True,4.0,30030
1,500,10,DE,10,10,136071.24983343435,1579.0220164967973,137926.9272253976,3.122743753820271,1.1242001576216358,True,5.0,30030
1,500,10,LXBV,10,10,135697.45430487295,710.4446259478848,137345.25771662415,3.388871133766043,0.505807995156398,True,7.0,30030
1,500,10,LXSSA,10,9,134040.2945381902,1615.7774606754801,136858.83052349935,4.568702226331919,1.1503685553434082,True,8.0,30030
1,500,10,PSOC,10,10,136773.9187454884,1063.4589955693586,138793.08522682506,2.6224717541685383,0.757140025884907,True,1.0,30030
1,500,10,RSVNS,10,10,136008.72251568068,1119.7422840402558,137724.96158338236,3.1672606888217616,0.7972114632109167,True,6.0,30030
1,500,10,SLSQP,10,10,136622.97615758007,1029.1438518330701,138291.24766904785,2.7299368049059725,0.7327090239139926,True,2.0,30030
1,500,10,SSA,10,8,132691.53859571242,2285.1114530312475,136323.58957700984,5.528962201991163,1.6269074331085747,True,9.0,30030
1,500,10,SSABV,10,10,136599.2217831208,959.6747130581637,137706.1674971167,2.7468489639717255,0.6832497915887477,True,3.0,30030
1,750,12,BVNS,10,10,165714.95376219327,658.1156972461446,167071.4739104115,1.681349176162992,0.3904599190974888,True,5.0,30030
1,750,12,DE,10,10,166485.32084827332,635.2775248828839,167434.62178619383,1.224290529233814,0.3769100357401902,True,1.0,30030
1,750,12,LXBV,10,10,166009.16619094362,401.05690917931366,166601.25771520787,1.5067929976551258,0.237946988602332,True,3.0,30030
1,750,12,LXSSA,10,10,164497.29592574644,1700.5826184721402,166364.56354855254,2.4037853409542977,1.00895534691809,True,9.0,30030
1,750,12,PSOC,10,10,166392.18052210816,576.8921645411907,166919.97725295322,1.2795506671872743,0.34227001245721655,True,2.0,30030
1,750,12,RSVNS,10,10,165610.29097317386,468.7894040564837,166214.15636300453,1.743445589155477,0.2781326650429245,True,6.0,30030
1,750,12,SLSQP,10,10,165319.21080185517,382.25448788703414,165960.63922936496,1.916143399919715,0.2267915155945577,True,7.0,30030
1,750,12,SSA,10,10,164781.46905931324,1162.439108555561,166046.5918264641,2.235185474386049,0.6896749039441313,True,8.0,30030
1,750,12,SSABV,10,10,165800.82796749534,641.0493690070631,167050.22309845855,1.6304000263476905,0.3803344697708623,True,4.0,30030
1,1000,15,BVNS,10,10,207789.21257488878,392.3196682631395,208367.7154818414,1.3749594840902497,0.1862105481712398,True,3.0,30030
1,1000,15,DE,10,7,206814.06938411196,2969.724277442846,208685.17633698712,1.837801301080712,1.4095494831249824,True,6.0,30030
1,1000,15,LXBV,10,10,207610.64637943386,584.1399190750266,208576.8688189253,1.4597141161680178,0.2772560830845368,True,4.0,30030
1,1000,15,LXSSA,10,10,205830.02468129797,1277.8812909670783,207946.2302995722,2.304868130401869,0.6065333832030774,True,9.0,30030
1,1000,15,PSOC,10,10,208293.14427020797,363.85872609528064,209143.5405793632,1.1357734202314493,0.17270185087341952,True,1.0,30030
1,1000,15,RSVNS,10,10,207173.32448744826,614.9217697095895,208085.4580528208,1.667284513019253,0.2918663760269321,True,5.0,30030
1,1000,15,SLSQP,10,10,206757.04244782167,251.5564028649407,207044.7114947157,1.8648685575202002,0.11939869311381679,True,7.0,30030
1,1000,15,SSA,10,10,206534.16465866176,1202.6824526246055,207981.05778682316,1.970655237750633,0.5708410179143713,True,8.0,30030
1,1000,15,SSABV,10,10,207840.66916507765,579.4987363119988,208654.49776239687,1.350536135884149,0.27505319279792334,True,2.0,30030
2,500,10,BVNS,10,10,67989.24025253579,245.02411231450736,68328.75171120532,7.0598449125521565,0.3349438663248667,True,3.0,30030
2,500,10,DE,10,10,67984.15719364266,617.8995725653397,68927.80111500817,7.066793369103381,0.8446583884359357,True,4.0,30030
2,500,10,LXBV,10,10,68004.18217598398,410.2294557478947,68692.58956611255,7.039419552930236,0.5607768096397668,True,2.0,30030
2,500,10,LXSSA,10,9,66707.95637551583,621.0575519361574,67503.22334157117,8.811338557707877,0.8489752934549711,True,8.0,30030
2,500,10,PSOC,10,10,68103.21945441335,435.7596155003576,68736.32746134198,6.904037248576266,0.5956761113232099,True,1.0,30030
2,500,10,RSVNS,10,10,67941.93056480442,442.002251382978,68319.14158079862,7.1245164649707515,0.6042096902384927,True,6.0,30030
2,500,10,SLSQP,10,10,67904.59224581832,188.60642761844994,68179.89217975883,7.175557322970976,0.25782183428199745,True,7.0,30030
2,500,10,SSA,10,8,66492.38625486018,1004.7614625921781,67377.78036023954,9.1060193097142,1.373492126288689,True,9.0,30030
2,500,10,SSABV,10,10,67945.48487411879,166.15595952933705,68164.25192744136,7.1196577835429435,0.22713241962994773,True,5.0,30030
2,750,12,BVNS,10,10,83452.12395905906,283.72718759166355,83921.07055671624,4.935284437125904,0.3232086028042637,True,4.0,30030
2,750,12,DE,10,10,83427.53052838703,798.3569675439752,84175.75253528128,4.96330011103133,0.9094505260817609,True,6.0,30030
2,750,12,LXBV,10,10,83657.26377218527,370.0453261656298,84162.45583245136,4.70159885717552,0.42153814676502205,True,1.0,30030
2,750,12,LXSSA,10,10,82241.13266658361,462.90662028933707,82926.26376643465,6.314788484557637,0.5273213442903637,True,9.0,30030
2,750,12,PSOC,10,10,83644.51896800204,355.5392276626711,84294.37733697829,4.716117135765737,0.4050134849267289,True,2.0,30030
2,750,12,RSVNS,10,10,83504.483069173,162.5548467761019,83754.96426794739,4.8756394134408385,0.18517479890287789,True,3.0,30030
2,750,12,SLSQP,10,10,83239.11334229764,242.33547615470096,83680.08659761693,5.177936064593547,0.27605712135909666,True,7.0,30030
2,750,12,SSA,10,10,82581.57614595722,526.0537517693947,83403.23119605002,5.92697136263793,0.5992555720603869,True,8.0,30030
2,750,12,SSABV,10,10,83434.51635494886,303.29806331909646,83868.45332123559,4.955342187570951,0.345502819489003,True,5.0,30030
2,1000,15,BVNS,10,10,105085.96717852323,298.1652799502139,105575.021951566,4.2328261471036415,0.2717246362055185,True,3.0,30030
2,1000,15,DE,10,7,104351.62008969954,1165.944629268873,105346.95761364962,4.902052945047773,1.062551214134543,True,7.0,30030
2,1000,15,LXBV,10,10,104561.06633279221,721.5610475622975,105541.00423097509,4.711179935895045,0.6575745948075417,True,5.0,30030
2,1000,15,LXSSA,10,10,102929.60537200491,863.5496368033655,104176.25303630668,6.1979665132170565,0.7869719470522731,True,9.0,30030
2,1000,15,PSOC,10,10,105391.16443021099,343.441155319425,105790.9399794646,3.954693119007172,0.31298554614661084,True,1.0,30030
2,1000,15,RSVNS,10,10,104893.58941294381,552.2104486651211,105853.6719640256,4.408144273931914,0.503241635972747,True,4.0,30030
2,1000,15,SLSQP,10,10,104490.06116899212,258.59916801402665,104890.91492630758,4.775888517341924,0.23566716038632934,True,6.0,30030
2,1000,15,SSA,10,10,104163.61878630833,787.7149833250925,105253.79509189387,5.073382704765858,0.717862144490429,True,8.0,30030
2,1000,15,SSABV,10,10,105205.34714493321,275.8936269662589,105711.79242349904,4.124032534552937,0.25142798461090066,True,2.0,30030
HR,0,16,BVNS,10,10,139.21601757836407,0.6372705412642174,140.01241203658287,6.73123024568716,0.42694397109097865,True,2.0,30030
HR,0,16,DE,10,4,138.89710507953862,1.0267737702161412,140.3081379802117,6.944887962249713,0.6878944537409385,False,9.0,30030
HR,0,16,LXBV,10,10,138.63618135890277,0.823645142381923,139.9617160172151,7.119695680835143,0.5518069722173751,True,5.0,30030
HR,0,16,LXSSA,10,10,136.9122736962011,1.0108592987015186,138.69285915107733,8.274639987295483,0.6772324393744944,True,8.0,30030
HR,0,16,PSOC,10,9,139.41297798010237,0.3852934778794692,140.03298888237276,6.599275211489275,0.25813012971693927,True,1.0,30030
HR,0,16,RSVNS,10,10,138.70578013210115,0.5286895876639758,139.39950688699048,7.073067483408292,0.35419938223399755,True,4.0,30030
HR,0,16,SLSQP,10,10,137.76967483659115,0.5962002100596506,138.79439512043888,7.700217942036884,0.39942860804954233,True,6.0,30030
HR,0,16,SSA,10,10,137.01093625089374,0.91219814337208,138.11714097697433,8.208540300944247,0.6111336905366611,True,7.0,30030
HR,0,16,SSABV,10,10,138.72865039737275,0.7509608823716309,139.76104561735906,7.057745385111417,0.5031116307646811,True,3.0,30030
1,500,10,PSOBV,15,15,137068.30657481254,592.4149112998056,138236.73608112312,2.4128794618062277,0.42177558621900596,True,1.0,120030
1,750,12,PSOBV,15,15,166811.17817190057,406.0191488023938,167308.04063131163,1.0309594405616762,0.2408910844351445,True,1.0,120030
1,1000,15,PSOBV,15,15,208512.56358967343,376.98381140165094,209015.15851352716,1.0316282675351598,0.17893153938359532,True,1.0,120030
2,500,10,PSOBV,15,15,68385.43154778371,249.0879310396213,68738.09701699381,6.518258033689155,0.34049903860148983,True,1.0,120030
2,750,12,PSOBV,15,15,84010.51588367477,273.25643903517823,84542.2301472998,4.299190746901308,0.3112808209093294,True,1.0,120030
2,1000,15,PSOBV,15,15,105688.11028911207,351.60606497535593,106331.8441738416,3.6840797682639077,0.3204264095036069,True,1.0,120030
HR,0,16,PSOBV,5,5,139.71333631848583,0.5508471265824714,140.27436450383843,6.398047987827986,0.3690439843973009,True,1.0,120030
