Dataset,Radius,Turbines,Algorithm,N,NFeas,Mean,SD,Best,Loss,LossSD,Qualified,Rank
1,500,2,BVNS,30,30,28091.474739469657,0.0,28091.474739469657,0.0,0.0,True,3.5
1,500,2,DE,30,30,28091.474739469657,0.0,28091.474739469657,0.0,0.0,True,3.5
1,500,2,LXSSA,30,30,28091.474739469657,0.0,28091.474739469657,0.0,0.0,True,3.5
1,500,2,PSOC,30,30,28091.474739469657,0.0,28091.474739469657,0.0,0.0,True,3.5
1,500,2,SLSQP,30,30,28087.201099819642,4.576943785206016,28091.474739469657,0.01521329759171001,0.016292999309059208,True,7.0
1,500,2,SSA,30,30,28091.474739469657,0.0,28091.474739469657,0.0,0.0,True,3.5
1,500,2,SSABV,30,30,28091.474739469657,0.0,28091.474739469657,0.0,0.0,True,3.5
1,500,3,BVNS,30,30,42131.581302944025,9.728907297687774,42137.21210920449,0.01336302517087734,0.023088635461867783,True,1.0
1,500,3,DE,30,30,42130.73215924195,8.839046754251438,42137.21210920449,0.015378212364261547,0.020976819091269017,True,2.0
1,500,3,LXSSA,30,30,42114.820673167924,14.244339846855027,42137.21210920449,0.05313933911557319,0.03380465658226044,True,7.0
1,500,3,PSOC,30,30,42124.67708371249,8.542313579678115,42137.21210920449,0.029748113044364737,0.020272612145145846,True,4.0
1,500,3,SLSQP,30,30,42115.97768152538,10.089271889577871,42137.21210920449,0.05039352775421479,0.023943852439574923,True,5.0
1,500,3,SSA,30,30,42114.854926044914,10.287164126960958,42137.21210920449,0.053058050213733485,0.0244134901480933,True,6.0
1,500,3,SSABV,30,30,42128.47893574606,10.664623919150463,42137.21210920449,0.020725560665437258,0.025309277442255244,True,3.0
1,500,4,BVNS,30,30,56106.13280992014,21.693373299287362,56138.04894755608,0.1367259457390509,0.03861202286544142,True,1.0
1,500,4,DE,30,30,56092.827736533065,29.789491428111003,56157.31893193266,0.16040763833523572,0.05302229894370006,True,4.0
1,500,4,LXSSA,30,30,56078.80320743365,22.649412109039822,56104.63052420385,0.18536988974689367,0.040313675802175424,True,6.0
1,500,4,PSOC,30,30,56094.30290300752,13.295226449324536,56136.44061298112,0.1577819903617229,0.023664166037258745,True,3.0
1,500,4,SLSQP,30,30,56063.17125296471,30.851268874875636,56104.49095146184,0.2131931966645908,0.054912156020645045,True,7.0
1,500,4,SSA,30,30,56086.79758543134,19.80509503951694,56120.39170591414,0.17114070087050604,0.03525107745890208,True,5.0
1,500,4,SSABV,30,30,56101.797169366546,25.330466862658103,56157.44130641109,0.14444294990811143,0.04508568364171418,True,2.0
1,500,5,BVNS,30,30,69876.92617691998,199.82592900191864,70123.94442048293,0.5008788965570733,0.28453604640578767,True,7.0
1,500,5,DE,30,30,69960.45736517462,78.63512666580709,70061.99839976952,0.3819372047743001,0.11197009398060707,True,5.0
1,500,5,LXSSA,30,30,69972.61331165262,72.00023434848599,70057.07134418949,0.3646281149657503,0.10252254111432892,True,3.0
1,500,5,PSOC,30,30,70010.4884612249,27.162350756597515,70048.62072544578,0.31069694912480117,0.03867700219872315,True,1.0
1,500,5,SLSQP,30,30,69930.45403216669,113.01919953465729,70051.80353345201,0.42465953713483096,0.16093024746167678,True,6.0
1,500,5,SSA,30,30,69993.97264209586,33.96929605122272,70082.62077598988,0.3342141468258137,0.0483695446625947,True,2.0
1,500,5,SSABV,30,30,69967.17748962237,159.1745347069351,70092.84295163902,0.37236828821141843,0.22665173143549533,True,4.0
1,500,6,BVNS,30,30,83299.31646148028,524.4510806429031,83964.41683293722,1.157062496685297,0.6223134545348118,True,7.0
1,500,6,DE,30,30,83326.70121382902,761.5367309062091,83965.51869531658,1.124567759874331,0.9036391977387808,True,6.0
1,500,6,LXSSA,30,30,83544.89896463453,465.3092895640018,83934.52705647725,0.8656543910448827,0.5521358275413245,True,4.0
1,500,6,PSOC,30,30,83775.82490299767,154.12524993438606,83928.06372224136,0.591637759658976,0.18288496345575764,True,2.0
1,500,6,SLSQP,30,30,83601.39076201971,213.08615969137517,83936.56189505255,0.7986212455691157,0.25284795674086724,True,3.0
1,500,6,SSA,30,30,83535.55687640961,372.479291373767,83978.21722471595,0.8767397094099024,0.4419837866924305,True,5.0
1,500,6,SSABV,30,30,83780.78913048508,213.2233327389974,83966.1084534222,0.5857472091943045,0.25301072622744986,True,1.0
1,500,7,BVNS,30,30,96967.05150770345,590.5871590458877,97827.70957400996,1.376228495339991,0.6006775716254613,True,2.0
1,500,7,DE,30,15,95903.29827751042,1316.2798870627164,97819.8897095212,2.4581563654842684,1.338769043704913,True,7.0
1,500,7,LXSSA,30,30,96380.63287249045,1013.7637069050434,97842.43950074432,1.97266632227265,1.0310842563009883,True,6.0
1,500,7,PSOC,30,30,96934.96243543967,485.2485050430813,97625.78941424812,1.4088658219528147,0.4935391655230901,True,3.0
1,500,7,SLSQP,30,30,97036.97761022518,484.3304063322679,97749.68648801836,1.3051076780099122,0.4926053807367582,True,1.0
1,500,7,SSA,30,30,96757.04509150387,692.4243845727212,97803.87646771203,1.5898229532897943,0.7042547259769965,True,4.0
1,500,7,SSABV,30,30,96529.89144677487,794.9393643463466,97559.42820006184,1.8208576068744189,0.808521214271689,True,5.0
1,500,8,BVNS,30,30,109493.47548319717,2035.1937757842804,111325.88514053356,2.556312458958946,1.811220125197582,True,2.0
1,500,8,DE,30,2,107632.65308913938,1592.8182586637936,108758.94568103828,4.212350822302026,1.4175281588419093,False,7.0
1,500,8,LXSSA,30,28,108258.2987760733,1704.3386122920313,110990.84511057955,3.655557620150482,1.5167756660149343,True,6.0
1,500,8,PSOC,30,24,108616.56711186432,1480.7586720282939,110632.9756328888,3.33671681603311,1.3178007614065983,True,5.0
1,500,8,SLSQP,30,30,110226.61501743106,585.4517449220962,111208.78894754373,1.9038551378025212,0.5210226148251257,True,1.0
1,500,8,SSA,30,30,109172.55422191987,1362.3599259322295,111643.2550936729,2.8419162446747515,1.212431830802085,True,4.0
1,500,8,SSABV,30,30,109316.36113313308,1117.3660464456989,111107.59223551664,2.7139353247097637,0.9943995970383765,True,3.0
1,500,9,BVNS,30,30,122259.17189118963,1231.955218434609,124112.09022047656,3.2848751563203606,0.9745583984387544,True,2.0
1,500,9,DE,30,0,,,,,,False,7.0
1,500,9,LXSSA,30,21,119134.20122528535,2666.4418728621577,123353.0233799343,5.756934498868138,2.109332613930967,True,5.0
1,500,9,PSOC,30,2,117175.17003620516,7148.710256247558,122230.07153513563,7.306658279045367,5.655104596321083,False,6.0
1,500,9,SLSQP,30,28,123222.79760961972,812.5508348333934,124850.40960874212,2.5225832135653996,0.6427816761485087,True,1.0
1,500,9,SSA,30,25,120043.12388578184,2755.7956929316533,123689.85900410038,5.037916308057848,2.180017420065361,True,4.0
1,500,9,SSABV,30,30,121985.30127011571,1201.8493551771287,125058.71892382302,3.5015250067851897,0.9507426611125981,True,3.0
1,500,10,BVNS,30,30,133567.54459615593,1820.9384741892652,135432.11219040965,4.905281168106046,1.2964349441083411,True,3.0
1,500,10,DE,30,1,130994.7618609689,,130994.7618609689,6.736998982174504,,False,6.0
1,500,10,LXSSA,30,13,130967.43802758258,3190.9857322805933,135431.4403074812,6.756452452410388,2.27185348001479,False,4.0
1,500,10,PSOC,30,0,,,,,,False,7.0
1,500,10,SLSQP,30,30,135460.97714643765,1291.8947263126354,138171.16097149582,3.5572333579842352,0.9197770770627939,True,1.0
1,500,10,SSA,30,12,132616.3481979037,2328.0168085200175,136314.081683315,5.582494740603746,1.657454320295297,False,5.0
1,500,10,SSABV,30,26,134321.27097174866,1482.4339594586913,136205.1653539642,4.368658308264718,1.0554333463852013,True,2.0
1,750,2,BVNS,30,30,28091.474739469657,0.0,28091.474739469657,0.0,0.0,True,3.5
1,750,2,DE,30,30,28091.474739469657,0.0,28091.474739469657,0.0,0.0,True,3.5
1,750,2,LXSSA,30,30,28091.474739469657,0.0,28091.474739469657,0.0,0.0,True,3.5
1,750,2,PSOC,30,30,28091.474739469657,0.0,28091.474739469657,0.0,0.0,True,3.5
1,750,2,SLSQP,30,30,28090.954429756817,1.627790939157169,28091.474739469657,0.0018521979271772023,0.005794608343825551,True,7.0
1,750,2,SSA,30,30,28091.474739469657,0.0,28091.474739469657,0.0,0.0,True,3.5
1,750,2,SSABV,30,30,28091.474739469657,0.0,28091.474739469657,0.0,0.0,True,3.5
1,750,3,BVNS,30,30,42137.21210920449,0.0,42137.21210920449,-1.7267297122853697e-14,0.0,True,1.0
1,750,3,DE,30,30,42136.81566331072,1.519219381777024,42137.21210920449,0.0009408450961048698,0.0036054102911224797,True,4.0
1,750,3,LXSSA,30,30,42134.173959413994,4.808161541060997,42137.21210920449,0.007210134791595651,0.0114107253431965,True,6.0
1,750,3,PSOC,30,30,42137.007164241935,1.1225297904060136,42137.21210920449,0.0004863752305689664,0.0026639868520385683,True,3.0
1,750,3,SLSQP,30,30,42132.33714918776,5.003272195739321,42137.21210920449,0.011569251435258674,0.011873761801734689,True,7.0
1,750,3,SSA,30,30,42134.36824690956,4.094002219123002,42137.21210920449,0.006749051853639695,0.009715882978949387,True,5.0
1,750,3,SSABV,30,30,42137.02324896144,1.0344301533111417,42137.21210920449,0.0004482029863467348,0.002454908859727443,True,2.0
1,750,4,BVNS,30,30,56166.95973337545,13.763566479470104,56182.94947893933,0.028460139085182305,0.0244977641920171,True,1.0
1,750,4,DE,30,30,56146.88386557699,17.538062650293817,56182.94947893933,0.06419316482457264,0.031215987791578272,True,6.0
1,750,4,LXSSA,30,30,56149.914316755334,13.979677891860419,56182.94947893933,0.058799266486292266,0.024882420772697283,True,5.0
1,750,4,PSOC,30,30,56160.00125715108,14.181429746787549,56182.94947893933,0.04084552698116078,0.02524151878516819,True,3.0
1,750,4,SLSQP,30,30,56137.07999683633,16.387137179026332,56164.35614625506,0.08164306525093566,0.02916745619624477,True,7.0
1,750,4,SSA,30,30,56153.79653152274,17.87485051289229,56182.94947893933,0.05188931461760189,0.0318154363177259,True,4.0
1,750,4,SSABV,30,30,56162.32704685048,13.61038989669435,56182.94947893933,0.03670585521069239,0.024225125278971995,True,2.0
1,750,5,BVNS,30,30,70125.8066216328,47.032786568376146,70197.3076439581,0.14649316633673753,0.06697090416871991,True,3.0
1,750,5,DE,30,30,70083.9166192553,31.694857714792654,70160.53359021427,0.20614115956744058,0.045130927455734215,True,7.0
1,750,5,LXSSA,30,30,70118.05445398513,28.592091028044972,70167.46535273654,0.15753162938586218,0.04071283731910568,True,5.0
1,750,5,PSOC,30,30,70134.97269138206,22.578187814205517,70178.76686963008,0.13344142044690074,0.03214952297606728,True,2.0
1,750,5,SLSQP,30,30,70100.53494577184,42.33335679815553,70186.63065059979,0.18247799959359146,0.060279294256741146,True,6.0
1,750,5,SSA,30,30,70122.17203957548,26.26094947791417,70158.53641093761,0.15166851877519255,0.03739347929785624,True,4.0
1,750,5,SSABV,30,30,70150.93469974976,25.44405662768778,70228.68684867414,0.11071280471456921,0.03623028960019511,True,1.0
1,750,6,BVNS,30,30,84029.22857015142,141.31856872934196,84173.95045890675,0.29094906376588286,0.16768856036689683,True,5.0
1,750,6,DE,30,30,83948.17089698896,74.0673618931275,84095.98449552173,0.3871320681758582,0.08788830369362256,True,6.0
1,750,6,LXSSA,30,30,84033.52707755953,58.329882384733665,84102.42649239543,0.28584845649628216,0.06921421644312849,True,4.0
1,750,6,PSOC,30,30,84059.06883308476,42.03943262420817,84119.12687719017,0.255540619021119,0.049883974899972386,True,2.0
1,750,6,SLSQP,30,30,83947.64943359647,95.94631189548494,84080.57373611788,0.3877508364407426,0.11384985751647551,True,7.0
1,750,6,SSA,30,30,84035.24463569662,58.362579282264676,84125.34597708905,0.2838104026584214,0.06925301456941547,True,3.0
1,750,6,SSABV,30,30,84095.5896234743,36.90041846629065,84165.78763217088,0.21220506291587546,0.04378602263796954,True,1.0
1,750,7,BVNS,30,30,97774.38454617925,232.5779988149604,98089.76469750555,0.5551018561694181,0.23655168488148517,True,5.0
1,750,7,DE,30,30,97479.06917853504,285.0531997678875,97912.78644726312,0.8554628023619878,0.28992344516474367,True,7.0
1,750,7,LXSSA,30,30,97839.99531556718,167.71685641410838,98041.81675117437,0.4883701011273677,0.17058236449677852,True,4.0
1,750,7,PSOC,30,30,97872.25895210558,131.8469747239653,98030.45747571588,0.4555552277410417,0.13409963184993648,True,3.0
1,750,7,SLSQP,30,30,97710.24011019181,204.8333916598565,98052.99323439764,0.6203422249313534,0.20833305026276686,True,6.0
1,750,7,SSA,30,30,97875.16484281741,169.27244068974025,98036.6687452153,0.45259968874997,0.17216452653811723,True,2.0
1,750,7,SSABV,30,30,97910.83994077044,164.81567285025162,98090.86026528664,0.41631506779656385,0.16763161307713378,True,1.0
1,750,8,BVNS,30,30,111411.3800383375,493.530857314215,111954.498306406,0.8494738425035282,0.4392176468941165,True,4.0
1,750,8,DE,30,30,110595.8017158606,445.60811785180186,111523.45282950654,1.5752975399427682,0.3965688184622988,True,7.0
1,750,8,LXSSA,30,30,111374.03149005232,460.82318231606155,111924.19840280295,0.8827121724875998,0.4101094607793819,True,5.0
1,750,8,PSOC,30,30,111448.4185205066,551.6028874096098,111846.57667371332,0.816511455771791,0.4908988336544891,True,3.0
1,750,8,SLSQP,30,30,111296.23683416363,217.77943735479744,111746.07852215166,0.9519455044950689,0.19381274868493337,True,6.0
1,750,8,SSA,30,30,111506.52317336945,334.52982079860067,111919.10806161044,0.7648012363887354,0.297714719413231,True,2.0
1,750,8,SSABV,30,30,111683.87894517015,282.15498213127194,112014.55351867156,0.6069635174316994,0.251103746553073,True,1.0
1,750,9,BVNS,30,30,124779.95428067216,716.7704014821527,125808.07900168886,1.290768867758789,0.5670129920828968,True,3.0
1,750,9,DE,30,23,121674.94704799632,2276.4574274785223,124699.21122877549,3.7470358087457596,1.800829016704416,True,7.0
1,750,9,LXSSA,30,30,124698.03974301279,960.3548283290204,125689.31325374158,1.355568707424713,0.7597044514479052,True,5.0
1,750,9,PSOC,30,30,124550.0130099187,794.2181920939508,125544.23512861114,1.4726676845398121,0.6282793381739207,True,6.0
1,750,9,SLSQP,30,30,124818.38270249932,466.26847856838873,125654.42810239228,1.2603694338589162,0.3688493339015006,True,2.0
1,750,9,SSA,30,30,124756.23436370459,610.4881269164365,125795.91305507252,1.3095328974451825,0.4829366541338591,True,4.0
1,750,9,SSABV,30,30,125207.19621040269,539.421432617574,125862.74576750364,0.9527921259474035,0.4267181790287022,True,1.0
1,750,10,BVNS,30,30,138170.43067405542,764.7362150626277,139467.1842779802,1.6282114374576573,0.5444614226594112,True,3.0
1,750,10,DE,30,4,134937.69856847334,998.4807228447971,136419.80345076375,3.929786655963332,0.7108781095368244,False,7.0
1,750,10,LXSSA,30,30,137748.63217951765,1116.277374241332,139307.0091140142,1.9285149981996206,0.7947445868143876,True,5.0
1,750,10,PSOC,30,28,137036.78582803844,1051.3028526156652,139551.29719993222,2.4353209655481605,0.7484853410978429,True,6.0
1,750,10,SLSQP,30,30,138184.6636656459,595.3030295963906,139137.63755822123,1.6180781199850267,0.42383181026802136,True,2.0
1,750,10,SSA,30,30,137817.550322743,1160.051369911856,139288.8165152959,1.8794480525411903,0.8259099108683973,True,4.0
1,750,10,SSABV,30,30,138304.27481971626,685.8915656478121,139414.83002558068,1.532919789794333,0.4883272039001265,True,1.0
1,750,11,BVNS,30,30,151004.22098485258,1339.0054316672667,153063.15150864673,2.2646081739489103,0.8666527310805326,True,3.0
1,750,11,DE,30,3,148555.68015091715,1134.7524187454617,149588.71340477857,3.8493923359146276,0.7344527957451733,False,7.0
1,750,11,LXSSA,30,29,149863.8291580531,1886.5517095960263,152791.0059896502,3.0027109984961404,1.2210444803127016,True,5.0
1,750,11,PSOC,30,20,149356.58202067326,1848.958403118026,151676.49121854157,3.3310196868303157,1.1967127330628526,True,6.0
1,750,11,SLSQP,30,30,151352.89048015248,560.1694393183086,152185.25554841277,2.038936669412979,0.3625619157112597,True,1.0
1,750,11,SSA,30,29,150404.08454493363,1042.163486206437,151980.89885991975,2.6530381775741447,0.6745258907789536,True,4.0
1,750,11,SSABV,30,30,151286.30996065398,1117.4331953561482,153427.82614837546,2.082029989048221,0.7232431681398137,True,2.0
1,750,12,BVNS,30,30,163712.37782598948,1575.6272162387268,165838.87129861568,2.8694771015546054,0.934819330331623,True,3.0
1,750,12,DE,30,0,,,,,,False,7.0
1,750,12,LXSSA,30,28,161630.49066053107,1988.2271997066973,163799.02484404942,4.104660364309908,1.179614822733126,True,5.0
1,750,12,PSOC,30,7,160854.65664292974,2108.3745477453426,163827.41786618318,4.5649625406799625,1.2508982216723332,False,6.0
1,750,12,SLSQP,30,30,164663.77440506374,674.6211161457387,165964.85762434395,2.3050136905625633,0.4002525810187473,True,1.0
1,750,12,SSA,30,30,162903.54305999939,1685.8253146172603,165388.2612529438,3.34935861572187,1.000199841323278,True,4.0
1,750,12,SSABV,30,30,164279.22540682432,1284.0720916763332,166020.79621447044,2.5331665387165883,0.7618397298974608,True,2.0
1,1000,2,BVNS,30,30,28091.474739469657,0.0,28091.474739469657,0.0,0.0,True,3.5
1,1000,2,DE,30,30,28091.474739469657,0.0,28091.474739469657,0.0,0.0,True,3.5
1,1000,2,LXSSA,30,30,28091.474739469657,0.0,28091.474739469657,0.0,0.0,True,3.5
1,1000,2,PSOC,30,30,28091.474739469657,0.0,28091.474739469657,0.0,0.0,True,3.5
1,1000,2,SLSQP,30,30,28091.28805130297,0.710464590616515,28091.474739469657,0.0006645723245762391,0.0025291110459877697,True,7.0
1,1000,2,SSA,30,30,28091.474739469657,0.0,28091.474739469657,0.0,0.0,True,3.5
1,1000,2,SSABV,30,30,28091.474739469657,0.0,28091.474739469657,0.0,0.0,True,3.5
1,1000,3,BVNS,30,30,42137.21210920449,0.0,42137.21210920449,-1.7267297122853697e-14,0.0,True,2.5
1,1000,3,DE,30,30,42137.21210920449,0.0,42137.21210920449,-1.7267297122853697e-14,0.0,True,2.5
1,1000,3,LXSSA,30,30,42136.69100728423,1.4210138305214965,42137.21210920449,0.001236678684151924,0.0033723489509386545,True,6.0
1,1000,3,PSOC,30,30,42137.21210920449,0.0,42137.21210920449,-1.7267297122853697e-14,0.0,True,2.5
1,1000,3,SLSQP,30,30,42135.908539066346,2.55342660272811,42137.21210920449,0.0030936316687494004,0.006059790087940029,True,7.0
1,1000,3,SSA,30,30,42136.71921724021,1.5529624513699167,42137.21210920449,0.001169730837923633,0.0036854893184323423,True,5.0
1,1000,3,SSABV,30,30,42137.21210920449,0.0,42137.21210920449,-1.7267297122853697e-14,0.0,True,2.5
1,1000,4,BVNS,30,30,56177.27834027471,8.624221380453209,56182.94947893933,0.010094056501483784,0.015350246757134839,True,2.0
1,1000,4,DE,30,30,56166.86296594411,8.391904217615563,56182.94947893933,0.028632375381500375,0.01493674557040006,True,6.0
1,1000,4,LXSSA,30,30,56172.874174068194,7.819841683540847,56182.94947893933,0.017933029441426003,0.013918531789563553,True,4.0
1,1000,4,PSOC,30,30,56172.98865945872,6.83337694769691,56182.94947893933,0.017729256959577874,0.012162723764186678,True,3.0
1,1000,4,SLSQP,30,30,56162.50937797837,10.51241867043429,56182.94947893933,0.03638132413929127,0.018711048045593516,True,7.0
1,1000,4,SSA,30,30,56169.442277880495,9.157347225638864,56182.94947893933,0.0240414595248038,0.016299157147437328,True,5.0
1,1000,4,SSABV,30,30,56179.95029034953,3.8227175200199475,56182.94947893933,0.00533825407458542,0.00680405275172036,True,1.0
1,1000,5,BVNS,30,30,70193.30603323762,24.5403909085985,70228.68684867414,0.05037943470701146,0.034943542318364426,True,2.0
1,1000,5,DE,30,30,70148.68591757886,22.354444071081517,70203.37150938611,0.11391488960581819,0.03183092988659951,True,7.0
1,1000,5,LXSSA,30,30,70183.33768599536,20.96253644105358,70221.92705709461,0.06457355920166769,0.02984896540387077,True,3.0
1,1000,5,PSOC,30,30,70182.6302532131,12.960995226853456,70216.63374219718,0.06558088656888408,0.018455414458744053,True,4.0
1,1000,5,SLSQP,30,30,70151.35989965967,32.701753646859686,70189.8176468744,0.11010735425124638,0.04656466625571849,True,6.0
1,1000,5,SSA,30,30,70174.04451133544,19.710535519072423,70220.88311224387,0.07780629225838992,0.028066216817558706,True,5.0
1,1000,5,SSABV,30,30,70202.06451102528,15.949136316852004,70228.68684867414,0.037908066978704344,0.022710286967514315,True,1.0
1,1000,6,BVNS,30,30,84170.02918762389,49.504152461037414,84261.97358696908,0.12387510416507883,0.05874160864361445,True,2.0
1,1000,6,DE,30,30,84096.13796330286,24.02085790794308,84140.89528767773,0.21155440308207377,0.028503140935963754,True,6.0
1,1000,6,LXSSA,30,30,84142.70000333154,23.464018768381358,84187.38688059375,0.1563039039412935,0.027842395822922097,True,5.0
1,1000,6,PSOC,30,30,84152.25972717331,22.161716226591366,84185.83139451545,0.14496033923536347,0.026297084117898707,True,3.0
1,1000,6,SLSQP,30,30,84087.40605412045,92.64905470695092,84194.09884318901,0.22191568322535174,0.10993733337985923,True,7.0
1,1000,6,SSA,30,30,84149.93794381898,29.721905246609413,84205.49395096491,0.14771536648813183,0.03526800155831437,True,4.0
1,1000,6,SSABV,30,30,84175.9041356742,36.04768483332089,84230.25817562595,0.11690389302388314,0.042774169230629225,True,1.0
1,1000,7,BVNS,30,30,98064.58964481599,118.70015284722281,98181.75893342412,0.25993848992883967,0.12072819137996034,True,5.0
1,1000,7,DE,30,30,97942.31209031008,67.94367091234925,98077.05341709514,0.38430520427387144,0.06910451510135278,True,7.0
1,1000,7,LXSSA,30,30,98078.37908121827,82.07812475750097,98173.90965476066,0.24591345561284056,0.08348046161815763,True,4.0
1,1000,7,PSOC,30,30,98083.0204663275,35.83705496794735,98158.89043093626,0.24119277062384595,0.0364493450672578,True,3.0
1,1000,7,SLSQP,30,30,97955.8372352309,136.63330648544922,98190.82001373942,0.3705489769626779,0.13896773996140832,True,6.0
1,1000,7,SSA,30,30,98084.70406410827,46.996650551029745,98149.58310545326,0.23948040791658023,0.047799606705178924,True,2.0
1,1000,7,SSABV,30,30,98128.36296419326,59.942463600594955,98230.62378279676,0.19507557844949233,0.06096660403355471,True,1.0
1,1000,8,BVNS,30,30,111862.45149800958,246.0558923627664,112173.22907246136,0.4480429245333235,0.21897737182257107,True,5.0
1,1000,8,DE,30,30,111608.34898740689,168.8829137178778,111917.34629150084,0.6741813819829022,0.15029730130240082,True,7.0
1,1000,8,LXSSA,30,30,111924.57127465591,164.67965225356346,112090.91625375152,0.3927594468746697,0.14655660995094003,True,3.0
1,1000,8,PSOC,30,30,111915.49753890898,125.32747008669007,112100.04302077928,0.40083461543656207,0.11153514656049837,True,4.0
1,1000,8,SLSQP,30,30,111688.04466229536,181.91811059023544,111973.32424007716,0.6032562386541885,0.16189797107254952,True,6.0
1,1000,8,SSA,30,30,111947.0997409209,125.7397499673551,112100.6560148602,0.37271024469328784,0.11190205492370135,True,2.0
1,1000,8,SSABV,30,30,112008.25744955527,131.1507440209358,112166.86366655212,0.31828295918980215,0.11671756755142877,True,1.0
1,1000,9,BVNS,30,30,125589.7128744431,312.55442600120017,126071.56477989849,0.6501960397381673,0.24725130935824086,True,4.0
1,1000,9,DE,30,30,124996.34955899461,282.9476773204816,125582.31938503546,1.1195858306516446,0.22383040481113772,True,7.0
1,1000,9,LXSSA,30,30,125701.53316369746,265.37961885607945,126027.8523994464,0.5617387643615773,0.20993290377818652,True,3.0
1,1000,9,PSOC,30,30,125531.07629601617,324.5043919417572,125917.39916387844,0.6965814676389374,0.25670452607761785,True,5.0
1,1000,9,SLSQP,30,30,125366.58315063165,282.7209801527222,125926.4661577308,0.8267064704972262,0.2236510722952822,True,6.0
1,1000,9,SSA,30,30,125761.10176474218,168.36573531273467,126003.67909998396,0.5146160446695948,0.13318847869067374,True,2.0
1,1000,9,SSABV,30,30,125841.98118558247,277.38762328193286,126106.90683566204,0.450635051155131,0.2194320327940769,True,1.0
1,1000,10,BVNS,30,30,139290.31711438307,447.7137164984576,139953.27612903735,0.8308973407689746,0.31875415630593673,True,4.0
1,1000,10,DE,30,30,137968.98788066147,623.0376262098299,138750.90560902926,1.7716306030672861,0.4435777273981548,True,7.0
1,1000,10,LXSSA,30,30,139354.20194482678,388.5274289289733,139874.34846837402,0.7854139113398005,0.2766159003984773,True,2.0
1,1000,10,PSOC,30,30,139018.64832471122,478.5899108593076,139683.2231495462,1.0243145908004492,0.34073676465754904,True,6.0
1,1000,10,SLSQP,30,30,139031.57080116333,341.596838934077,139601.69520179482,1.0151143073892448,0.24320320816344737,True,5.0
1,1000,10,SSA,30,30,139348.04610463348,433.0356444372987,139903.94817417453,0.7897966219311063,0.3083039594420887,True,3.0
1,1000,10,SSABV,30,30,139561.66227720733,359.3944694882832,139990.75539723947,0.6377105000346844,0.25587440518622023,True,1.0
1,1000,11,BVNS,30,30,153010.51541883498,393.81984103406074,153770.59470734862,0.9660618727606385,0.254894440839491,True,2.0
1,1000,11,DE,30,29,150189.70953118094,1068.863413910913,151715.6593145629,2.7917894378381543,0.6918070494042172,True,7.0
1,1000,11,LXSSA,30,30,152736.83088335316,558.8491521888382,153603.2988867765,1.1432003999990943,0.36170737814217324,True,4.0
1,1000,11,PSOC,30,29,152337.84280881428,768.8404999723509,153477.4770646619,1.4014399084357059,0.4976213712865164,True,6.0
1,1000,11,SLSQP,30,30,152445.94927996138,402.0145264169146,153166.09526710433,1.3314694913997691,0.2601983375223866,True,5.0
1,1000,11,SSA,30,30,152825.12410023055,385.8168080130097,153465.0803307008,1.0860538375334154,0.24971458849491554,True,3.0
1,1000,11,SSABV,30,30,153184.64211037062,292.3034466978053,153727.01329200802,0.8533607819327395,0.18918935979929327,True,1.0
1,1000,12,BVNS,30,30,166510.63031998475,669.78486479027,167502.8296664543,1.209274424439176,0.39738323400135417,True,2.0
1,1000,12,DE,30,17,162390.39843043298,1765.859699567815,165714.9662497396,3.65380722769726,1.0476842268250597,True,7.0
1,1000,12,LXSSA,30,30,165814.3558010378,827.9201140631201,166946.1804510009,1.6223739652574296,0.4912048475807172,True,5.0
1,1000,12,PSOC,30,28,165072.45461376818,1367.4808825589612,167145.47175214728,2.0625437997892435,0.8113261498025462,True,6.0
1,1000,12,SLSQP,30,30,166188.37089113,680.963634654958,167398.1488417872,1.4004708828211183,0.4040155960544709,True,3.0
1,1000,12,SSA,30,30,166091.94242572357,816.622311401738,167144.68747620066,1.4576818731664918,0.48450186339176277,True,4.0
1,1000,12,SSABV,30,30,166530.11138123518,760.0391631500868,167512.75121408113,1.197716314472164,0.45093109220203204,True,1.0
1,1000,13,BVNS,30,30,179762.60666186232,1091.2181789603303,180772.17067786143,1.5509655624130747,0.5976180367781583,True,2.0
1,1000,13,DE,30,4,174763.41055037404,1389.6142579419331,175847.503562795,4.288832125874389,0.7610380405332252,False,7.0
1,1000,13,LXSSA,30,30,178913.5708595716,967.4122214874191,180353.06277370377,2.0159496683439175,0.5298142971842229,True,5.0
1,1000,13,PSOC,30,22,177301.99516174028,2352.64935474961,180428.5058307496,2.8985474138973832,1.2884551556430548,True,6.0
1,1000,13,SLSQP,30,30,179465.1889662033,506.1644842804251,180185.63044604365,1.713849743422762,0.2772067320860622,True,3.0
1,1000,13,SSA,30,30,179101.4673203306,1028.887097903995,180942.18387396535,1.9130460362734345,0.5634817118805688,True,4.0
1,1000,13,SSABV,30,30,179973.5430196189,642.1419928604274,181264.7077959078,1.4354438689166196,0.35167635996651897,True,1.0
1,1000,14,BVNS,30,30,192874.6029726037,1745.641014251802,194490.4590585165,1.9150295030322713,0.8877329868334478,True,2.0
1,1000,14,DE,30,0,,,,,,False,7.0
1,1000,14,LXSSA,30,30,191046.62655836428,1754.5536882108881,193317.34555068568,2.844633556113812,0.8922654620730724,True,5.0
1,1000,14,PSOC,30,18,190385.10503886273,1544.4354648204182,192959.9419521186,3.1810454927991083,0.7854113743679333,True,6.0
1,1000,14,SLSQP,30,30,192677.83991395202,595.3917857667492,193748.5943952021,2.0150919192617716,0.30278214363641437,True,3.0
1,1000,14,SSA,30,30,192235.6625125498,1504.8419436982747,193973.4735285794,2.2399580068778766,0.7652763784105375,True,4.0
1,1000,14,SSABV,30,30,193260.7839635319,939.8044295284056,194722.3254206968,1.7186399809391892,0.4779306778731637,True,1.0
1,1000,15,BVNS,30,30,206486.72211750815,1093.5530130791115,208307.38788314577,1.9931733583280788,0.5190438371883821,True,2.0
1,1000,15,DE,30,0,,,,,,False,7.0
1,1000,15,LXSSA,30,29,203681.78583718668,1899.5430052565728,207463.25313835905,3.324507891354194,0.9015988055088412,True,5.0
1,1000,15,PSOC,30,9,201985.47744460768,1678.25243965345,204208.1345629696,4.1296434509554025,0.7965654848280075,False,6.0
1,1000,15,SLSQP,30,30,206059.64328489054,761.8383309170048,207405.9797107428,2.195881991025837,0.36159883047914915,True,3.0
1,1000,15,SSA,30,30,204777.6041977798,1420.5255802624797,207167.18999567084,2.804388829963429,0.6742380471593551,True,4.0
1,1000,15,SSABV,30,30,207119.29229929837,639.2850590677347,208599.6460085837,1.6929303426530997,0.3034301640131927,True,1.0
2,500,2,BVNS,30,30,14630.75678936933,0.0,14630.75678936933,0.0,0.0,True,3.5
2,500,2,DE,30,30,14630.75678936933,0.0,14630.75678936933,0.0,0.0,True,3.5
2,500,2,LXSSA,30,30,14630.75678936933,0.0,14630.75678936933,0.0,0.0,True,3.5
2,500,2,PSOC,30,30,14630.75678936933,0.0,14630.75678936933,0.0,0.0,True,3.5
2,500,2,SLSQP,30,30,14625.992245993142,5.565781429051084,14630.75678936933,0.03256525581540415,0.038041650949290844,True,7.0
2,500,2,SSA,30,30,14630.75678936933,0.0,14630.75678936933,0.0,0.0,True,3.5
2,500,2,SSABV,30,30,14630.75678936933,0.0,14630.75678936933,0.0,0.0,True,3.5
2,500,3,BVNS,30,30,21932.28432724478,17.16322551306409,21946.135184054,0.0631129658732919,0.07820614139629123,True,1.0
2,500,3,DE,30,30,21901.21363682138,5.506442632088082,21924.834176374865,0.2046900142365495,0.025090716820558717,True,4.0
2,500,3,LXSSA,30,30,21899.667219800045,9.547142237043502,21930.212888694077,0.21173643497699643,0.043502612906440995,True,6.0
2,500,3,PSOC,30,30,21901.455474772065,6.319850874957444,21929.903643545596,0.20358805278113234,0.028797101730916864,True,3.0
2,500,3,SLSQP,30,30,21888.812837061323,45.51686557735371,21932.341322849024,0.2611956342742278,0.20740264832792002,True,7.0
2,500,3,SSA,30,30,21900.872774785745,11.12099027654667,21946.135184054,0.20624318992227886,0.05067402612477538,True,5.0
2,500,3,SSABV,30,30,21907.09160140931,18.92626709230331,21946.135184054,0.1779064164019904,0.08623963597041012,True,2.0
2,500,4,BVNS,30,30,29070.83194975163,94.11059397126628,29224.813980488,0.6516464996724529,0.32161902260464903,True,2.0
2,500,4,DE,30,30,29044.241963264434,61.5251302078366,29191.116371691554,0.7425166674634845,0.21025956173552637,True,4.0
2,500,4,LXSSA,30,30,29004.167633075424,87.43768160095213,29192.51705216173,0.8794690164292382,0.29881462339830506,True,6.0
2,500,4,PSOC,30,30,29077.93369526527,64.4891823306452,29198.231288407023,0.6273765811170418,0.22038908601605148,True,1.0
2,500,4,SLSQP,30,30,28998.901566313423,104.23808033402058,29210.547596562115,0.897465579552413,0.3562292840851516,True,7.0
2,500,4,SSA,30,30,29028.736386549295,93.7614365161914,29169.84056278661,0.7955063280065586,0.3204257915910346,True,5.0
2,500,4,SSABV,30,30,29067.525570592497,60.72617581195146,29193.872598885213,0.6629459122959153,0.20752916847088101,True,3.0
2,500,5,BVNS,30,30,35878.15633254377,160.87895196786326,36205.425370227305,1.9103198855366201,0.43983767698129567,True,6.0
2,500,5,DE,30,30,35789.640479808004,193.80720191487035,36213.46196874665,2.152319268097811,0.529862411644186,True,7.0
2,500,5,LXSSA,30,30,35880.06848969248,168.64912126644415,36151.254995005205,1.905092111809696,0.4610810601102565,True,5.0
2,500,5,PSOC,30,30,35959.35325206241,118.99660949175414,36182.51081085436,1.6883302217411396,0.32533275265218276,True,1.0
2,500,5,SLSQP,30,30,35896.94163778559,109.99996945019227,36050.51808427141,1.8589614889416628,0.300736239509144,True,4.0
2,500,5,SSA,30,30,35918.85577958287,74.03974504910595,36085.3217851208,1.799048957791668,0.2024221880385648,True,3.0
2,500,5,SSABV,30,30,35958.00035592341,130.56666697251583,36206.259525597954,1.6920289945619127,0.35696490305241185,True,2.0
2,500,6,BVNS,30,30,42560.32586779554,202.48733987699853,42897.61415325631,3.034576450800861,0.4613280155681434,True,4.0
2,500,6,DE,30,30,42257.50964806381,374.89036399583586,42793.567761588405,3.7244843028944534,0.8541147697573429,True,7.0
2,500,6,LXSSA,30,30,42512.14190323889,227.85437485915676,43013.52629755199,3.144354241178407,0.519121870316181,True,5.0
2,500,6,PSOC,30,30,42568.50249428681,159.66539399642681,42818.03541115092,3.015947597878253,0.3637665417108102,True,3.0
2,500,6,SLSQP,30,30,42590.73111313641,236.04279279671235,43006.64027214163,2.965304013795717,0.5377775877554531,True,2.0
2,500,6,SSA,30,30,42444.252846313044,224.47280609052368,42816.72096099531,3.2990262514355404,0.5114176236680293,True,6.0
2,500,6,SSABV,30,30,42638.74628114793,198.92932323273496,42899.28555850763,2.8559107935115278,0.45322176675845044,True,1.0
2,500,7,BVNS,30,30,49032.06199924852,314.38826899588315,49591.53024461748,4.248558205868866,0.6139478702726853,True,1.0
2,500,7,DE,30,15,48203.851566562575,767.7980041757893,49191.89606274862,5.865915090428113,1.4993814844583722,True,7.0
2,500,7,LXSSA,30,30,48626.49048708179,340.48161651194187,49232.82351580578,5.040571746747196,0.6649038273347452,True,6.0
2,500,7,PSOC,30,30,48885.92873183024,278.25629911176077,49367.28359968887,4.5339321118164175,0.5433881575010735,True,5.0
2,500,7,SLSQP,30,30,49007.92491636913,208.2225954960741,49370.022936098845,4.295693904270496,0.4066240113085782,True,3.0
2,500,7,SSA,30,30,48887.88393243251,304.12990402504494,49325.70620383274,4.530113931037746,0.5939149938983812,True,4.0
2,500,7,SSABV,30,30,49008.59493215209,239.70394296486205,49409.45375814442,4.294385475160476,0.46810183391788424,True,2.0
2,500,8,BVNS,30,30,55182.800056301414,738.6054159957754,55978.55309019188,5.7075432755517275,1.2620765737361648,True,3.0
2,500,8,DE,30,2,54451.273784742036,618.6697202436397,54888.7393392411,6.95752350912874,1.057138959300395,False,7.0
2,500,8,LXSSA,30,28,54699.457900318215,620.6632784314469,55878.88725018245,6.533444086667658,1.060545410204651,True,5.0
2,500,8,PSOC,30,24,54693.116641370354,404.2960135386112,55324.56981825928,6.544279580414073,0.6908323666352867,True,6.0
2,500,8,SLSQP,30,30,55457.18312593118,287.3423843922476,55866.77997839429,5.238696937696648,0.49099029621118073,True,1.0
2,500,8,SSA,30,30,54900.52544476184,471.2706367794213,55688.29013551728,6.189874120776137,0.8052738548730518,True,4.0
2,500,8,SSABV,30,30,55274.87298592206,503.72990714706054,55746.88065398454,5.55021558063791,0.8607379549789775,True,2.0
2,500,9,BVNS,30,30,61166.81881797608,574.8403946846715,61964.98898931778,7.095534430105147,0.8731080132693118,True,3.0
2,500,9,DE,30,0,,,,,,False,7.0
2,500,9,LXSSA,30,21,59963.267568793526,652.2408082557316,61237.48260080503,8.923572699089364,0.9906692040696232,True,5.0
2,500,9,PSOC,30,2,61035.64781599632,137.87356194473037,61133.139146593785,7.2947661716390915,0.20941206092163997,False,6.0
2,500,9,SLSQP,30,30,61457.04404658107,370.7279974749487,61986.12458484676,6.654719944743625,0.5630877515422685,True,1.0
2,500,9,SSA,30,25,60581.035806765416,844.7806977463937,61677.77233254055,7.985262858820757,1.2831123273134197,True,4.0
2,500,9,SSABV,30,30,61379.96802973233,541.4271416025719,62326.42272772061,6.771788418991042,0.8223576149237305,True,2.0
2,500,10,BVNS,30,30,67055.97105764064,749.0849019613208,68269.34370619625,8.33560830378462,1.0239865411550046,True,3.0
2,500,10,DE,30,1,64240.17841539971,,64240.17841539971,12.184749783994137,,False,6.0
2,500,10,LXSSA,30,13,65868.67444218065,586.0422245740422,66927.83391801588,9.95862293324339,0.8011099261794286,False,4.0
2,500,10,PSOC,30,0,,,,,,False,7.0
2,500,10,SLSQP,30,29,67288.27817397201,300.0958095817911,67814.89679038596,8.01804835842327,0.4102259560487497,True,1.0
2,500,10,SSA,30,12,65880.68512923719,761.5883850588225,67094.771256988,9.942204524777658,1.0410785935724036,False,5.0
2,500,10,SSABV,30,25,67106.62185974148,779.4710240754406,68292.2107744365,8.266369503864643,1.065523862226731,True,2.0
2,750,2,BVNS,30,30,14630.75678936933,0.0,14630.75678936933,0.0,0.0,True,3.5
2,750,2,DE,30,30,14630.75678936933,0.0,14630.75678936933,0.0,0.0,True,3.5
2,750,2,LXSSA,30,30,14630.75678936933,0.0,14630.75678936933,0.0,0.0,True,3.5
2,750,2,PSOC,30,30,14630.75678936933,0.0,14630.75678936933,0.0,0.0,True,3.5
2,750,2,SLSQP,30,30,14630.354408174751,1.5313107167969084,14630.75678936933,0.002750241838965827,0.010466380781543718,True,7.0
2,750,2,SSA,30,30,14630.75678936933,0.0,14630.75678936933,0.0,0.0,True,3.5
2,750,2,SSABV,30,30,14630.75678936933,0.0,14630.75678936933,0.0,0.0,True,3.5
2,750,3,BVNS,30,30,21946.135184053997,0.0,21946.135184054,-1.6576854086522982e-14,0.0,True,1.5
2,750,3,DE,30,30,21942.54516729254,5.845418242034774,21946.135184054,0.016358309703950236,0.026635296798323497,True,4.0
2,750,3,LXSSA,30,30,21937.323581716268,8.097801837182768,21946.135184054,0.04015104374337545,0.03689853256287599,True,7.0
2,750,3,PSOC,30,30,21943.232711982946,5.355437968603388,21946.135184054,0.013225436035597237,0.024402647316661228,True,3.0
2,750,3,SLSQP,30,30,21938.165831968894,12.241252703828842,21946.135184054,0.036313237015376774,0.0557786261734225,True,6.0
2,750,3,SSA,30,30,21939.95142529926,8.238611371407746,21946.135184054,0.028176982885041786,0.03754014682909493,True,5.0
2,750,3,SSABV,30,30,21946.135184053997,0.0,21946.135184054,-1.6576854086522982e-14,0.0,True,1.5
2,750,4,BVNS,30,30,29227.25930097645,29.890258074252404,29261.51357873866,0.11706256298068068,0.10214870804212449,True,1.0
2,750,4,DE,30,30,29195.34479221384,26.24366680598615,29242.90450068993,0.22612906316950673,0.08968663475102832,True,5.0
2,750,4,LXSSA,30,30,29201.41620047558,25.656683828441714,29240.250990303983,0.20538027912112342,0.08768064495161733,True,4.0
2,750,4,PSOC,30,30,29212.985484739882,20.41502496732321,29243.010623626767,0.16584273355578724,0.06976749480982321,True,2.0
2,750,4,SLSQP,30,30,29178.96515656538,59.180433459745345,29261.51357873866,0.2821057835957596,0.20224665856910956,True,7.0
2,750,4,SSA,30,30,29182.492124704826,36.197353844460096,29249.43719017245,0.27005251734910984,0.12370294430279177,True,6.0
2,750,4,SSABV,30,30,29210.47313121754,34.509016466483665,29261.51357873866,0.17442859674288352,0.11793312185860001,True,3.0
2,750,5,BVNS,30,30,36389.7204246353,97.09326260154421,36548.91512410794,0.5117207578052956,0.2654497344172713,True,3.0
2,750,5,DE,30,30,36277.68555687667,105.85119590514377,36465.29611493317,0.8180203412691824,0.2893936313179761,True,7.0
2,750,5,LXSSA,30,30,36366.79174619702,74.28677702167839,36522.41224313792,0.57440699821888,0.2030975651940444,True,4.0
2,750,5,PSOC,30,30,36399.952926732156,62.15824171296009,36488.8730578668,0.4837454391142109,0.16993855508041336,True,2.0
2,750,5,SLSQP,30,30,36283.60601205773,97.97146525870404,36503.99675030582,0.8018340147071392,0.26785071112627706,True,6.0
2,750,5,SSA,30,30,36331.99194394088,91.44765770743273,36467.2813462366,0.6695484943345847,0.25001483935233576,True,5.0
2,750,5,SSABV,30,30,36417.05582784894,67.33403854833452,36526.37004418575,0.4369866791594038,0.18408901061702887,True,1.0
2,750,6,BVNS,30,30,43367.375429229935,201.16991845988142,43632.216409322944,1.1958710143630287,0.4583265271373405,True,5.0
2,750,6,DE,30,30,43142.18235053066,144.83783362596688,43504.42563763117,1.7089296390608584,0.3299848297006892,True,7.0
2,750,6,LXSSA,30,30,43377.4071493437,175.70604646935178,43709.13963215085,1.1730156914789838,0.4003120481027109,True,4.0
2,750,6,PSOC,30,30,43441.83871748207,107.51355490134222,43637.75843290432,1.0262208968648039,0.24494872103827678,True,2.0
2,750,6,SLSQP,30,30,43283.110009218675,153.33469157209106,43569.40667892441,1.3878533823393406,0.3493432677009653,True,6.0
2,750,6,SSA,30,30,43419.47291431461,153.06778284978333,43758.36184269735,1.0771770287301188,0.34873516809693883,True,3.0
2,750,6,SSABV,30,30,43500.112442288046,119.58511117881844,43752.560013418064,0.8934555504444476,0.2724514138273176,True,1.0
2,750,7,BVNS,30,30,50180.15649464526,303.81275303810264,50631.17306147561,2.0065210822449715,0.5932956509005952,True,4.0
2,750,7,DE,30,30,49696.557927932474,156.2769999085537,50097.30334539562,2.95090845092293,0.3051829242003823,True,7.0
2,750,7,LXSSA,30,30,50095.40669892181,193.56039638172626,50453.52677247594,2.17202330265746,0.3779911811189565,True,6.0
2,750,7,PSOC,30,30,50188.172362382764,199.52192630134198,50547.89488625648,1.990867429067819,0.3896330550648417,True,3.0
2,750,7,SLSQP,30,30,50164.65880383535,205.8583697192354,50523.27805890092,2.0367854884115237,0.4020070725621973,True,5.0
2,750,7,SSA,30,30,50264.75894222241,202.5330940550048,50711.36472052163,1.84130660819434,0.395513363625016,True,2.0
2,750,7,SSABV,30,30,50370.0527367868,169.5701819784687,50674.29477038526,1.6356853834196177,0.33114229236331577,True,1.0
2,750,8,BVNS,30,30,56855.869796472114,391.45920189919127,57579.49861281464,2.8487203105866694,0.6688977329313943,True,2.0
2,750,8,DE,30,30,56033.08431386312,331.38981613721603,56551.49949394529,4.254637814469352,0.5662554249722818,True,7.0
2,750,8,LXSSA,30,30,56659.24018513107,332.01136928287025,57139.116868394856,3.184707051005852,0.5673174909245084,True,6.0
2,750,8,PSOC,30,30,56786.442388699805,311.8260532073645,57313.728962596135,2.967352943149386,0.5328262537894435,True,4.0
2,750,8,SLSQP,30,30,56752.44144191281,256.71638189254134,57234.954330667606,3.025451350628379,0.43865875427419665,True,5.0
2,750,8,SSA,30,30,56806.23346643166,303.6191896343827,57220.66493810007,2.933535352547652,0.5188029471158166,True,3.0
2,750,8,SSABV,30,30,57033.91801864637,298.57890352449965,57451.27360970116,2.5444841307063037,0.5101904635265453,True,1.0
2,750,9,BVNS,30,30,63216.9622053147,515.3628353398998,64031.45303434795,3.9816324907357905,0.7827693137732386,True,5.0
2,750,9,DE,30,23,61970.84216732141,763.0111375954662,63557.35382450226,5.874327229532326,1.1589149694564715,True,7.0
2,750,9,LXSSA,30,30,63252.74821360826,342.83801371110263,63681.12450699472,3.9272781849268554,0.5207264830243821,True,4.0
2,750,9,PSOC,30,30,63180.23051701168,411.6510035872172,63951.65067632144,4.03742316184178,0.6252444908634324,True,6.0
2,750,9,SLSQP,30,30,63381.6394564878,322.93080769826724,63876.78832037273,3.731509101823191,0.4904900186904114,True,2.0
2,750,9,SSA,30,30,63291.57562924498,402.4559885840838,63887.22186639336,3.8683043757783966,0.611278455498482,True,3.0
2,750,9,SSABV,30,30,63632.10345896656,366.8408831783046,64191.03179742074,3.3510867626456133,0.5571837290131,True,1.0
2,750,10,BVNS,30,30,69930.16989262395,354.9802283389938,70572.02876521327,4.406626534267824,0.4852520391794351,True,3.0
2,750,10,DE,30,4,68103.21523839381,423.6632301978709,68599.2235803627,6.904043011804507,0.5791405547875741,False,7.0
2,750,10,LXSSA,30,30,69480.74675155281,385.74884349546994,70144.40150434674,5.020980456681022,0.5273122218472713,True,5.0
2,750,10,PSOC,30,28,69159.61563530155,436.1339700401707,69849.09161037485,5.459961325373466,0.5961878477223637,True,6.0
2,750,10,SLSQP,30,30,69972.93399462262,458.1065587660617,70647.50582079304,4.348168721573193,0.6262240092719235,True,2.0
2,750,10,SSA,30,30,69520.30965413475,512.6448183425667,70233.5921151986,4.966898630085857,0.7007768985881198,True,4.0
2,750,10,SSABV,30,30,70000.50389726767,393.6409671279962,70627.9992554623,4.310481125446827,0.5381006229479725,True,1.0
2,750,11,BVNS,30,30,76099.70767184184,566.2961622989043,77050.3208384863,5.4299740951004365,0.703743080977284,True,3.0
2,750,11,DE,30,3,74596.6149234126,476.30547158526656,74956.27927858282,7.2978856088921775,0.5919105626621458,False,7.0
2,750,11,LXSSA,30,29,75181.59501693431,681.1331219513048,76251.12225178881,6.57092378090781,0.8464523578118102,True,6.0
2,750,11,PSOC,30,20,75199.62630673371,585.6707751201262,76326.3820000948,6.54851607928061,0.7278201463492224,True,5.0
2,750,11,SLSQP,30,30,76284.41195919344,433.8893185548616,77226.03041647786,5.2004398462316965,0.5391994969617379,True,1.0
2,750,11,SSA,30,29,75742.52188005373,677.1463254373474,76775.30718071829,5.873853192874725,0.84149791762883,True,4.0
2,750,11,SSABV,30,30,76264.96277035313,512.1269332355374,77477.26916500392,5.224609588123337,0.6364263257295276,True,2.0
2,750,12,BVNS,30,30,82368.59190133522,603.0813806533473,83609.6460380137,6.169592948210721,0.6870018064633373,True,3.0
2,750,12,DE,30,0,,,,,,False,7.0
2,750,12,LXSSA,30,28,81341.79003606385,792.1156484846226,82342.90262584233,7.339277105193248,0.902340710381857,True,5.0
2,750,12,PSOC,30,7,80936.3079418687,798.424192615627,82149.88413616968,7.8011831433116905,0.9095271057062455,False,6.0
2,750,12,SLSQP,30,30,82867.21290429744,399.22681236974756,83465.55473831561,5.601587467085618,0.4547803166953797,True,1.0
2,750,12,SSA,30,30,81822.1365834696,625.6691354674837,82830.84367019367,6.792089020164516,0.7127327092221842,True,4.0
2,750,12,SSABV,30,30,82500.77368438263,492.02217727281624,83703.67203883652,6.019017708038775,0.5604884107684678,True,2.0
2,1000,2,BVNS,30,30,14630.75678936933,0.0,14630.75678936933,0.0,0.0,True,3.5
2,1000,2,DE,30,30,14630.75678936933,0.0,14630.75678936933,0.0,0.0,True,3.5
2,1000,2,LXSSA,30,30,14630.75678936933,0.0,14630.75678936933,0.0,0.0,True,3.5
2,1000,2,PSOC,30,30,14630.75678936933,0.0,14630.75678936933,0.0,0.0,True,3.5
2,1000,2,SLSQP,30,30,14630.496621682534,0.9900998661985566,14630.75678936933,0.0017782243977005872,0.006767249845325288,True,7.0
2,1000,2,SSA,30,30,14630.75678936933,0.0,14630.75678936933,0.0,0.0,True,3.5
2,1000,2,SSABV,30,30,14630.75678936933,0.0,14630.75678936933,0.0,0.0,True,3.5
2,1000,3,BVNS,30,30,21946.135184053997,0.0,21946.135184054,-1.6576854086522982e-14,0.0,True,2.0
2,1000,3,DE,30,30,21946.135184053997,0.0,21946.135184054,-1.6576854086522982e-14,0.0,True,2.0
2,1000,3,LXSSA,30,30,21945.333290791037,2.781205762790989,21946.135184054,0.0036539156267531617,0.012672872646887443,True,6.0
2,1000,3,PSOC,30,30,21945.772781384527,1.9849611697165979,21946.135184054,0.0016513279738414263,0.009044695811213293,True,4.0
2,1000,3,SLSQP,30,30,21943.492584523294,4.7552271626064275,21946.135184054,0.012041297971331799,0.021667720182731456,True,7.0
2,1000,3,SSA,30,30,21945.5568037593,1.7898891551429763,21946.135184054,0.0026354539869904285,0.008155828532591865,True,5.0
2,1000,3,SSABV,30,30,21946.135184053997,0.0,21946.135184054,-1.6576854086522982e-14,0.0,True,2.0
2,1000,4,BVNS,30,30,29253.13869943818,11.67423706885232,29261.51357873866,0.028620800075655824,0.039896217389569215,True,1.0
2,1000,4,DE,30,30,29225.85423348247,12.076772599563599,29254.198459721185,0.12186432243237856,0.041271865746337455,True,6.0
2,1000,4,LXSSA,30,30,29227.971202951252,14.935279192274908,29257.269798031488,0.11462966772771824,0.05104069258784914,True,5.0
2,1000,4,PSOC,30,30,29243.34464346004,13.557756610401801,29261.51357873866,0.06209157714869805,0.046333066722331964,True,3.0
2,1000,4,SLSQP,30,30,29218.654346413696,24.163932071675184,29261.51357873866,0.14646963565173454,0.08257922819560667,True,7.0
2,1000,4,SSA,30,30,29232.548576478195,18.47010854978178,29261.51357873866,0.09898668495915004,0.06312082421875609,True,4.0
2,1000,4,SSABV,30,30,29247.609696791074,12.154757444112732,29261.51357873866,0.04751593559976137,0.041538375694085715,True,2.0
2,1000,5,BVNS,30,30,36498.37041826244,49.08665330948793,36566.54012916513,0.21467530707074436,0.1342012693291563,True,2.0
2,1000,5,DE,30,30,36402.814003286454,39.39391071625778,36483.25150333435,0.47592335145191994,0.10770163507845563,True,7.0
2,1000,5,LXSSA,30,30,36468.15893803439,46.06168169909131,36543.51898506459,0.2972724841354559,0.12593109806201822,True,5.0
2,1000,5,PSOC,30,30,36485.95457477709,35.984373997129104,36544.86125790867,0.24861980813543352,0.0983800756589025,True,3.0
2,1000,5,SLSQP,30,30,36431.99411808368,50.4316606036639,36504.2512922692,0.39614589299966263,0.1378784743118914,True,6.0
2,1000,5,SSA,30,30,36485.90775943687,37.5290289195362,36576.89197342332,0.2487477997107044,0.1026031105836021,True,4.0
2,1000,5,SSABV,30,30,36510.63676912432,35.34735514585603,36557.183483597466,0.18113951384153465,0.09663848741314297,True,1.0
2,1000,6,BVNS,30,30,43686.122649602614,101.19675896748075,43824.44544755142,0.4696674762469268,0.23055713026184962,True,2.0
2,1000,6,DE,30,30,43488.503266571875,69.67855985441368,43622.161725209895,0.919904799067963,0.1587490445813028,True,7.0
2,1000,6,LXSSA,30,30,43656.58895935633,73.32680910864633,43779.995586951045,0.5369542445061021,0.1670608708405421,True,4.0
2,1000,6,PSOC,30,30,43665.82258114233,65.6305500497245,43831.98077395459,0.5159172334138152,0.14952644167026935,True,3.0
2,1000,6,SLSQP,30,30,43524.83557900771,86.83501103967163,43689.11918335741,0.8371286926348187,0.19783668129130427,True,6.0
2,1000,6,SSA,30,30,43626.39801350654,74.50987859746374,43776.272945025245,0.6057384418068867,0.16975626453718606,True,5.0
2,1000,6,SSABV,30,30,43736.76358200522,52.696852002660414,43846.173521354656,0.35429196256786993,0.12005952656518087,True,1.0
2,1000,7,BVNS,30,30,50696.021908949544,203.79094623274656,50980.70365627534,0.9991219401873057,0.39796973920197043,True,5.0
2,1000,7,DE,30,30,50442.7099325385,135.95079112858463,50867.79060044579,1.493797994509677,0.26548922751432247,True,7.0
2,1000,7,LXSSA,30,30,50727.2907211032,119.32738567745965,50971.109535265976,0.9380591636116714,0.23302648834789474,True,4.0
2,1000,7,PSOC,30,30,50739.22083741402,134.57673375657166,50936.26630571568,0.9147616356074455,0.2628059225682633,True,2.0
2,1000,7,SLSQP,30,30,50582.541410692065,165.474164380976,50880.25193722891,1.2207304322763322,0.3231434529390257,True,6.0
2,1000,7,SSA,30,30,50731.83659741778,118.77919486888351,51040.211822893936,0.9291818251194556,0.23195596310055094,True,3.0
2,1000,7,SSABV,30,30,50800.032078496806,120.64957742834825,51067.12939856012,0.7960074210476499,0.23560850838363762,True,1.0
2,1000,8,BVNS,30,30,57588.59686131529,311.2653631898374,58152.08880361314,1.596688246572779,0.5318681864358527,True,5.0
2,1000,8,DE,30,30,57210.03764143488,191.794396026058,57840.14787351854,2.243543404734297,0.3277246672663847,True,7.0
2,1000,8,LXSSA,30,30,57645.08880749425,186.63494388683742,57951.23760488597,1.500158813761736,0.31890856121408173,True,3.0
2,1000,8,PSOC,30,30,57616.22192225461,157.69384034919977,57981.52095903221,1.549484500831831,0.2694560551778502,True,4.0
2,1000,8,SLSQP,30,30,57560.82219326468,206.59972336571656,57898.424030495255,1.6441476303395701,0.3530229610470866,True,6.0
2,1000,8,SSA,30,30,57739.34715855974,141.97786048195576,57988.802900037816,1.3390968256115656,0.24260170291586952,True,2.0
2,1000,8,SSABV,30,30,57883.40519364257,179.950754002707,58213.88451951669,1.0929406678052038,0.3074870913947848,True,1.0
2,1000,9,BVNS,30,30,64430.7858025527,311.4548379616555,64972.77168957756,2.1379918571905057,0.4730595088833058,True,3.0
2,1000,9,DE,30,30,63790.06663649536,227.1955170238916,64284.48176671081,3.1111611809064765,0.34508052726746397,True,7.0
2,1000,9,LXSSA,30,30,64428.68125339337,273.06255128282123,64866.45610739877,2.141188394442104,0.4147466041936302,True,4.0
2,1000,9,PSOC,30,30,64308.431725729046,234.80790460949262,64842.16719049102,2.3238318328058316,0.35664275682293195,True,6.0
2,1000,9,SLSQP,30,30,64419.12690649313,268.8220730310799,64864.01683733181,2.155700208359989,0.4083058676414926,True,5.0
2,1000,9,SSA,30,30,64476.379626348054,203.0438553696144,64850.011111004496,2.068740751528128,0.30839728524219207,True,2.0
2,1000,9,SSABV,30,30,64730.419131178365,233.02915392506145,65033.58735387182,1.682887687955624,0.35394106520462687,True,1.0
2,1000,10,BVNS,30,30,71342.32060196117,339.4386054170722,71916.62424914645,2.476240116576444,0.4640069003999956,True,2.0
2,1000,10,DE,30,30,70190.11814782167,286.91702224030286,70716.0057298297,4.051281614056159,0.3922107740165229,True,7.0
2,1000,10,LXSSA,30,30,71099.36744537024,266.90952346407033,71644.84067612661,2.808353021040083,0.36486085758462966,True,5.0
2,1000,10,PSOC,30,30,70985.1596689977,314.3570259503904,71514.41570042145,2.964473142530326,0.42972080046987254,True,6.0
2,1000,10,SLSQP,30,30,71161.41281071518,275.76476787839385,71711.73679668114,2.723538043608401,0.3769658286969314,True,3.0
2,1000,10,SSA,30,30,71139.38672317304,336.7857476937988,71747.77662072817,2.753647337145629,0.4603804882308022,True,4.0
2,1000,10,SSABV,30,30,71541.85474566703,328.798366350093,72076.6628932516,2.2034802770432544,0.44946187143100774,True,1.0
2,1000,11,BVNS,30,30,77948.10511070053,483.2710788936912,78749.35323062039,3.132948271700364,0.6005668069993885,True,2.0
2,1000,11,DE,30,29,75960.89596959991,577.6246230552736,77154.60767837807,5.602477074133305,0.7178210959916403,True,7.0
2,1000,11,LXSSA,30,30,77561.61737451164,498.01733363406976,78546.35927540124,3.6132412497091972,0.6188921558799896,True,5.0
2,1000,11,PSOC,30,29,77501.18553606629,352.0735481855113,78159.4356390694,3.688340625279741,0.4375260509003731,True,6.0
2,1000,11,SLSQP,30,30,77812.35014430554,323.74530221621006,78410.10080201413,3.301652608175016,0.4023221974675865,True,3.0
2,1000,11,SSA,30,30,77697.48997444092,425.848347068688,78332.97744992861,3.444390728620647,0.5292068845718557,True,4.0
2,1000,11,SSABV,30,30,78133.12904862378,465.62207165190875,78973.27113584561,2.9030167892052985,0.5786341725239954,True,1.0
2,1000,12,BVNS,30,30,84485.7371570494,606.770416966344,85488.69618678546,3.7578411318220124,0.6912041822826518,True,2.0
2,1000,12,DE,30,17,82211.64060808325,905.1629946190154,83714.49419735502,6.34838444376983,1.0311189043398203,True,7.0
2,1000,12,LXSSA,30,30,83981.24940908559,514.9760218554359,84871.4747347922,4.332529731583263,0.586636345689717,True,5.0
2,1000,12,PSOC,30,28,83795.72501749273,565.0712197578316,84918.14788844605,4.543870350372113,0.6437024275786979,True,6.0
2,1000,12,SLSQP,30,30,84312.70348534221,466.2968459552987,85072.23960205747,3.9549529128440652,0.5311833291427451,True,3.0
2,1000,12,SSA,30,30,84049.58434347091,660.3145728074726,84924.8900535443,4.254685803925593,0.7521991540533937,True,4.0
2,1000,12,SSABV,30,30,84647.13581654419,650.8049877514228,85677.86606009562,3.5739834068271596,0.7413662841923678,True,1.0
2,1000,13,BVNS,30,30,90787.79574870419,806.9461547987338,92374.20344124868,4.5343081483182095,0.8485245436307975,True,3.0
2,1000,13,DE,30,4,88665.06964809282,496.0031508999173,89086.96759438107,6.766408995522439,0.5215600133341796,False,7.0
2,1000,13,LXSSA,30,30,90303.53763530162,674.202263340858,91400.66335290248,5.043517953992195,0.7089409428549038,True,4.0
2,1000,13,PSOC,30,22,90139.08502827222,533.8971357967133,91191.39487731528,5.216444081093331,0.5614065087288127,True,6.0
2,1000,13,SLSQP,30,30,90837.90633748983,571.9716741804499,91951.68810130574,4.481615581128266,0.6014428607380351,True,2.0
2,1000,13,SSA,30,30,90266.9953918725,482.5701258163346,91183.7103590502,5.081943058622214,0.5074348435061204,True,5.0
2,1000,13,SSABV,30,30,91179.39391817564,556.3957735012875,92418.48937590775,4.122532646246082,0.5850644023528903,True,1.0
2,1000,14,BVNS,30,30,97079.09551194916,980.2791322769035,98446.47226776526,5.210356404328232,0.9571608499521377,True,3.0
2,1000,14,DE,30,0,,,,,,False,7.0
2,1000,14,LXSSA,30,30,96229.5830752377,1019.3402411615174,97773.16693511876,6.039834477659266,0.9953007663790351,True,6.0
2,1000,14,PSOC,30,18,96266.16071827154,730.7127901651119,97564.11228849425,6.004119458597092,0.7134801224226931,True,5.0
2,1000,14,SLSQP,30,30,97276.37504400995,405.26019776251127,98126.56908846,5.017729387830504,0.3957027978767171,True,2.0
2,1000,14,SSA,30,30,96936.51306175713,669.266756693111,98066.45105682782,5.349576280300777,0.6534831932953328,True,4.0
2,1000,14,SSABV,30,30,97590.4044901365,615.0247812610633,98469.47997361522,4.711105813312183,0.600520426264854,True,1.0
2,1000,15,BVNS,30,30,103777.57269624862,794.3535866123652,104840.0376348391,5.4251950733875445,0.7239120509833962,True,3.0
2,1000,15,DE,30,0,,,,,,False,7.0
2,1000,15,LXSSA,30,29,102327.35926600828,838.6529228010293,104166.05071083928,6.7468067540574665,0.7642830190988675,True,5.0
2,1000,15,PSOC,30,9,101804.8440228295,571.6042329727339,102655.40505897418,7.222986490304095,0.5209156219798193,False,6.0
2,1000,15,SLSQP,30,30,103853.30804702309,475.20454123830933,105183.68193564596,5.356175767583313,0.4330644436963018,True,2.0
2,1000,15,SSA,30,30,102746.32419932178,827.7693033675434,104078.34766750914,6.364994713076403,0.7543645351906895,True,4.0
2,1000,15,SSABV,30,30,104035.26335228611,475.3821672262249,104866.260002224,5.190355860126227,0.43322631820079005,True,1.0
