Algorithm,Dataset,Radius,Turbines,Seed,Budget,Init,Calls,Objective,Ideal,WakeLoss,Feasible,MinSpacing,Seconds,Coordinates,Curve
SSABV,HR,0,16,6,120030,random,120030,139.43140179479752,148.8071781197679,9.375776324970388,True,363.2703476806767,112.993321649,762.52 636.14;-894.32 437.02;-787.30 -434.21;938.64 -807.44;-942.09 833.77;259.40 290.80;459.02 -810.72;211.12 794.39;-623.76 27.89;-217.29 -645.22;-742.84 -794.75;-477.49 361.42;-372.94 -288.19;590.91 -311.82;274.65 -73.73;-311.28 833.91,nan;nan;nan;nan;nan;nan;nan;nan;nan;nan;nan;nan;nan;nan;nan;nan;nan;nan;nan;nan;nan;nan;nan;nan;nan;nan;nan;nan;nan;nan;nan;nan;nan;nan;nan;nan;nan;nan;nan;nan;nan;nan;nan;nan;nan;134.9005;135.9159;136.1464;136.2890;136.6753;136.8279;136.8388;136.9888;137.2020;137.2020;137.2020;137.2020;137.2288;137.3143;137.3500;137.3582;137.5222;137.5398;137.5799;137.6094;137.6288;137.6335;137.6384;137.6732;137.7057;137.7085;137.7103;137.7137;137.7189;137.7253;137.7305;137.7330;137.7364;137.7404;137.7425;137.7454;137.7474;137.7486;137.7498;137.7507;137.7514;137.7520;137.7523;137.7527;137.7529;137.7530;137.7532;137.7533;137.7533;137.7534;137.7534;137.7534;137.7535;137.7535;137.7535;138.0740;138.3335;138.3543;138.3726;138.3855;138.3949;138.4020;138.4029;138.4029;138.4029;138.4029;138.4029;138.4029;138.4029;138.4029;138.4029;138.4029;138.4029;138.4029;138.4029;138.4029;138.4029;138.4029;138.4029;138.5219;138.9028;138.9662;139.0334;139.0743;139.0883;139.0991;139.1133;139.1220;139.1479;139.1547;139.1580;139.1581;139.1581;139.1581;139.1581;139.1581;139.1581;139.1581;139.1877;139.1964;139.2035;139.2099;139.2151;139.2168;139.2168;139.2168;139.2168;139.2509;139.3475;139.3740;139.4171;139.4263;139.4306;139.4314;139.4314;139.4314;139.4314;139.4314;139.4314;139.4314;139.4314;139.4314;139.4314;139.4314;139.4314;139.4314;139.4314;139.4314;139.4314;139.4314;139.4314;139.4314;139.4314;139.4314;139.4314;139.4314;139.4314;139.4314;139.4314;139.4314;139.4314;139.4314;139.4314;139.4314;139.4314;139.4314;139.4314;139.4314;139.4314;139.4314;139.4314;139.4314;139.4314;139.4314;139.4314
RSVNS,HR,0,16,10,120030,random,120030,139.64123661084548,148.8071781197679,9.16594150892243,True,321.7790658870446,116.23266417199999,647.67 -798.21;201.05 -820.21;-421.93 792.37;843.80 -38.55;-788.72 -393.99;333.50 386.42;803.92 300.20;-710.63 -833.62;755.44 683.28;-850.02 341.50;128.26 753.60;520.85 -432.16;-556.39 12.82;-310.18 436.32;5.33 -564.80;-926.99 705.79,nan;nan;nan;nan;nan;nan;nan;nan;nan;nan;nan;nan;nan;nan;nan;nan;nan;nan;nan;nan;nan;nan;nan;nan;nan;nan;nan;nan;nan;nan;nan;nan;nan;nan;nan;nan;nan;nan;nan;nan;nan;nan;nan;nan;nan;nan;nan;nan;nan;nan;nan;nan;nan;nan;nan;nan;nan;nan;nan;nan;nan;nan;nan;nan;nan;nan;nan;nan;nan;nan;nan;nan;nan;nan;nan;nan;nan;nan;nan;nan;nan;nan;nan;nan;nan;nan;nan;nan;nan;nan;nan;nan;nan;nan;nan;nan;nan;nan;nan;nan;136.8479;137.4036;137.7010;137.8675;137.8897;137.9076;137.9642;137.9851;138.0154;138.0409;138.0478;138.0673;138.0673;138.0673;138.0673;138.2074;138.3205;138.3436;138.3544;138.3616;138.3688;138.3793;138.3861;138.3917;138.3920;138.3920;138.3920;138.3920;138.3920;138.5100;138.5956;138.6484;138.6921;138.7063;138.7156;138.7228;138.7313;138.7949;138.7964;138.7964;138.7964;138.7964;138.9633;139.0041;139.0745;139.0844;139.1816;139.2069;139.2142;139.2168;139.2168;139.2168;139.2168;139.2168;139.2168;139.2168;139.2168;139.2168;139.2168;139.2168;139.2168;139.2168;139.2168;139.2168;139.2168;139.2168;139.2168;139.2168;139.2168;139.2168;139.2168;139.2168;139.2168;139.2168;139.2168;139.2168;139.2168;139.3149;139.3754;139.4102;139.4225;139.4308;139.4368;139.4609;139.4961;139.4989;139.4989;139.4989;139.4989;139.4989;139.4989;139.4989;139.5830;139.5990;139.6049;139.6395;139.6412;139.6412;139.6412;139.6412
LXSSA,HR,0,16,4,120030,random,120030,136.84499229553126,148.8071781197679,11.962185824236656,True,324.1199940575664,113.63062463700001,349.11 716.96;742.40 -638.53;-872.40 349.87;648.82 -240.15;283.58 -13.39;-198.92 -43.87;100.55 -687.51;-793.22 -204.94;640.51 564.82;-313.16 308.07;-562.39 -667.29;-745.93 753.94;328.21 -399.26;480.48 244.06;-220.56 -551.10;435.55 -834.68,nan;nan;nan;nan;nan;nan;nan;nan;nan;nan;nan;nan;nan;nan;nan;nan;nan;nan;nan;nan;nan;nan;nan;nan;135.0552;135.0552;135.1364;135.2908;135.2908;135.2908;135.2908;135.2908;135.2908;135.3066;135.4229;135.4229;135.4482;135.4482;135.4482;135.4482;135.4482;135.5149;135.5149;135.5149;135.5149;135.5149;135.7564;135.7697;135.7697;135.7697;135.8195;135.8587;135.8587;135.8587;135.9579;135.9579;135.9744;135.9744;135.9744;136.0079;136.0079;136.0079;136.0079;136.0467;136.0467;136.0467;136.0467;136.0467;136.0467;136.0467;136.0635;136.0635;136.0635;136.0635;136.0635;136.0635;136.0635;136.0635;136.0635;136.0635;136.0635;136.0635;136.0635;136.0635;136.0635;136.1884;136.1884;136.2046;136.2046;136.2046;136.2047;136.2047;136.2047;136.2047;136.2047;136.2051;136.2051;136.2051;136.2056;136.2056;136.2060;136.2060;136.2060;136.2060;136.2060;136.2063;136.2063;136.2073;136.2073;136.2073;136.2958;136.2972;136.3976;136.4202;136.4205;136.4215;136.4261;136.4637;136.4689;136.4703;136.4935;136.4946;136.4978;136.4982;136.4991;136.4995;136.5015;136.5024;136.5027;136.5073;136.5097;136.5102;136.5141;136.5287;136.5476;136.5512;136.5566;136.5711;136.6299;136.6539;136.6756;136.6878;136.6915;136.7531;136.7548;136.7594;136.7641;136.7676;136.7749;136.7800;136.7852;136.7885;136.7934;136.7951;136.7962;136.7987;136.8016;136.8042;136.8093;136.8130;136.8176;136.8203;136.8228;136.8240;136.8250;136.8265;136.8285;136.8295;136.8301;136.8310;136.8316;136.8321;136.8339;136.8345;136.8355;136.8359;136.8374;136.8383;136.8384;136.8391;136.8397;136.8401;136.8405;136.8408;136.8409;136.8412;136.8421;136.8423;136.8424;136.8426;136.8436;136.8437;136.8438;136.8438;136.8443;136.8444;136.8444;136.8447;136.8449;136.8450
DE,HR,0,16,8,120030,random,120030,140.02188932492942,148.8071781197679,8.785288794838493,True,356.7654149110689,123.25025634000002,-839.10 221.94;-455.72 834.83;853.37 -101.93;80.18 -810.59;-800.67 -260.22;-739.17 -827.26;-925.23 691.15;789.44 319.89;-264.24 448.33;-144.26 -11.37;-373.07 -769.68;375.17 -323.20;740.11 819.53;896.88 -456.04;264.68 817.42;752.10 -831.66,nan;nan;nan;nan;nan;nan;nan;nan;nan;nan;nan;nan;nan;nan;nan;nan;nan;nan;nan;nan;nan;nan;nan;nan;nan;nan;nan;nan;nan;nan;nan;nan;nan;nan;nan;nan;nan;nan;nan;nan;nan;136.3082;136.5451;137.0606;137.6266;137.7561;138.0373;138.3716;138.4692;138.6896;138.8646;138.8646;138.8646;138.8646;138.8646;138.8646;138.9480;138.9480;138.9600;138.9600;139.0035;139.0035;139.0035;139.2115;139.2115;139.2241;139.2241;139.2859;139.4466;139.4466;139.4466;139.5378;139.5378;139.5919;139.6872;139.7705;139.8227;139.8341;139.8764;139.8764;139.8801;139.8808;139.9082;139.9324;139.9379;139.9410;139.9444;139.9484;139.9525;139.9563;139.9581;139.9610;139.9632;139.9649;139.9662;139.9673;139.9698;139.9706;139.9715;139.9723;139.9732;139.9741;139.9754;139.9767;139.9778;139.9787;139.9791;139.9796;139.9805;139.9812;139.9816;139.9821;139.9825;139.9828;139.9833;139.9837;139.9841;139.9843;139.9845;139.9847;139.9849;139.9853;139.9857;139.9862;139.9865;139.9870;139.9876;139.9879;139.9884;139.9887;139.9890;139.9895;139.9899;139.9907;139.9918;139.9939;139.9944;139.9953;139.9964;139.9970;139.9986;139.9992;140.0000;140.0006;140.0014;140.0025;140.0032;140.0037;140.0043;140.0050;140.0054;140.0063;140.0073;140.0092;140.0101;140.0116;140.0125;140.0131;140.0137;140.0146;140.0154;140.0160;140.0162;140.0164;140.0167;140.0169;140.0174;140.0175;140.0177;140.0178;140.0180;140.0182;140.0186;140.0188;140.0192;140.0194;140.0197;140.0199;140.0203;140.0204;140.0206;140.0207;140.0208;140.0209;140.0210;140.0210;140.0211;140.0212;140.0213;140.0213;140.0214;140.0216;140.0216;140.0217;140.0217;140.0218;140.0218;140.0218;140.0219;140.0219
SSABV,HR,0,16,2,30030,random,30030,137.43948624743243,148.8071781197679,11.367691872335485,True,321.2325797450368,28.86222057400002,-516.18 -834.57;-716.06 669.48;526.29 40.63;170.26 264.92;63.94 -833.89;-304.94 819.67;283.64 -503.37;749.22 504.83;-326.41 -292.01;451.64 833.15;122.20 618.93;-816.44 -38.98;-296.18 264.61;-94.40 -28.88;-585.00 -520.80;850.16 -99.84,nan;nan;nan;nan;nan;nan;nan;nan;nan;nan;nan;nan;nan;nan;nan;nan;nan;nan;nan;nan;nan;nan;nan;nan;nan;nan;nan;nan;nan;nan;nan;nan;nan;nan;nan;nan;nan;nan;nan;nan;nan;nan;nan;nan;nan;nan;nan;nan;nan;nan;134.6291;135.3228;135.4363;135.4363;135.4363;135.5575;135.5575;135.6406;135.6894;135.7129;135.8637;135.8637;135.8637;135.9787;136.0341;136.0341;136.1657;136.1657;136.1657;136.1690;136.1898;136.1901;136.2151;136.2217;136.2262;136.2283;136.2309;136.2331;136.2345;136.2357;136.2366;136.2373;136.2379;136.2384;136.2388;136.2391;136.2393;136.2395;136.2396;136.2397;136.2398;136.2399;136.2399;136.2399;136.2400;136.2400;136.2400;136.2400;136.2400;136.2400;136.4162;136.5427;136.6660;136.7721;136.8535;136.9911;137.0669;137.1293;137.1737;137.1966;137.2047;137.2090;137.2344;137.2402;137.2424;137.2476;137.2516;137.2534;137.2561;137.2591;137.2644;137.2698;137.2721;137.2746;137.2774;137.2801;137.2816;137.2833;137.2863;137.2885;137.2902;137.2932;137.2948;137.2975;137.2991;137.3001;137.3015;137.3038;137.3059;137.3083;137.3102;137.3119;137.3142;137.3156;137.3167;137.3184;137.3268;137.3298;137.3566;137.3584;137.3609;137.3640;137.3668;137.3684;137.3695;137.3699;137.3712;137.3725;137.3757;137.3765;137.3779;137.3810;137.3824;137.3825;137.3825;137.3825;137.3825;137.3825;137.3825;137.3825;137.3825;137.3825;137.3825;137.3825;137.3825;137.3825;137.3825;137.3825;137.3825;137.3825;137.3825;137.3825;137.3825;137.3825;137.3825;137.3825;137.3825;137.3825;137.3825;137.3825;137.3825;137.3825;137.3825;137.3825;137.3825;137.3835;137.3914;137.3953;137.3999;137.4048
SSABV,HR,0,16,26,30030,random,30030,139.2257477135157,148.8071781197679,9.581430406252224,True,327.31197452767935,28.17425324499999,-746.56 -762.07;393.16 830.18;234.22 -345.15;833.09 -200.75;-9.25 -80.58;808.65 256.48;530.19 75.03;899.22 -807.17;-163.97 328.17;-290.71 826.38;575.10 -761.54;-941.40 825.18;-577.67 519.96;-163.97 -821.78;755.12 686.10;193.17 -803.36,nan;nan;nan;nan;nan;nan;nan;nan;nan;nan;nan;nan;nan;nan;nan;nan;nan;nan;nan;nan;nan;nan;nan;nan;nan;nan;nan;nan;nan;nan;nan;nan;nan;nan;nan;nan;nan;nan;nan;nan;nan;nan;nan;nan;nan;nan;nan;nan;nan;nan;nan;136.3463;136.3750;136.3750;136.3902;136.3902;136.6517;136.6517;136.7104;136.8010;136.8010;136.8010;136.9328;136.9328;136.9328;136.9346;136.9415;136.9498;136.9552;136.9814;137.0352;137.0375;137.0407;137.0473;137.0509;137.0536;137.0725;137.0744;137.0756;137.0762;137.0767;137.0772;137.0778;137.0782;137.0786;137.0789;137.0790;137.0792;137.0793;137.0794;137.0795;137.0795;137.0795;137.0796;137.0796;137.0796;137.0796;137.0796;137.0796;137.0796;137.2323;137.3172;137.4363;137.5412;137.7087;137.7440;137.7977;137.8365;137.8606;137.9101;137.9171;137.9206;137.9233;137.9264;137.9290;137.9316;137.9332;137.9359;137.9374;137.9392;137.9406;137.9432;137.9573;137.9580;138.0165;138.0183;138.0208;138.0227;138.0242;138.0268;138.0282;138.0282;138.0282;138.0282;138.0282;138.0282;138.0282;138.0282;138.0282;138.0282;138.0282;138.0282;138.0282;138.0282;138.0282;138.0282;138.0365;138.0758;138.1285;138.1869;138.2559;138.2730;138.2824;138.3874;138.4543;138.4957;138.5072;138.5089;138.5119;138.5128;138.5156;138.5648;138.5670;138.5688;138.5708;138.5724;138.5733;138.5757;138.5767;138.5768;138.5768;138.5768;138.5768;138.5768;138.5768;138.5768;138.5768;138.5768;138.5768;138.5768;138.5768;138.6974;138.7569;138.8969;138.9508;138.9825;139.0723;139.0766;139.0769;139.1933;139.1972;139.2024;139.2044;139.2076;139.2105;139.2124;139.2161;139.2193;139.2215;139.2252
LXBV,HR,0,16,20,30030,random,30030,138.82747695901534,148.8071781197679,9.979701160752569,True,335.3704643671131,28.387995443999984,296.93 -792.77;143.55 -371.09;447.66 574.06;6.39 -30.33;750.81 731.27;-583.44 -833.84;-693.61 822.81;899.83 -700.47;-105.62 312.77;-862.37 370.07;-678.74 89.44;-168.42 -831.06;-354.55 -548.45;-397.63 492.06;713.49 -204.40;-757.42 -370.06,nan;nan;nan;nan;nan;nan;nan;nan;nan;nan;nan;nan;nan;nan;nan;nan;nan;nan;nan;nan;nan;nan;nan;nan;nan;nan;nan;nan;nan;nan;nan;nan;nan;nan;nan;nan;nan;nan;nan;nan;nan;nan;nan;nan;nan;nan;nan;nan;nan;136.1229;136.1229;136.3472;136.3472;136.4818;136.6472;136.6472;136.6472;136.6472;136.6900;136.6921;136.7868;136.7868;136.7868;136.7868;136.7871;136.8072;136.8470;136.8472;136.8480;136.8493;136.8530;136.8658;136.9053;136.9105;136.9433;136.9743;136.9769;136.9780;136.9803;136.9815;136.9820;136.9830;136.9851;136.9856;136.9859;136.9866;136.9868;136.9870;136.9876;136.9878;136.9878;136.9879;136.9879;136.9881;136.9881;136.9884;136.9885;136.9920;136.9930;136.9930;137.1495;137.4052;137.5048;137.6341;137.7321;137.8416;137.8490;137.9855;138.0721;138.0899;138.2478;138.2901;138.3247;138.3487;138.3547;138.3587;138.3829;138.3875;138.3909;138.3949;138.3978;138.4009;138.4029;138.4032;138.4059;138.4094;138.4106;138.4117;138.4128;138.4137;138.4149;138.4518;138.4526;138.4544;138.4546;138.4574;138.4595;138.4625;138.4635;138.4640;138.4929;138.4929;138.4929;138.4929;138.4929;138.4929;138.4929;138.4929;138.4929;138.4929;138.4929;138.4929;138.4929;138.4929;138.4929;138.4929;138.4929;138.4929;138.5112;138.5186;138.5286;138.5309;138.5802;138.5820;138.6044;138.6180;138.6277;138.6320;138.6360;138.6384;138.6897;138.6919;138.6931;138.6940;138.6945;138.7034;138.7584;138.7608;138.7642;138.7658;138.7693;138.7716;138.7744;138.7774;138.7796;138.7810;138.7828;138.7842;138.7854;138.7864;138.7876;138.7891;138.7907;138.7913;138.7918;138.8221;138.8246;138.8267;138.8273;138.8275
RSVNS,HR,0,16,14,30030,random,30030,138.49568395381272,148.8071781197679,10.311494165955196,True,328.25284012345,29.42884025700002,490.90 800.73;214.55 -489.24;925.75 -830.11;-809.07 151.96;-79.07 466.12;744.35 532.53;-685.01 -769.75;327.12 339.51;-186.81 -494.97;880.99 -386.31;-70.24 811.30;372.95 -105.62;726.77 204.75;-187.50 49.68;428.68 -825.57;-856.95 527.49,nan;nan;nan;nan;nan;nan;nan;nan;nan;nan;nan;nan;nan;nan;nan;nan;nan;nan;nan;nan;nan;nan;nan;nan;nan;nan;nan;nan;nan;nan;nan;nan;nan;nan;nan;nan;nan;nan;nan;nan;nan;nan;nan;nan;nan;nan;nan;nan;nan;nan;nan;nan;nan;nan;nan;nan;nan;nan;nan;nan;nan;nan;nan;nan;nan;nan;nan;nan;nan;nan;nan;nan;nan;nan;nan;nan;nan;nan;nan;nan;nan;nan;nan;nan;nan;nan;nan;nan;nan;nan;nan;nan;nan;nan;nan;nan;nan;nan;nan;nan;nan;135.9113;136.5854;136.9657;137.3036;137.4664;137.5879;137.6262;137.8036;137.8166;137.8724;137.8825;137.9790;138.0152;138.0462;138.1105;138.1330;138.1415;138.1492;138.1546;138.1635;138.1661;138.1704;138.1739;138.1773;138.1815;138.1845;138.1924;138.1947;138.2393;138.2418;138.2446;138.2470;138.2496;138.2520;138.2544;138.2565;138.2581;138.2596;138.2622;138.2635;138.2659;138.2678;138.2702;138.2726;138.2746;138.2757;138.2771;138.2779;138.3233;138.3245;138.3263;138.3286;138.3308;138.3337;138.3351;138.3364;138.3364;138.3364;138.3364;138.3364;138.3364;138.3364;138.3364;138.3364;138.3364;138.3364;138.3364;138.3364;138.3364;138.3364;138.3364;138.3364;138.3364;138.3364;138.4454;138.4472;138.4514;138.4546;138.4586;138.4615;138.4621;138.4643;138.4660;138.4680;138.4701;138.4718;138.4733;138.4756;138.4773;138.4785;138.4813;138.4831;138.4858;138.4890;138.4916;138.4934;138.4943;138.4952;138.4957
BVNS,HR,0,16,8,30030,random,30030,137.68330284845374,148.8071781197679,11.123875271314176,True,334.43556124731043,26.599583901000017,410.16 -193.30;127.52 362.82;-156.48 539.42;915.11 -833.57;727.81 579.45;498.40 823.69;783.93 237.82;-352.06 833.49;-757.70 277.86;-237.18 178.84;-931.00 744.28;-650.95 -515.88;-361.76 -827.98;464.88 342.73;-1.81 -115.32;876.90 -322.37,nan;nan;nan;nan;nan;nan;nan;nan;nan;nan;nan;134.8132;135.1529;135.4379;135.5325;135.6327;135.7018;135.8310;135.9905;136.0796;136.2576;136.4134;136.5623;136.6452;136.6564;136.7046;136.7457;136.7523;136.7895;136.7997;136.8050;136.8111;136.8186;136.8273;136.8310;136.8378;136.8540;136.9029;136.9211;136.9286;136.9915;137.1507;137.1541;137.1594;137.1643;137.1695;137.1718;137.1732;137.1751;137.2101;137.2129;137.2158;137.2174;137.2199;137.2216;137.2225;137.2240;137.2247;137.2254;137.2290;137.2295;137.2328;137.2349;137.2367;137.2415;137.2435;137.2454;137.2487;137.2507;137.3503;137.3517;137.3531;137.3539;137.3542;137.3551;137.3556;137.3582;137.3582;137.3582;137.3582;137.3582;137.3582;137.3582;137.3582;137.3582;137.3582;137.3582;137.3582;137.3582;137.3582;137.3582;137.3582;137.3582;137.3582;137.3890;137.4475;137.4591;137.4649;137.4715;137.4747;137.4774;137.4833;137.4876;137.4907;137.4944;137.4995;137.5022;137.5054;137.5076;137.5338;137.5353;137.5387;137.5404;137.5416;137.5467;137.5507;137.5529;137.5553;137.5580;137.5591;137.5601;137.5607;137.5612;137.5612;137.5612;137.5612;137.5612;137.5612;137.5612;137.5612;137.5612;137.5612;137.5612;137.5612;137.5612;137.5612;137.5612;137.5612;137.5612;137.5612;137.5612;137.5612;137.5612;137.5612;137.5612;137.5612;137.5612;137.5612;137.5612;137.5612;137.5612;137.5612;137.5612;137.5612;137.5612;137.5612;137.5612;137.5612;137.5612;137.5612;137.5612;137.5721;137.5738;137.5751;137.5766;137.5774;137.5782;137.5839;137.5866;137.5885;137.5912;137.5940;137.5967;137.5986;137.6015;137.6037;137.6070;137.6097;137.6120;137.6141;137.6303;137.6661;137.6698;137.6715;137.6734;137.6748;137.6767;137.6786;137.6800;137.6807;137.6822;137.6829;137.6833;137.6833;137.6833;137.6833;137.6833;137.6833;137.6833;137.6833
SSA,HR,0,16,2,30030,random,30030,136.8747777170518,148.8071781197679,11.932400402716098,True,336.53814872773046,29.228572387000014,-317.16 -779.13;-798.47 206.08;786.41 388.37;90.76 -13.74;135.84 -808.49;-336.19 834.83;576.17 -552.44;444.35 501.13;-235.04 -431.04;319.33 830.63;-51.48 457.18;-586.87 -251.35;-402.59 30.25;479.49 -41.06;-763.97 -625.47;840.77 0.61,nan;nan;nan;nan;nan;nan;nan;nan;nan;nan;nan;nan;nan;nan;nan;nan;nan;nan;nan;nan;nan;nan;nan;nan;nan;nan;nan;nan;nan;nan;nan;nan;nan;nan;nan;nan;nan;nan;nan;nan;nan;nan;nan;nan;nan;nan;nan;nan;nan;nan;nan;nan;nan;nan;nan;nan;nan;nan;nan;nan;nan;nan;nan;nan;nan;nan;nan;nan;nan;nan;nan;nan;nan;nan;nan;nan;nan;nan;nan;nan;nan;nan;nan;nan;nan;nan;nan;nan;nan;nan;nan;nan;nan;135.2555;135.2555;135.3852;135.6029;135.8529;136.0264;136.0264;136.0264;136.0264;136.0264;136.0264;136.0264;136.0264;136.0264;136.0287;136.2285;136.2285;136.2285;136.2285;136.2900;136.2900;136.2900;136.4076;136.4076;136.4076;136.4076;136.4076;136.4248;136.4727;136.5439;136.5517;136.5517;136.5553;136.5557;136.5999;136.6017;136.6017;136.6098;136.7078;136.7426;136.7426;136.7513;136.7518;136.7714;136.7754;136.8192;136.8265;136.8308;136.8365;136.8420;136.8476;136.8532;136.8581;136.8612;136.8618;136.8645;136.8656;136.8681;136.8687;136.8696;136.8704;136.8709;136.8709;136.8713;136.8719;136.8724;136.8727;136.8730;136.8730;136.8735;136.8737;136.8737;136.8738;136.8739;136.8739;136.8739;136.8740;136.8741;136.8743;136.8743;136.8743;136.8743;136.8744;136.8745;136.8745;136.8745;136.8746;136.8746;136.8746;136.8747;136.8747;136.8747;136.8747;136.8747;136.8747;136.8747;136.8747;136.8747;136.8748;136.8748;136.8748;136.8748;136.8748;136.8748;136.8748;136.8748;136.8748
SSA,HR,0,16,26,30030,random,30030,134.315908248513,148.8071781197679,14.4912698712549,True,325.5255701755143,29.581630080999986,-584.51 14.55;449.80 400.87;-596.76 -823.18;783.66 118.80;330.09 -279.24;68.83 775.37;760.54 517.37;-253.96 2.45;510.76 -557.73;-671.63 -495.35;122.39 446.04;576.94 821.27;-19.26 -257.51;81.72 78.00;438.78 74.57;-281.72 -450.08,nan;nan;nan;nan;nan;nan;nan;nan;nan;nan;nan;nan;nan;nan;nan;nan;nan;nan;nan;nan;nan;nan;nan;nan;nan;nan;nan;nan;nan;nan;nan;nan;nan;nan;nan;nan;nan;nan;nan;nan;nan;nan;nan;nan;nan;nan;nan;nan;nan;nan;nan;nan;nan;nan;nan;nan;nan;nan;nan;nan;nan;nan;nan;nan;nan;nan;nan;nan;nan;nan;nan;nan;nan;nan;nan;nan;nan;nan;nan;nan;nan;nan;nan;nan;nan;nan;nan;nan;nan;nan;nan;nan;nan;nan;nan;nan;nan;nan;nan;nan;nan;nan;nan;nan;nan;nan;nan;133.1565;133.5053;133.5053;133.5053;133.5053;133.5053;133.5053;133.6801;133.7592;133.8914;133.8914;133.8914;133.8914;133.9295;133.9743;133.9743;133.9743;133.9743;133.9743;133.9743;134.0084;134.0247;134.0247;134.0247;134.0309;134.0309;134.0309;134.0309;134.0746;134.0768;134.0813;134.0845;134.0933;134.1010;134.1499;134.1977;134.2030;134.2058;134.2122;134.2208;134.2273;134.2779;134.2809;134.2851;134.2881;134.2913;134.2941;134.2971;134.2996;134.3014;134.3030;134.3047;134.3062;134.3073;134.3080;134.3091;134.3101;134.3109;134.3116;134.3121;134.3126;134.3129;134.3133;134.3136;134.3140;134.3143;134.3145;134.3147;134.3149;134.3150;134.3152;134.3153;134.3153;134.3154;134.3155;134.3155;134.3156;134.3156;134.3157;134.3157;134.3157;134.3158;134.3158;134.3158;134.3158;134.3159;134.3159;134.3159;134.3159;134.3159;134.3159;134.3159;134.3159
LXSSA,HR,0,16,20,30030,random,30030,135.64774777185784,148.8071781197679,13.159430347910074,True,323.8291022345944,36.03114133699998,-21.97 -414.75;-135.96 -78.25;243.16 162.24;771.67 553.86;-16.47 833.33;65.13 -783.09;-838.13 834.83;287.39 -319.02;839.01 14.67;-825.81 481.36;-117.06 525.04;-614.25 -491.73;-253.52 230.14;-495.54 506.26;618.39 -225.83;-548.29 78.54,nan;nan;nan;nan;nan;nan;nan;nan;nan;nan;nan;nan;nan;nan;nan;nan;nan;nan;nan;nan;nan;nan;nan;nan;nan;nan;nan;nan;nan;nan;nan;nan;nan;nan;nan;nan;nan;nan;nan;nan;nan;nan;nan;nan;nan;nan;nan;nan;nan;nan;nan;nan;nan;nan;nan;nan;nan;nan;nan;nan;nan;nan;nan;nan;nan;nan;nan;nan;nan;nan;nan;nan;nan;nan;nan;nan;nan;nan;nan;nan;nan;nan;nan;nan;nan;nan;nan;nan;nan;nan;nan;nan;nan;nan;nan;nan;nan;nan;nan;nan;nan;nan;nan;nan;nan;nan;nan;nan;nan;nan;nan;nan;nan;nan;nan;nan;nan;nan;nan;nan;nan;134.5324;134.5330;134.5330;134.6966;134.9462;135.0139;135.0933;135.1362;135.1663;135.1669;135.1998;135.2700;135.3895;135.3964;135.3977;135.4026;135.4203;135.4276;135.4292;135.4309;135.5029;135.5060;135.5068;135.5079;135.5158;135.5758;135.6316;135.6327;135.6345;135.6350;135.6365;135.6381;135.6391;135.6398;135.6410;135.6415;135.6416;135.6423;135.6427;135.6432;135.6436;135.6439;135.6443;135.6446;135.6449;135.6454;135.6456;135.6458;135.6459;135.6460;135.6462;135.6464;135.6464;135.6466;135.6467;135.6467;135.6468;135.6468;135.6470;135.6470;135.6471;135.6472;135.6472;135.6473;135.6473;135.6473;135.6474;135.6474;135.6474;135.6474;135.6474;135.6474;135.6474;135.6474;135.6474;135.6475;135.6475;135.6476;135.6477
PSOC,HR,0,16,14,30030,random,30030,139.6070218168284,148.8071781197679,9.200156302939519,True,354.59382140134227,54.815120913999976,287.99 833.95;-491.73 822.64;-943.16 833.83;451.32 -635.83;-93.28 207.62;-376.62 -266.90;-733.78 -808.55;-883.31 348.05;-334.84 -834.33;874.96 -834.23;-798.83 -180.34;33.14 -289.52;762.51 0.96;38.76 -828.22;458.41 523.00;871.02 -391.08,nan;nan;nan;nan;nan;nan;nan;nan;nan;nan;nan;nan;nan;nan;nan;nan;nan;136.0720;136.7149;136.8820;136.8820;136.9291;137.1394;137.1394;137.1394;137.2596;137.5385;137.5543;137.7544;137.7544;137.7861;137.8713;138.0023;138.0202;138.1798;138.2195;138.2728;138.2728;138.3127;138.4724;138.4724;138.4724;138.4799;138.5362;138.5665;138.5665;138.5808;138.5808;138.5972;138.7130;138.7239;138.8871;138.8926;138.9060;138.9950;139.0690;139.0690;139.0716;139.0745;139.0893;139.1111;139.1127;139.1144;139.1161;139.1187;139.1245;139.1254;139.1303;139.1317;139.1343;139.1353;139.1638;139.1638;139.1644;139.1644;139.1644;139.1644;139.1660;139.1662;139.1662;139.1662;139.1662;139.1697;139.1719;139.1756;139.1772;139.1777;139.2159;139.2159;139.2160;139.2186;139.3354;139.3359;139.3359;139.3362;139.3388;139.3388;139.3389;139.3397;139.3398;139.3407;139.3458;139.3461;139.3461;139.3468;139.3469;139.3471;139.3474;139.3474;139.3476;139.3477;139.3477;139.3477;139.3478;139.3483;139.3486;139.3489;139.3495;139.3500;139.3500;139.3511;139.3514;139.3514;139.3518;139.3521;139.4426;139.4426;139.4438;139.4438;139.4448;139.4461;139.4468;139.4468;139.4472;139.4731;139.4964;139.4964;139.4965;139.4971;139.4975;139.4984;139.4984;139.4989;139.4995;139.4998;139.4999;139.5000;139.5001;139.5004;139.5019;139.5028;139.5064;139.5090;139.5090;139.5093;139.5098;139.5102;139.5106;139.5112;139.5114;139.5301;139.5330;139.5755;139.5925;139.5940;139.5945;139.5947;139.5949;139.5951;139.5957;139.5967;139.5971;139.5976;139.5976;139.5978;139.5986;139.5989;139.5995;139.6002;139.6015;139.6028;139.6036;139.6048;139.6048;139.6048;139.6050;139.6050;139.6053;139.6056;139.6057;139.6057;139.6057;139.6059;139.6059;139.6060;139.6061;139.6061;139.6061;139.6064;139.6070
DE,HR,0,16,8,30030,random,30030,138.68958455134344,148.8071781197679,10.117593568424468,True,349.50123663286473,68.73587601399998,-857.58 232.08;-484.64 826.24;806.11 -105.13;33.07 -791.31;-778.66 -260.85;-729.67 -766.14;-904.63 645.42;797.57 304.09;-266.00 477.50;-171.19 -25.55;-363.35 -756.39;340.39 -306.11;745.83 703.56;887.65 -444.98;340.64 783.30;679.87 -788.28,nan;nan;nan;nan;nan;nan;nan;nan;nan;nan;nan;nan;nan;nan;nan;nan;nan;nan;nan;nan;nan;nan;nan;nan;nan;nan;nan;nan;nan;nan;nan;nan;nan;nan;nan;nan;nan;nan;nan;nan;nan;nan;nan;nan;nan;nan;nan;nan;nan;nan;nan;nan;nan;nan;nan;nan;nan;nan;nan;nan;nan;nan;nan;nan;nan;nan;nan;nan;nan;nan;nan;nan;nan;nan;nan;nan;nan;nan;nan;nan;nan;nan;nan;nan;nan;nan;nan;nan;nan;nan;nan;nan;nan;nan;nan;nan;nan;nan;nan;nan;nan;nan;nan;nan;nan;nan;nan;nan;nan;nan;nan;nan;nan;nan;nan;nan;nan;nan;nan;nan;nan;nan;nan;nan;nan;nan;nan;nan;nan;nan;nan;nan;nan;nan;nan;nan;nan;nan;nan;nan;nan;nan;nan;nan;nan;nan;nan;nan;nan;nan;nan;nan;nan;nan;nan;nan;nan;nan;nan;nan;nan;nan;nan;nan;nan;nan;136.3082;136.3082;136.3082;136.4515;136.5451;136.5451;136.8760;136.8760;136.8760;137.0606;137.4552;137.4759;137.4829;137.6266;137.6266;137.7561;137.7561;137.7561;137.7771;137.8518;138.0373;138.0373;138.3716;138.3716;138.3716;138.3716;138.3716;138.3716;138.3716;138.4692;138.4692;138.6637;138.6637;138.6896
SLSQP,HR,0,16,2,30030,random,30030,136.93065991722546,148.8071781197679,11.876518202542456,True,322.34648285677616,71.82803561699998,-789.72 -140.78;530.43 -832.70;-574.42 821.06;137.86 538.12;745.45 -3.62;359.79 -243.92;738.74 827.81;-731.63 518.55;-865.37 200.22;-35.48 186.80;422.65 725.56;-22.42 -810.75;880.30 -329.70;311.99 -595.65;630.57 453.49;-256.90 578.00,135.0856;135.2396;135.2397;135.3188;135.5763;135.5773;135.5773;135.5773;135.5773;135.5773;135.5773;135.5773;135.5773;135.5773;135.5773;135.5773;135.5773;135.5773;135.5773;135.5773;135.5773;135.5773;135.5773;135.5773;135.5773;135.8353;135.8847;135.8847;135.8847;135.8858;135.8858;135.8858;135.8861;135.8861;135.8866;135.8867;135.8867;135.8867;135.8867;135.8867;135.8872;135.8872;135.8872;135.8872;135.8872;135.8872;135.8872;135.8872;135.8872;135.8872;135.8872;135.8872;135.8872;135.8872;135.8872;135.8872;135.8872;135.8872;135.9007;135.9007;135.9007;135.9007;135.9456;135.9456;135.9456;135.9456;135.9456;135.9456;135.9809;136.0076;136.0076;136.0076;136.0076;136.0076;136.0076;136.0076;136.2923;136.3310;136.3601;136.3601;136.3601;136.3601;136.3655;136.3659;136.3659;136.4906;136.4906;136.4906;136.4906;136.4906;136.4906;136.4906;136.6260;136.6489;136.8161;136.8161;136.8161;136.9212;136.9215;136.9216;136.9216;136.9216;136.9216;136.9216;136.9216;136.9216;136.9216;136.9216;136.9216;136.9216;136.9216;136.9216;136.9216;136.9216;136.9216;136.9216;136.9216;136.9216;136.9216;136.9216;136.9216;136.9216;136.9216;136.9216;136.9216;136.9216;136.9307;136.9307;136.9307;136.9307;136.9307;136.9307;136.9307;136.9307;136.9307;136.9307;136.9307;136.9307;136.9307;136.9307;136.9307;136.9307;136.9307;136.9307;136.9307;136.9307;136.9307;136.9307;136.9307;136.9307;136.9307;136.9307;136.9307;136.9307;136.9307;136.9307;136.9307;136.9307;136.9307;136.9307;136.9307;136.9307;136.9307;136.9307;136.9307;136.9307;136.9307;136.9307;136.9307;136.9307;136.9307;136.9307;136.9307;136.9307;136.9307;136.9307;136.9307;136.9307;136.9307;136.9307;136.9307;136.9307;136.9307;136.9307;136.9307;136.9307;136.9307;136.9307;136.9307;136.9307;136.9307;136.9307;136.9307;136.9307;136.9307;136.9307;136.9307;136.9307;136.9307;136.9307
SLSQP,HR,0,16,26,30030,random,30030,137.66437473037055,148.8071781197679,11.142803389397358,True,331.79639578589723,71.54168889900001,781.61 -439.45;-713.53 706.38;84.45 -808.95;-330.36 580.87;-385.84 -412.02;-766.22 -603.08;-490.58 269.98;-561.58 -69.83;394.75 834.76;738.24 834.83;695.46 -110.45;-16.56 831.08;37.89 -235.85;-5.44 143.59;931.24 -735.59;-824.19 349.88,135.7498;135.8340;135.8753;136.1555;136.3717;136.3717;136.3717;136.4100;136.4100;136.4100;136.4100;136.4100;136.4100;136.4101;136.4101;136.4101;136.4101;136.4101;136.4101;136.4102;136.4102;136.4102;136.4102;136.4102;136.4102;136.4111;136.4111;136.4111;136.4111;136.4111;136.4111;136.4111;136.4111;136.4111;136.4111;136.4111;136.4111;136.4111;136.4111;136.4111;136.4111;136.4111;136.4111;136.4111;136.4111;136.4111;136.4111;136.4111;136.4111;136.4111;136.4111;136.4111;136.4111;136.4111;136.4111;136.4111;136.4111;136.4111;136.4111;136.4111;136.4111;136.4111;136.4111;136.4111;136.4111;136.4111;136.4111;136.4111;136.4111;136.4111;136.4111;136.4111;136.4111;136.4111;136.4111;136.4111;136.4111;136.4111;136.4111;136.4111;136.4111;136.4111;136.4111;136.4111;136.4111;136.4111;136.4111;136.4111;136.4111;136.4111;136.4111;136.4111;136.4111;136.4111;136.6537;137.3810;137.3812;137.4093;137.4093;137.4093;137.4093;137.4093;137.4093;137.4093;137.4093;137.4093;137.4093;137.4093;137.4093;137.4093;137.4093;137.4093;137.4093;137.4093;137.4093;137.4093;137.4093;137.4093;137.4093;137.4093;137.4093;137.4093;137.4093;137.4093;137.4093;137.4093;137.4093;137.4093;137.4093;137.4093;137.4093;137.6644;137.6644;137.6644;137.6644;137.6644;137.6644;137.6644;137.6644;137.6644;137.6644;137.6644;137.6644;137.6644;137.6644;137.6644;137.6644;137.6644;137.6644;137.6644;137.6644;137.6644;137.6644;137.6644;137.6644;137.6644;137.6644;137.6644;137.6644;137.6644;137.6644;137.6644;137.6644;137.6644;137.6644;137.6644;137.6644;137.6644;137.6644;137.6644;137.6644;137.6644;137.6644;137.6644;137.6644;137.6644;137.6644;137.6644;137.6644;137.6644;137.6644;137.6644;137.6644;137.6644;137.6644;137.6644;137.6644;137.6644;137.6644;137.6644;137.6644;137.6644;137.6644;137.6644;137.6644;137.6644;137.6644;137.6644;137.6644;137.6644
PSOBV,HR,0,16,20,30030,random,30030,139.51140126591582,148.8071781197679,9.29577685385209,True,332.7285942106002,47.31704035299998,-255.06 -442.27;839.08 13.61;224.11 -357.24;396.71 649.53;-445.92 77.93;452.17 -830.97;-941.97 834.83;596.35 319.49;942.52 -833.72;-873.80 509.16;-754.12 -437.18;-598.76 728.54;-88.37 -822.47;-49.69 689.25;37.84 161.75;-711.76 -833.74,nan;nan;nan;nan;nan;nan;nan;nan;nan;nan;nan;nan;nan;nan;nan;nan;nan;nan;nan;nan;nan;nan;nan;nan;nan;nan;nan;nan;nan;nan;nan;nan;nan;nan;nan;nan;-29888642.6282;-29888642.6282;-29888642.6282;-29888642.6282;-29888642.6282;-16904013.6645;-16904013.6645;-16904013.6645;-16904013.6645;-73400.9380;-73400.9380;-73400.9380;-73400.9380;-73400.9380;-73400.9380;-73400.9380;-73400.9380;-73400.9380;-73400.9380;93.7487;93.7487;93.7487;93.7487;93.7487;127.7131;127.7131;127.7131;127.7131;133.8894;135.7613;135.7613;135.7613;135.7613;135.7613;135.7613;135.7613;135.7613;135.7613;135.7613;135.8179;135.8296;135.9915;136.0379;136.0603;136.0603;136.0603;136.2283;136.4483;137.4285;137.4285;137.4285;137.4285;137.4330;137.4330;137.4760;137.4783;137.4799;137.4807;137.4813;137.4829;137.4842;137.4842;137.4843;137.4843;137.7826;138.0264;138.1210;138.2103;138.4881;138.6185;138.8848;138.9792;139.0232;139.1395;139.2196;139.2814;139.3020;139.3251;139.3311;139.3389;139.3500;139.3576;139.3620;139.3738;139.3778;139.3812;139.3856;139.3884;139.3911;139.3933;139.3945;139.3969;139.3990;139.4004;139.4016;139.4025;139.4042;139.4059;139.4078;139.4093;139.4112;139.4129;139.4500;139.5009;139.5107;139.5112;139.5114;139.5114;139.5114;139.5114;139.5114;139.5114;139.5114;139.5114;139.5114;139.5114;139.5114;139.5114;139.5114;139.5114;139.5114;139.5114;139.5114;139.5114;139.5114;139.5114;139.5114;139.5114;139.5114;139.5114;139.5114;139.5114;139.5114;139.5114;139.5114;139.5114;139.5114;139.5114;139.5114;139.5114;139.5114;139.5114;139.5114;139.5114;139.5114;139.5114;139.5114;139.5114;139.5114;139.5114;139.5114;139.5114;139.5114;139.5114;139.5114;139.5114;139.5114;139.5114;139.5114;139.5114;139.5114;139.5114;139.5114;139.5114
SSABV,HR,0,16,14,6030,random,6030,137.86853089460556,148.8071781197679,10.938647225162356,True,331.30877801065003,11.181655023000019,-201.97 -373.46;-517.44 651.57;433.68 822.33;-554.39 -484.43;729.59 493.94;264.22 -496.76;-206.37 -775.57;-208.10 201.05;531.56 -834.18;910.38 -812.42;-11.20 -102.59;-672.29 -832.78;492.63 -7.07;868.49 -233.33;109.45 644.56;826.83 96.18,nan;nan;nan;nan;nan;nan;nan;nan;nan;nan;nan;nan;nan;nan;nan;nan;nan;nan;nan;nan;nan;nan;nan;nan;nan;nan;nan;nan;nan;nan;nan;nan;nan;nan;nan;nan;nan;nan;nan;nan;nan;nan;nan;nan;nan;nan;nan;nan;nan;nan;nan;nan;nan;nan;nan;nan;nan;nan;135.9856;135.9856;136.0837;136.2299;136.2299;136.2299;136.2299;136.2493;136.2503;136.2789;136.2789;136.2789;136.2815;136.2824;136.2834;136.2845;136.2852;136.2856;136.2863;136.2869;136.2872;136.2873;136.2874;136.2877;136.2878;136.2880;136.2881;136.2881;136.2882;136.2882;136.2883;136.2883;136.2883;136.2883;136.2883;136.2883;136.2883;136.2883;136.2883;136.2883;136.2883;136.2883;136.2883;136.3925;136.4163;136.5205;136.5205;136.5798;136.6052;136.6052;136.6735;136.6735;136.7391;136.7391;136.7394;136.7950;136.7950;136.8308;136.8308;136.8308;136.8530;136.9119;136.9342;136.9342;136.9390;137.0073;137.0222;137.0646;137.0646;137.0759;137.1160;137.1272;137.1810;137.1922;137.1922;137.3168;137.3168;137.3168;137.3168;137.3473;137.3589;137.4203;137.4318;137.4623;137.4645;137.4752;137.4752;137.4860;137.4860;137.4860;137.5142;137.5196;137.5326;137.5326;137.5427;137.5427;137.5461;137.5461;137.6601;137.6601;137.6601;137.6601;137.6616;137.7213;137.7213;137.7811;137.7811;137.7860;137.8048;137.8072;137.8271;137.8295;137.8347;137.8371;137.8384;137.8408;137.8408;137.8423;137.8457;137.8457;137.8475;137.8475;137.8509;137.8509;137.8524;137.8524;137.8524;137.8524;137.8542;137.8543;137.8563;137.8569;137.8589;137.8595;137.8604;137.8615;137.8623;137.8641;137.8649;137.8667;137.8667;137.8685;137.8685
LXBV,HR,0,16,8,6030,random,6030,136.54783350827032,148.8071781197679,12.259344611497596,True,320.037185370139,9.854112395000016,-136.84 -238.51;556.90 834.66;132.08 349.50;858.46 -147.04;563.23 -341.90;678.82 538.76;804.99 240.92;-744.36 496.01;-687.91 -788.45;263.21 654.22;358.16 -57.56;-510.90 750.77;-320.61 -709.52;-154.80 644.02;-10.87 -540.10;896.80 -474.15,nan;nan;nan;nan;nan;nan;nan;nan;nan;nan;nan;nan;nan;nan;nan;nan;nan;nan;nan;nan;nan;nan;nan;nan;nan;nan;nan;nan;nan;nan;nan;nan;nan;nan;nan;nan;nan;nan;nan;nan;nan;nan;nan;nan;nan;nan;nan;nan;nan;nan;nan;nan;nan;nan;nan;nan;nan;nan;nan;nan;nan;nan;nan;nan;nan;nan;nan;nan;nan;nan;nan;nan;nan;nan;nan;nan;nan;nan;nan;nan;nan;nan;nan;nan;nan;nan;nan;nan;nan;nan;nan;nan;nan;nan;nan;nan;nan;nan;nan;nan;nan;nan;nan;nan;nan;nan;nan;nan;nan;nan;nan;nan;nan;nan;nan;nan;nan;nan;nan;nan;nan;nan;nan;nan;nan;135.4568;135.6354;135.6354;135.6874;135.7522;135.7956;135.8549;135.8549;135.9659;135.9659;136.0378;136.0536;136.0953;136.1255;136.1672;136.1672;136.1687;136.1980;136.1995;136.2007;136.2023;136.2035;136.2050;136.2050;136.2062;136.2078;136.2090;136.2105;136.2394;136.2409;136.2422;136.2437;136.2449;136.2465;136.2700;136.2715;136.3644;136.3690;136.3913;136.3951;136.3966;136.3975;136.3990;136.3999;136.4927;136.4927;136.4988;136.5102;136.5118;136.5126;136.5142;136.5150;136.5166;136.5174;136.5190;136.5190;136.5195;136.5211;136.5214;136.5230;136.5233;136.5249;136.5253;136.5269;136.5269;136.5287;136.5287;136.5349;136.5429;136.5446;136.5446;136.5446;136.5446;136.5461;136.5461;136.5478
RSVNS,HR,0,16,2,6030,random,6030,137.97185578950436,148.8071781197679,10.835322330263551,True,342.32004527271636,8.664250245999995,159.69 -755.20;-845.12 232.06;218.56 -191.83;789.48 -295.14;231.74 174.56;6.12 776.14;-235.45 346.16;300.24 582.74;918.01 -708.14;-198.18 -452.88;-563.65 827.45;-180.94 -796.63;-188.58 7.06;783.39 293.58;-657.60 -77.00;-708.24 -793.14,nan;nan;nan;nan;nan;nan;nan;nan;nan;nan;nan;nan;nan;nan;nan;nan;nan;nan;nan;nan;nan;nan;nan;nan;nan;nan;nan;nan;nan;nan;nan;nan;nan;nan;nan;nan;nan;nan;nan;nan;nan;nan;nan;nan;nan;nan;nan;nan;nan;nan;nan;nan;nan;nan;nan;nan;nan;nan;nan;nan;nan;nan;nan;nan;nan;nan;nan;nan;nan;nan;nan;nan;nan;nan;nan;nan;nan;nan;nan;nan;nan;nan;nan;nan;nan;nan;nan;nan;nan;nan;nan;nan;nan;nan;nan;nan;nan;nan;nan;nan;nan;nan;nan;nan;nan;nan;nan;nan;nan;nan;nan;nan;nan;nan;nan;135.6068;135.6068;135.6795;135.8271;135.8416;135.9775;135.9775;136.2174;136.2174;136.3065;136.3414;136.3841;136.4550;136.5158;136.5344;136.6566;136.6566;136.7310;136.7578;136.8321;136.8321;136.8321;136.8688;136.8688;136.9008;136.9103;136.9519;137.0025;137.0452;137.0452;137.0452;137.0839;137.0839;137.1119;137.1119;137.1802;137.1802;137.2060;137.2060;137.2245;137.2245;137.2245;137.2418;137.2418;137.2810;137.2810;137.2959;137.2959;137.2959;137.3854;137.3854;137.3854;137.4280;137.4280;137.4515;137.5466;137.5768;137.5940;137.6045;137.6184;137.6860;137.6860;137.6860;137.7101;137.7101;137.7180;137.7180;137.7771;137.7771;137.7771;137.7828;137.7828;137.8125;137.8125;137.8125;137.8619;137.8619;137.9333;137.9333;137.9333;137.9385;137.9443;137.9495;137.9495;137.9719;137.9719
RSVNS,HR,0,16,26,6030,random,6030,137.77990182569596,148.8071781197679,11.027276294071953,True,332.5942083910299,7.682822230999989,-908.24 563.86;-552.98 -151.93;-325.47 -833.00;353.20 -497.24;254.00 41.56;-91.71 -111.61;-420.08 342.84;-70.19 820.63;-368.67 -503.23;720.94 641.82;-711.37 -451.84;368.69 -834.47;-592.64 689.62;-729.95 -803.80;809.89 -282.81;46.22 381.85,nan;nan;nan;nan;nan;nan;nan;nan;nan;nan;nan;nan;nan;nan;nan;nan;nan;nan;nan;nan;nan;nan;nan;nan;nan;nan;nan;nan;nan;nan;nan;nan;nan;nan;nan;nan;nan;nan;nan;nan;nan;nan;nan;nan;nan;nan;nan;nan;nan;nan;nan;nan;nan;nan;nan;nan;nan;nan;nan;nan;nan;nan;nan;nan;nan;nan;nan;nan;nan;nan;nan;nan;nan;nan;nan;nan;nan;nan;nan;nan;nan;nan;nan;nan;nan;nan;nan;nan;nan;nan;nan;nan;nan;nan;nan;nan;nan;nan;nan;nan;nan;nan;nan;nan;nan;nan;nan;nan;nan;nan;nan;nan;nan;nan;nan;nan;nan;nan;nan;nan;nan;nan;136.1989;136.3154;136.4425;136.4925;136.6280;136.6280;136.7070;136.7384;136.8569;136.8569;136.8569;136.9670;136.9670;137.0021;137.0204;137.0304;137.0383;137.0461;137.1722;137.1800;137.1800;137.1800;137.1800;137.2171;137.2478;137.2849;137.2849;137.3254;137.3254;137.3537;137.3537;137.3537;137.3568;137.3568;137.3568;137.3568;137.4518;137.4518;137.5016;137.5016;137.5130;137.5130;137.5366;137.5550;137.5664;137.5936;137.6050;137.6097;137.6211;137.6211;137.6400;137.6514;137.6514;137.6514;137.6620;137.6620;137.6683;137.6683;137.6702;137.6721;137.6740;137.6740;137.6740;137.6743;137.6754;137.6913;137.6923;137.6923;137.6923;137.6923;137.6946;137.7395;137.7419;137.7728;137.7751;137.7751;137.7775;137.7778;137.7799
BVNS,HR,0,16,20,6030,random,6030,137.52019799192828,148.8071781197679,11.286980127839627,True,323.23596693121164,5.8323289639999985,-208.15 -111.18;271.70 454.18;389.85 -312.81;749.01 607.19;-515.94 257.54;674.83 -834.43;-913.07 832.09;625.67 308.41;716.40 -508.04;-868.20 505.56;-188.39 728.74;-218.07 -469.96;-175.89 332.47;449.14 796.58;318.62 35.05;-827.94 -16.36,nan;nan;nan;nan;nan;nan;nan;nan;nan;nan;nan;nan;nan;nan;nan;nan;nan;nan;nan;nan;nan;nan;nan;nan;nan;nan;nan;nan;nan;nan;nan;nan;nan;nan;nan;nan;nan;nan;nan;nan;nan;nan;nan;nan;nan;nan;nan;nan;nan;nan;nan;nan;134.4551;134.4551;134.7081;134.7089;134.8209;134.8287;134.9703;134.9703;135.0366;135.0617;135.1198;135.1276;135.1276;135.2313;135.2313;135.2898;135.2898;135.3177;135.3424;135.3623;135.4609;135.4609;135.4952;135.5130;135.5217;135.5549;135.5860;135.7897;135.8540;135.9018;135.9174;136.0112;136.0112;136.1047;136.1047;136.1185;136.1381;136.2127;136.2127;136.2439;136.2450;136.2899;136.2899;136.2931;136.3064;136.3239;136.3988;136.4023;136.4783;136.5394;136.5394;136.6114;136.6114;136.6114;136.6237;136.6411;136.6674;136.7285;136.7285;136.7285;136.7579;136.7579;136.8738;136.8738;136.9026;136.9026;136.9300;136.9340;136.9625;136.9664;136.9718;137.0081;137.0527;137.0527;137.1263;137.1263;137.1492;137.1653;137.1653;137.1653;137.1653;137.1653;137.2471;137.2471;137.2471;137.2866;137.3099;137.3494;137.3494;137.3925;137.4321;137.4321;137.4580;137.4580;137.4580;137.4580;137.4591;137.4610;137.4621;137.4625;137.4645;137.4654;137.4667;137.4670;137.4682;137.4682;137.4711;137.4711;137.4711;137.4722;137.4722;137.4728;137.4748;137.4754;137.4763;137.4783;137.4792;137.4805;137.4805;137.4810;137.4810;137.4813;137.4824;137.4824;137.4830;137.4831;137.4837;137.4837;137.4837;137.4880;137.4911;137.4911;137.4911;137.4941;137.4941;137.4966;137.4966;137.4982;137.4996;137.5011;137.5011;137.5023;137.5180;137.5192;137.5192;137.5192;137.5192;137.5198;137.5202
SSA,HR,0,16,14,6030,random,6030,135.64288134821672,148.8071781197679,13.164296771551193,True,326.9348709153464,5.592141018000007,847.58 -65.74;-39.32 254.99;852.04 -685.62;-566.31 -449.23;201.00 498.20;-636.16 469.45;553.36 605.67;100.20 -77.55;-410.53 60.53;331.47 -413.34;-171.82 553.87;-214.34 -796.65;403.14 -748.60;-156.18 -373.62;-849.30 177.89;411.26 170.62,nan;nan;nan;nan;nan;nan;nan;nan;nan;nan;nan;nan;nan;nan;nan;nan;nan;nan;nan;nan;nan;nan;nan;nan;nan;nan;nan;nan;nan;nan;nan;nan;nan;nan;nan;nan;nan;nan;nan;nan;nan;nan;nan;nan;nan;nan;nan;nan;nan;nan;nan;nan;nan;nan;nan;nan;nan;nan;nan;nan;nan;nan;nan;nan;nan;nan;nan;nan;nan;nan;nan;nan;nan;nan;nan;nan;nan;nan;nan;nan;nan;nan;nan;nan;nan;nan;nan;nan;nan;nan;nan;nan;nan;134.7162;134.7162;134.7162;135.0124;135.0124;135.0124;135.0124;135.0124;135.0124;135.0124;135.0124;135.0385;135.0385;135.0385;135.0385;135.0385;135.0385;135.0385;135.0385;135.0385;135.0385;135.0385;135.0385;135.0849;135.3810;135.3810;135.3810;135.3810;135.3810;135.3810;135.3810;135.3810;135.4100;135.4590;135.4766;135.4766;135.4766;135.4766;135.4842;135.5389;135.5389;135.5669;135.5914;135.5914;135.5914;135.6273;135.6273;135.6281;135.6288;135.6297;135.6309;135.6313;135.6327;135.6339;135.6344;135.6357;135.6362;135.6365;135.6373;135.6381;135.6385;135.6390;135.6395;135.6401;135.6404;135.6407;135.6409;135.6412;135.6414;135.6417;135.6417;135.6418;135.6419;135.6420;135.6421;135.6423;135.6424;135.6425;135.6425;135.6426;135.6426;135.6427;135.6427;135.6427;135.6427;135.6428;135.6428;135.6428;135.6428;135.6428;135.6428;135.6428;135.6428;135.6428;135.6429;135.6429;135.6429;135.6429;135.6429;135.6429;135.6429;135.6429;135.6429;135.6429;135.6429;135.6429;135.6429;135.6429
LXSSA,HR,0,16,8,6030,random,6030,136.5949582875788,148.8071781197679,12.212219832189106,True,342.11326462486016,5.7818426130000375,-757.00 -382.78;118.96 494.32;-19.98 -716.72;709.60 -605.97;551.71 186.31;153.32 834.70;769.64 567.46;-907.88 828.65;-763.63 -29.34;-343.69 -514.90;823.03 -151.92;-271.18 -156.38;-239.12 194.42;113.48 -306.92;-340.26 725.12;460.03 -166.18,nan;nan;nan;nan;nan;nan;nan;nan;nan;nan;nan;nan;nan;nan;nan;nan;nan;nan;nan;nan;nan;nan;nan;nan;nan;nan;nan;nan;nan;nan;nan;nan;nan;nan;nan;nan;nan;nan;nan;nan;nan;nan;nan;nan;nan;nan;nan;nan;nan;nan;nan;nan;nan;nan;nan;nan;nan;nan;nan;nan;nan;nan;nan;nan;nan;nan;nan;nan;nan;nan;nan;nan;nan;nan;nan;nan;nan;nan;nan;nan;nan;135.4168;135.4168;135.4168;135.4168;135.4168;135.4168;135.4168;135.4168;135.4168;135.4168;135.9420;135.9420;135.9420;135.9420;135.9420;135.9420;135.9420;135.9420;135.9710;135.9710;135.9710;135.9710;136.1805;136.1805;136.1805;136.1805;136.1805;136.1805;136.4203;136.4203;136.4203;136.4203;136.4615;136.4615;136.4615;136.4615;136.4615;136.4615;136.4615;136.4615;136.4869;136.4869;136.4869;136.4869;136.4874;136.4874;136.4874;136.4874;136.4877;136.4877;136.4889;136.4889;136.4890;136.4890;136.4890;136.4890;136.5410;136.5410;136.5427;136.5427;136.5427;136.5742;136.5759;136.5759;136.5759;136.5768;136.5768;136.5777;136.5777;136.5778;136.5783;136.5785;136.5789;136.5789;136.5789;136.5793;136.5933;136.5933;136.5933;136.5935;136.5935;136.5936;136.5938;136.5938;136.5939;136.5940;136.5945;136.5945;136.5945;136.5946;136.5946;136.5946;136.5946;136.5946;136.5947;136.5947;136.5947;136.5947;136.5948;136.5948;136.5948;136.5948;136.5948;136.5948;136.5948;136.5948;136.5949;136.5949;136.5949;136.5949;136.5949;136.5949;136.5949;136.5949;136.5949;136.5949;136.5949;136.5949;136.5950;136.5950
PSOC,HR,0,16,2,6030,random,6030,136.1037240439273,148.8071781197679,12.703454075840625,True,321.74200377555593,6.72544000900001,-530.31 -633.14;-603.35 212.36;-102.74 -331.48;185.03 -105.05;615.96 -750.94;583.96 217.92;289.79 -727.72;408.80 -351.81;943.44 -834.83;-178.76 811.26;888.74 -449.97;-162.55 388.38;-888.66 421.95;-718.02 809.58;-270.87 -823.41;817.00 -124.28,nan;nan;nan;nan;nan;nan;nan;nan;nan;nan;nan;nan;nan;nan;nan;nan;nan;nan;nan;nan;nan;nan;nan;nan;nan;nan;nan;nan;nan;nan;nan;nan;nan;nan;nan;nan;nan;nan;nan;nan;nan;nan;nan;nan;nan;nan;nan;nan;nan;nan;nan;nan;nan;nan;nan;nan;nan;nan;nan;nan;nan;nan;nan;nan;nan;nan;nan;nan;nan;nan;nan;nan;nan;nan;nan;nan;nan;nan;nan;nan;nan;nan;nan;nan;nan;nan;nan;nan;nan;nan;nan;nan;nan;nan;nan;nan;nan;nan;nan;nan;nan;nan;nan;nan;nan;nan;nan;nan;nan;nan;nan;nan;nan;nan;nan;nan;nan;nan;nan;nan;nan;nan;nan;nan;nan;nan;nan;nan;nan;nan;nan;nan;nan;nan;nan;nan;nan;nan;nan;nan;nan;nan;nan;nan;nan;nan;nan;nan;nan;nan;-23664408.2925;-23664408.2925;-23664408.2925;-23664408.2925;-23664408.2925;-23664408.2925;-23664408.2925;-23664408.2925;-23664408.2925;-23664408.2925;-23664408.2925;-23664408.2925;-23664408.2925;-23664408.2925;-23664408.2925;-23664408.2925;-23664408.2925;-23664408.2925;-23664408.2925;-23664408.2925;-23664408.2925;-23664408.2925;-23664408.2925;-23664408.2925;-23664408.2925;-23664408.2925;-23664408.2925;-23664408.2925;-23664408.2925;-7402742.3244;-7402742.3244;-7402742.3244;-7402742.3244;-7402742.3244;-7402742.3244;-7402742.3244;-7402742.3244;-7402742.3244;-7402742.3244;-7402742.3244;-7402742.3244;-7402742.3244;-7402742.3244;-7402742.3244;-216536.6835;-216536.6835;-40644.6076;-40644.6076;-7649.3379;-7649.3379;-7649.3379
PSOC,HR,0,16,26,6030,random,6030,138.85577730827433,148.8071781197679,9.951400811493585,True,348.98789045142536,6.2786317279999935,-873.64 454.15;837.87 -26.03;-733.17 -438.10;-78.46 -66.14;-583.57 179.24;931.83 -826.07;-934.17 805.65;788.24 390.92;475.29 -826.05;262.10 816.34;14.62 -825.99;-154.31 785.40;661.41 -473.38;320.95 -396.70;229.59 120.73;-367.16 -804.80,nan;nan;nan;nan;nan;nan;nan;nan;nan;nan;nan;nan;nan;nan;nan;nan;nan;nan;nan;nan;nan;nan;nan;nan;nan;nan;nan;nan;nan;nan;nan;nan;nan;nan;nan;nan;nan;nan;nan;136.6714;136.6714;136.6714;136.8423;136.9371;136.9371;136.9371;136.9371;137.1885;137.1885;137.1920;137.1920;137.4662;137.4662;137.4662;137.4662;137.4662;137.4662;137.4662;137.4662;137.4662;137.4662;137.6318;137.6318;137.6318;137.6318;137.7957;137.7957;137.7957;137.7957;137.7957;137.7957;137.7957;137.7957;137.7957;137.7957;137.7957;137.7957;137.7957;137.7957;137.7957;137.7957;137.7957;137.8005;137.8005;137.8005;137.8005;137.8005;137.8005;137.8005;137.8005;137.8005;137.8005;137.8005;137.8005;137.8005;137.8005;137.8196;137.8196;137.8196;137.8621;137.8621;137.8621;137.8621;137.8932;137.8932;137.9010;137.9010;137.9043;137.9043;137.9046;137.9046;137.9089;137.9089;137.9089;137.9202;137.9202;138.0359;138.1030;138.1030;138.1030;138.1030;138.1030;138.1075;138.1075;138.1075;138.1075;138.1958;138.1958;138.1958;138.1958;138.1958;138.1958;138.2626;138.2626;138.2788;138.2788;138.2788;138.2788;138.2788;138.2788;138.2788;138.2788;138.2788;138.2788;138.2788;138.2788;138.2788;138.2788;138.2788;138.2788;138.2788;138.4015;138.4015;138.4142;138.4142;138.4142;138.4142;138.4178;138.4178;138.4178;138.4178;138.4178;138.4178;138.5737;138.5737;138.5737;138.5737;138.5737;138.5737;138.5737;138.5737;138.5737;138.5737;138.6494;138.6494;138.6670;138.7226;138.7226;138.7226;138.7226;138.7226;138.7226;138.7226;138.7226;138.7226;138.7226;138.7226;138.7226;138.7226;138.7602;138.7602;138.8240;138.8240;138.8248;138.8248;138.8248;138.8248;138.8248;138.8248;138.8558;138.8558
DE,HR,0,16,20,6030,random,6030,133.60553146694406,148.8071781197679,15.201646652823854,False,217.82346775025673,11.060079167999959,128.75 333.56;632.20 561.29;-452.32 483.62;348.49 117.82;-652.02 -698.58;310.38 647.14;729.08 -6.25;-619.20 -46.16;-743.61 255.40;-14.54 524.72;-32.94 -618.06;711.16 279.56;-209.11 144.87;-217.76 933.45;-832.49 -90.38;356.33 -709.12,nan;nan;nan;nan;nan;nan;nan;nan;nan;nan;nan;nan;nan;nan;nan;nan;nan;nan;nan;nan;nan;nan;nan;nan;nan;nan;nan;nan;nan;nan;nan;nan;nan;nan;nan;nan;nan;nan;nan;nan;nan;nan;nan;nan;nan;nan;nan;nan;nan;nan;nan;nan;nan;nan;nan;nan;nan;nan;nan;nan;nan;nan;nan;nan;nan;nan;nan;nan;nan;nan;nan;nan;nan;nan;nan;nan;nan;nan;nan;nan;nan;nan;nan;nan;nan;nan;nan;nan;nan;nan;nan;nan;nan;nan;nan;nan;nan;nan;nan;nan;nan;nan;nan;nan;nan;nan;nan;nan;nan;nan;nan;nan;nan;nan;nan;nan;nan;nan;nan;nan;nan;nan;nan;nan;nan;nan;nan;nan;nan;nan;nan;nan;nan;nan;nan;nan;nan;nan;nan;nan;nan;nan;nan;nan;nan;nan;nan;nan;nan;nan;nan;nan;nan;nan;nan;nan;nan;nan;nan;nan;nan;nan;nan;nan;nan;nan;nan;nan;nan;nan;nan;nan;nan;nan;nan;nan;nan;nan;nan;nan;nan;nan;nan;nan;nan;nan;nan;nan;nan;nan;nan;nan;nan;nan;nan;nan;nan;nan;nan;nan;nan
SLSQP,HR,0,16,14,6030,random,6030,136.49160901592657,148.8071781197679,12.31556910384134,True,333.37849860319403,12.544240177999995,-180.31 408.58;831.81 -834.80;788.98 421.77;-596.00 -733.13;-865.19 199.73;-343.60 41.82;-626.80 834.83;153.28 636.59;-283.83 834.50;-95.08 -187.61;442.09 -185.59;821.57 -131.93;-749.24 -114.50;510.76 -674.18;-558.23 329.78;900.05 -481.77,nan;nan;135.2419;135.2419;135.2419;135.2419;135.2419;135.2419;135.2419;135.2419;135.2419;135.2419;135.2419;135.2419;135.2419;135.2419;135.2419;135.2419;135.2419;135.2419;135.2419;135.2702;135.2702;135.2702;135.2702;135.2702;135.2702;135.2702;135.2702;135.2702;135.2702;135.2702;135.2702;135.2702;135.2702;135.2702;135.2702;135.3732;135.3732;135.4514;135.4514;135.5567;135.5567;135.5567;135.7575;135.7596;135.8265;135.8265;135.8298;135.8298;135.8298;135.8298;135.8298;135.8298;135.8298;135.8298;135.8298;135.8298;135.8298;135.8298;135.8298;135.8298;135.8298;135.8298;135.8298;135.8298;135.8298;135.8298;135.8298;135.8298;135.8298;135.8298;135.8298;135.8298;135.8298;135.8298;135.8298;135.8298;135.8298;135.8298;135.8298;135.8298;135.8298;135.8298;135.8299;135.8299;135.8299;135.8299;135.8300;135.8300;135.8300;135.8300;135.8300;135.8300;135.8300;135.8300;135.8300;135.8300;135.8300;135.8478;135.8478;135.8478;135.8478;135.8478;135.8478;135.8478;135.8478;135.8478;135.8478;135.8478;135.8478;135.8478;135.8478;135.8478;135.8478;135.8478;135.8478;135.8478;135.8478;135.8478;135.8478;135.8478;135.8501;135.8503;135.8503;135.8504;135.8505;135.8505;135.8505;135.8505;135.8505;135.8505;135.8505;135.8505;135.8505;135.8505;135.8505;135.8505;135.8505;135.8505;135.8505;135.8505;135.8505;135.8505;135.8505;135.8505;135.8505;135.8505;135.8505;135.8505;135.8505;135.8505;135.8505;135.8505;135.8505;135.8505;135.8505;135.8505;135.8507;135.8507;135.8507;135.8507;135.8507;135.8507;135.8507;135.8507;135.8507;135.8507;135.8507;136.4741;136.4741;136.4744;136.4906;136.4906;136.4906;136.4915;136.4915;136.4916;136.4916;136.4916;136.4916;136.4916;136.4916;136.4916;136.4916;136.4916;136.4916;136.4916;136.4916;136.4916;136.4916;136.4916;136.4916;136.4916;136.4916;136.4916;136.4916;136.4916;136.4916;136.4916;136.4916
PSOBV,HR,0,16,8,6030,random,6030,138.19643682586695,148.8071781197679,10.610741293900958,True,322.8495295556199,10.452174585000023,-88.86 -338.96;839.23 -110.69;-896.27 454.61;463.22 -341.28;208.91 186.73;510.12 -12.99;-763.48 795.74;737.21 834.34;469.47 534.03;-642.32 -193.74;-827.25 139.22;507.23 -816.33;-369.26 -829.31;-233.64 40.18;-539.29 407.52;878.58 -832.11,nan;nan;nan;nan;nan;nan;nan;nan;nan;nan;nan;nan;nan;nan;nan;nan;nan;nan;nan;nan;nan;nan;nan;nan;nan;nan;nan;nan;nan;nan;nan;nan;nan;nan;nan;nan;nan;nan;nan;nan;nan;nan;nan;nan;nan;nan;nan;nan;nan;nan;nan;nan;nan;nan;nan;nan;nan;nan;nan;nan;nan;nan;nan;nan;nan;nan;nan;nan;nan;nan;nan;nan;nan;nan;nan;nan;nan;nan;nan;nan;nan;nan;nan;nan;nan;nan;nan;nan;nan;nan;nan;nan;nan;nan;nan;nan;nan;nan;nan;nan;nan;nan;nan;nan;nan;nan;nan;136.2201;136.2308;136.5622;136.5686;136.7570;136.7570;136.7743;136.8345;136.8639;136.9028;136.9437;136.9646;136.9928;137.0023;137.0656;137.0656;137.0899;137.0899;137.2217;137.2655;137.2655;137.4120;137.4120;137.4120;137.5680;137.5680;137.5993;137.6843;137.7156;137.7295;137.7359;137.7811;137.7811;137.8123;137.8123;137.8123;137.8387;137.8387;137.8387;137.8540;137.8610;137.8738;137.8738;137.8763;137.8943;137.8986;137.9042;137.9447;137.9447;137.9447;137.9464;137.9743;137.9761;137.9805;137.9822;138.0054;138.0054;138.0054;138.0533;138.0932;138.0960;138.1017;138.1045;138.1184;138.1184;138.1212;138.1212;138.1239;138.1239;138.1264;138.1264;138.1287;138.1307;138.1375;138.1375;138.1375;138.1398;138.1398;138.1419;138.1433;138.1521;138.1536;138.1547;138.1557;138.1741;138.1741;138.1831;138.1831;138.1953;138.1953;138.1953;138.1964;138.1964;138.1964
SSABV,HR,0,16,2,6030,feasible,6030,137.82387697877033,148.8071781197679,10.983301140997582,True,321.9932629648937,13.103973293000024,257.37 726.29;-329.26 830.05;-403.72 6.53;-171.34 523.46;778.73 481.99;21.99 231.76;-656.46 520.27;169.47 -729.02;-289.81 -395.08;-914.03 833.52;845.36 -256.96;-802.70 -300.47;-674.18 181.26;-575.68 -812.39;167.66 -254.02;635.66 12.14,135.6239;135.6239;135.6239;135.6239;135.6239;135.6239;135.6239;135.6239;135.6239;135.6239;135.6239;135.6239;135.6239;135.6239;135.6239;135.6239;135.6239;135.6239;135.6239;135.6239;135.6239;135.6239;135.6239;135.6239;135.6239;135.6239;135.6239;135.6239;135.6239;135.6239;135.6239;135.6239;135.6239;135.6239;135.6239;135.6239;135.6239;135.6239;135.6239;135.6239;135.6239;135.6239;135.6239;135.6239;135.6239;135.6239;135.6239;135.6239;135.6239;135.6239;135.6239;135.6239;135.6239;135.6239;135.6239;135.6239;135.6239;135.6239;135.6239;135.6239;135.6239;135.8502;135.9132;135.9132;135.9132;135.9591;135.9591;135.9618;135.9875;135.9888;136.0503;136.0523;136.0535;136.0544;136.0549;136.0555;136.0563;136.0565;136.0567;136.0570;136.0572;136.0573;136.0574;136.0575;136.0576;136.0576;136.0576;136.0576;136.0577;136.0577;136.0577;136.0577;136.0577;136.0577;136.0577;136.0578;136.0578;136.0578;136.0578;136.0578;136.0578;136.3139;136.3139;136.3852;136.4480;136.5189;136.5189;136.6114;136.6114;136.6114;136.6574;136.6574;136.7110;136.7110;136.7531;136.7531;136.9225;136.9225;136.9225;136.9422;136.9422;136.9422;136.9422;137.0272;137.0272;137.0865;137.0865;137.1197;137.1468;137.1689;137.1841;137.2077;137.2077;137.2144;137.2196;137.2196;137.2207;137.2207;137.2207;137.2418;137.2814;137.2814;137.2892;137.3334;137.3334;137.3712;137.3712;137.3712;137.5022;137.5022;137.5022;137.5449;137.5449;137.5449;137.5656;137.5982;137.6281;137.6494;137.6494;137.6701;137.6701;137.6701;137.6701;137.6751;137.6850;137.6900;137.7241;137.7291;137.7383;137.7517;137.7609;137.7659;137.7781;137.7831;137.7831;137.7831;137.7873;137.7873;137.7896;137.7909;137.7932;137.7956;137.7979;137.7979;137.8009;137.8009;137.8042;137.8042;137.8042;137.8042;137.8066;137.8096;137.8096;137.8136;137.8136;137.8136;137.8173;137.8173;137.8192;137.8192;137.8239
SSABV,HR,0,16,26,6030,feasible,6030,138.11598858752572,148.8071781197679,10.691189532242191,True,325.15135852860425,9.340006620999986,-897.83 522.26;-84.27 574.57;763.69 -822.36;-195.62 -783.36;116.60 834.31;-770.83 -569.66;-441.51 691.91;-203.47 -367.00;-575.56 -829.65;169.61 -558.49;630.03 -286.87;373.18 -833.33;123.26 210.65;-846.08 76.70;278.41 -185.33;584.00 834.47,136.1090;136.1090;136.1090;136.1090;136.1090;136.1090;136.1090;136.1090;136.1090;136.1090;136.1090;136.1090;136.1090;136.1090;136.1090;136.1090;136.1090;136.1090;136.1090;136.1090;136.1090;136.1090;136.1090;136.1090;136.1090;136.1090;136.1090;136.1090;136.1090;136.1090;136.1090;136.1090;136.1090;136.1090;136.1090;136.1090;136.1090;136.1090;136.1090;136.1090;136.1090;136.1090;136.1090;136.1090;136.1090;136.1090;136.1090;136.1090;136.1090;136.1090;136.1090;136.1090;136.1090;136.1090;136.1090;136.1090;136.1090;136.1090;136.1090;136.1090;136.1090;136.1090;136.1090;136.1090;136.1090;136.1090;136.1402;136.1580;136.1580;136.1912;136.1912;136.1912;136.1921;136.1935;136.2121;136.2126;136.2129;136.2133;136.2138;136.2140;136.2141;136.2143;136.2145;136.2146;136.2147;136.2148;136.2148;136.2148;136.2149;136.2149;136.2149;136.2149;136.2149;136.2149;136.2149;136.2149;136.2149;136.2149;136.2149;136.2149;136.2150;136.3006;136.3006;136.3876;136.4249;136.4524;136.6379;136.6528;136.6996;136.7146;136.7146;136.9187;136.9257;136.9257;136.9621;136.9621;136.9621;136.9829;136.9829;137.0383;137.0490;137.0916;137.1020;137.1020;137.2650;137.2650;137.4895;137.4895;137.4895;137.4895;137.4895;137.5450;137.5450;137.5901;137.5901;137.6937;137.6937;137.7091;137.7091;137.7261;137.7261;137.7261;137.7261;137.7465;137.7930;137.7948;137.8511;137.8731;137.9022;137.9022;137.9242;137.9242;137.9242;137.9269;137.9269;137.9269;137.9409;137.9750;137.9891;138.0257;138.0268;138.0397;138.0397;138.0441;138.0460;138.0503;138.0522;138.0565;138.0565;138.0565;138.0600;138.0606;138.0641;138.0647;138.0681;138.0697;138.0706;138.0722;138.0722;138.0722;138.1017;138.1017;138.1017;138.1032;138.1032;138.1057;138.1057;138.1070;138.1070;138.1070;138.1082;138.1082;138.1093;138.1093;138.1093;138.1110;138.1124;138.1141;138.1141;138.1160;138.1160
LXBV,HR,0,16,20,6030,feasible,6030,139.56226206046293,148.8071781197679,9.244916059304984,True,341.53468219297395,8.816544491999991,385.95 -821.84;655.11 832.88;-379.80 -551.73;-942.66 828.83;-140.25 834.23;294.76 -323.69;-767.08 -95.60;932.45 -827.89;-749.06 -464.80;812.78 225.30;536.70 -67.19;-572.83 789.25;-158.08 -830.72;-220.85 369.23;-864.77 379.13;-507.98 184.30,136.7560;136.7560;136.7560;136.7560;136.7560;136.7560;136.7560;136.7560;136.7560;136.7560;136.7560;136.7560;136.7560;136.7560;136.7560;136.7560;136.7560;136.7560;136.7560;136.7560;136.7560;136.7560;136.7560;136.7560;136.7560;136.7560;136.7560;136.7560;136.7560;136.7560;136.7560;136.7560;136.7560;136.7560;136.7560;136.7560;136.7560;136.7560;136.7560;136.7560;136.7560;136.7560;136.7560;136.7560;136.7560;136.7560;136.7560;137.0367;137.0367;137.0367;137.0367;137.0367;137.0367;137.0367;137.0367;137.0367;137.0367;137.0367;137.0367;137.1689;137.1689;137.1689;137.1689;137.1689;137.1689;137.1690;137.1690;137.1690;137.2264;137.2293;137.2293;137.2296;137.2296;137.2299;137.2304;137.2314;137.2314;137.2315;137.2319;137.2319;137.2321;137.2322;137.2322;137.2322;137.2323;137.2324;137.2324;137.2324;137.2324;137.2325;137.2325;137.2328;137.2328;137.2328;137.2328;137.2330;137.2330;137.2330;137.2330;137.2330;137.2330;137.3774;137.4341;137.5174;137.6138;137.6638;137.7665;137.8630;137.8630;137.8682;138.0475;138.0808;138.0808;138.1336;138.1403;138.1403;138.1729;138.1729;138.2928;138.2928;138.3205;138.3205;138.3205;138.3660;138.3660;138.4255;138.4255;138.5177;138.5177;138.5183;138.5583;138.5583;138.5617;138.5617;138.7306;138.7306;138.7306;138.7728;138.7728;138.8095;138.8194;138.8274;138.8573;138.8573;138.8573;138.8573;138.8842;138.9520;138.9804;138.9906;139.0648;139.0648;139.0648;139.0830;139.0830;139.0918;139.0918;139.0918;139.1810;139.1810;139.1810;139.3021;139.3021;139.3412;139.3412;139.3479;139.3479;139.3479;139.3479;139.4248;139.4248;139.4589;139.4589;139.4856;139.4856;139.4999;139.4999;139.5145;139.5145;139.5145;139.5175;139.5175;139.5175;139.5363;139.5538;139.5538;139.5538;139.5540;139.5558;139.5558;139.5577;139.5577;139.5600;139.5600;139.5600;139.5616;139.5616;139.5616;139.5623;139.5623;139.5623
BVNS,HR,0,16,14,6030,feasible,6030,137.8231352499507,148.8071781197679,10.984042869817216,True,325.29800583234044,8.716110515999958,924.58 -685.99;672.14 541.30;-783.28 -467.54;-684.80 828.58;353.73 -476.70;2.95 478.22;-86.46 -458.79;-393.81 -2.68;23.43 823.50;-380.55 699.88;600.98 -827.73;-159.05 -817.60;-439.04 319.46;585.62 1.03;-803.31 -106.57;349.93 373.97,135.8067;136.0288;136.0288;136.1676;136.1676;136.3104;136.3104;136.4360;136.4678;136.5877;136.5877;136.5877;136.7424;136.7424;136.7424;136.8533;136.8533;136.9508;136.9508;137.0072;137.0072;137.1120;137.1120;137.1120;137.1549;137.1549;137.2053;137.2102;137.2520;137.2520;137.2520;137.2754;137.2754;137.2754;137.2754;137.2988;137.3005;137.3539;137.3539;137.3539;137.3541;137.3873;137.4306;137.4306;137.4306;137.4306;137.4847;137.5570;137.6013;137.6188;137.6870;137.6870;137.6870;137.6870;137.6894;137.7361;137.7384;137.7384;137.7427;137.7427;137.7470;137.7470;137.7473;137.7496;137.7496;137.7496;137.7507;137.7507;137.7507;137.7530;137.7530;137.7548;137.7885;137.7888;137.7941;137.7944;137.7945;137.7948;137.7948;137.7973;137.7973;137.7973;137.8002;137.8002;137.8005;137.8022;137.8025;137.8042;137.8044;137.8044;137.8044;137.8050;137.8064;137.8064;137.8064;137.8079;137.8079;137.8084;137.8087;137.8093;137.8100;137.8106;137.8114;137.8120;137.8120;137.8120;137.8126;137.8127;137.8133;137.8133;137.8135;137.8144;137.8146;137.8146;137.8152;137.8157;137.8162;137.8162;137.8168;137.8168;137.8173;137.8179;137.8179;137.8181;137.8189;137.8192;137.8192;137.8197;137.8197;137.8199;137.8208;137.8208;137.8210;137.8210;137.8211;137.8217;137.8217;137.8217;137.8218;137.8218;137.8220;137.8227;137.8229;137.8229;137.8231;137.8231;137.8231;137.8231;137.8231;137.8231;137.8231;137.8231;137.8231;137.8231;137.8231;137.8231;137.8231;137.8231;137.8231;137.8231;137.8231;137.8231;137.8231;137.8231;137.8231;137.8231;137.8231;137.8231;137.8231;137.8231;137.8231;137.8231;137.8231;137.8231;137.8231;137.8231;137.8231;137.8231;137.8231;137.8231;137.8231;137.8231;137.8231;137.8231;137.8231;137.8231;137.8231;137.8231;137.8231;137.8231;137.8231;137.8231;137.8231;137.8231;137.8231;137.8231;137.8231;137.8231;137.8231;137.8231;137.8231
SSA,HR,0,16,8,6030,feasible,6030,136.51111463884595,148.8071781197679,12.296063480921958,True,320.3833386107201,8.33913942700002,572.09 823.31;-373.01 779.09;-604.74 -75.86;-771.73 -419.82;-203.34 -14.15;-234.60 -783.65;564.05 -401.28;-683.42 -827.00;-281.97 -331.45;163.03 39.54;524.88 483.20;835.39 -74.79;-599.60 335.45;715.45 222.29;891.84 -415.21;325.41 -657.04,135.8140;135.8140;135.8140;135.8140;135.8140;135.8140;135.8140;135.8140;135.8140;135.8140;135.8140;135.8140;135.8140;135.8140;135.8140;135.8140;135.8140;135.8140;135.8140;135.8140;135.8140;135.8140;135.8140;135.8140;135.8140;135.8140;135.8140;135.8140;135.8140;135.8140;135.8140;135.8140;135.8140;135.8140;135.8140;135.8140;135.8140;135.8140;135.8140;135.8140;135.8140;135.8140;135.8140;135.8140;135.8140;135.8140;135.8140;135.8140;135.8140;135.8140;135.8140;135.8140;135.8140;135.8140;135.8140;135.8140;135.8140;135.8140;135.8140;135.8140;135.8140;135.8140;135.8140;135.8140;135.8140;135.8140;135.8140;135.8140;135.8140;135.8140;135.8140;135.8140;135.8140;135.8140;135.8140;135.8140;135.8140;135.8140;135.8140;135.8140;135.8140;135.8140;135.8140;135.8140;135.8140;135.8140;135.8140;135.8140;135.8140;135.8140;135.8140;135.8140;135.8140;135.8140;135.8140;135.8140;135.8140;135.8140;135.8140;135.8140;135.8140;135.8140;135.8140;135.8140;135.8140;135.8140;136.1178;136.1178;136.1178;136.1178;136.3049;136.3049;136.3049;136.3049;136.3091;136.3091;136.3464;136.3464;136.3464;136.3464;136.3464;136.3464;136.3464;136.3464;136.3464;136.4040;136.4040;136.4040;136.4040;136.4040;136.4040;136.4147;136.4538;136.4538;136.4538;136.4538;136.4554;136.4560;136.4560;136.5001;136.5007;136.5018;136.5020;136.5027;136.5027;136.5035;136.5035;136.5047;136.5057;136.5061;136.5066;136.5072;136.5074;136.5077;136.5081;136.5084;136.5090;136.5093;136.5095;136.5098;136.5099;136.5100;136.5101;136.5102;136.5103;136.5104;136.5105;136.5105;136.5106;136.5107;136.5107;136.5108;136.5108;136.5109;136.5109;136.5109;136.5110;136.5110;136.5110;136.5110;136.5110;136.5110;136.5111;136.5111;136.5111;136.5111;136.5111;136.5111;136.5111;136.5111;136.5111;136.5111;136.5111;136.5111;136.5111;136.5111;136.5111;136.5111;136.5111;136.5111;136.5111
LXSSA,HR,0,16,2,6030,feasible,6030,136.28154933331882,148.8071781197679,12.52562878644909,True,320.4455036820486,8.113199046999966,278.54 727.53;-329.47 829.72;-376.77 8.33;-182.30 517.84;666.63 480.97;3.79 243.55;-663.39 528.64;155.67 -621.47;-259.97 -359.77;-760.52 834.01;826.90 -243.75;-803.11 -305.17;-654.36 182.49;-614.82 -761.20;169.41 -260.84;587.28 25.84,135.6239;135.6239;135.6239;135.6239;135.6239;135.6239;135.6239;135.6239;135.6239;135.6239;135.6239;135.6239;135.6239;135.6239;135.6239;135.6239;135.6239;135.6239;135.6239;135.6239;135.6239;135.6239;135.6239;135.6239;135.6239;135.6239;135.6239;135.6239;135.6239;135.6239;135.6239;135.6239;135.6239;135.6239;135.6239;135.6239;135.6239;135.6239;135.6239;135.6239;135.6239;135.6239;135.6239;135.6239;135.6239;135.6239;135.6239;135.6239;135.6239;135.6239;135.6239;135.6239;135.6239;135.6239;135.6239;135.6239;135.6239;135.6239;135.6239;135.6239;135.6239;135.6239;135.6239;135.6239;135.6239;135.6239;135.6239;135.6239;135.6239;135.6239;135.6239;135.6239;135.6239;135.6239;135.6239;135.6239;135.6239;135.6239;135.6239;135.6239;135.6239;135.6239;135.6239;135.6239;135.6239;135.6239;135.6239;135.6239;135.6239;135.6239;135.6239;135.6239;135.6239;135.6239;135.6239;135.6239;135.6239;135.6239;135.6239;135.6239;135.6239;135.6239;135.6239;135.6239;135.6239;135.6239;135.6239;135.6239;135.6239;135.6239;135.6923;135.6923;135.7678;136.0112;136.0112;136.0112;136.0112;136.0112;136.0112;136.0112;136.0112;136.0112;136.0112;136.0278;136.0278;136.0278;136.0278;136.0445;136.0445;136.0448;136.0450;136.1955;136.1955;136.1955;136.1955;136.1975;136.1975;136.1975;136.1975;136.1975;136.1975;136.2273;136.2273;136.2276;136.2290;136.2290;136.2749;136.2762;136.2762;136.2766;136.2766;136.2766;136.2774;136.2774;136.2777;136.2785;136.2785;136.2789;136.2789;136.2789;136.2790;136.2794;136.2794;136.2802;136.2802;136.2804;136.2804;136.2804;136.2805;136.2805;136.2805;136.2808;136.2808;136.2813;136.2813;136.2813;136.2813;136.2813;136.2813;136.2813;136.2813;136.2814;136.2814;136.2814;136.2814;136.2814;136.2814;136.2815;136.2815;136.2815;136.2815;136.2815;136.2815;136.2815;136.2815;136.2815;136.2815;136.2815;136.2815;136.2815;136.2815
LXSSA,HR,0,16,26,6030,feasible,6030,136.38185871745165,148.8071781197679,12.425319402316262,True,320.20276492617165,9.16505797100001,-748.22 514.66;-108.04 574.27;640.24 -717.63;-194.09 -788.44;88.14 832.97;-771.03 -567.57;-440.14 683.09;-202.49 -403.02;-550.77 -831.18;159.42 -555.67;566.84 -383.26;320.33 -832.51;59.31 196.98;-845.61 76.85;280.55 -185.85;570.71 832.67,136.1090;136.1090;136.1090;136.1090;136.1090;136.1090;136.1090;136.1090;136.1090;136.1090;136.1090;136.1090;136.1090;136.1090;136.1090;136.1090;136.1090;136.1090;136.1090;136.1090;136.1090;136.1090;136.1090;136.1090;136.1090;136.1090;136.1090;136.1090;136.1090;136.1090;136.1090;136.1090;136.1090;136.1090;136.1090;136.1090;136.1090;136.1090;136.1090;136.1090;136.1090;136.1090;136.1090;136.1090;136.1090;136.1090;136.1090;136.1090;136.1090;136.1090;136.1090;136.1090;136.1090;136.1090;136.1090;136.1090;136.1090;136.1090;136.1090;136.1090;136.1090;136.1090;136.1090;136.1090;136.1090;136.1090;136.1090;136.1090;136.1090;136.1090;136.1090;136.1090;136.1090;136.1090;136.1090;136.1090;136.1090;136.1090;136.1090;136.1090;136.1090;136.1090;136.1090;136.1090;136.1090;136.1090;136.1090;136.1090;136.1090;136.1090;136.1090;136.1090;136.1090;136.1090;136.1090;136.1090;136.1090;136.1090;136.1090;136.1090;136.1090;136.1090;136.1090;136.1090;136.1090;136.1090;136.1090;136.1090;136.1090;136.1090;136.1090;136.1859;136.1859;136.1859;136.1859;136.1859;136.1859;136.1859;136.1859;136.1859;136.1859;136.2286;136.2286;136.2286;136.2286;136.2286;136.2286;136.2286;136.2286;136.2286;136.2286;136.2286;136.2286;136.2286;136.2286;136.2286;136.2866;136.3756;136.3756;136.3756;136.3756;136.3756;136.3772;136.3772;136.3772;136.3772;136.3777;136.3779;136.3784;136.3784;136.3788;136.3788;136.3790;136.3794;136.3794;136.3794;136.3797;136.3797;136.3799;136.3799;136.3802;136.3802;136.3804;136.3807;136.3807;136.3807;136.3808;136.3808;136.3808;136.3810;136.3810;136.3812;136.3812;136.3813;136.3813;136.3814;136.3814;136.3814;136.3814;136.3815;136.3815;136.3817;136.3817;136.3817;136.3817;136.3818;136.3818;136.3818;136.3818;136.3818;136.3818;136.3818;136.3818;136.3819;136.3819;136.3819;136.3819;136.3819;136.3819;136.3819;136.3819
PSOC,HR,0,16,20,6030,feasible,6030,136.7559648337553,148.8071781197679,12.051213286012597,True,321.27362317383506,9.499023104000003,375.84 -825.70;656.18 684.25;-425.03 -548.04;-942.52 834.19;-174.61 833.98;339.12 -324.16;-770.94 -90.59;822.38 -686.28;-750.70 -419.49;814.07 198.04;540.16 30.06;-548.07 762.15;-159.54 -785.40;-270.43 369.05;-794.32 413.61;-558.01 195.95,136.7560;136.7560;136.7560;136.7560;136.7560;136.7560;136.7560;136.7560;136.7560;136.7560;136.7560;136.7560;136.7560;136.7560;136.7560;136.7560;136.7560;136.7560;136.7560;136.7560;136.7560;136.7560;136.7560;136.7560;136.7560;136.7560;136.7560;136.7560;136.7560;136.7560;136.7560;136.7560;136.7560;136.7560;136.7560;136.7560;136.7560;136.7560;136.7560;136.7560;136.7560;136.7560;136.7560;136.7560;136.7560;136.7560;136.7560;136.7560;136.7560;136.7560;136.7560;136.7560;136.7560;136.7560;136.7560;136.7560;136.7560;136.7560;136.7560;136.7560;136.7560;136.7560;136.7560;136.7560;136.7560;136.7560;136.7560;136.7560;136.7560;136.7560;136.7560;136.7560;136.7560;136.7560;136.7560;136.7560;136.7560;136.7560;136.7560;136.7560;136.7560;136.7560;136.7560;136.7560;136.7560;136.7560;136.7560;136.7560;136.7560;136.7560;136.7560;136.7560;136.7560;136.7560;136.7560;136.7560;136.7560;136.7560;136.7560;136.7560;136.7560;136.7560;136.7560;136.7560;136.7560;136.7560;136.7560;136.7560;136.7560;136.7560;136.7560;136.7560;136.7560;136.7560;136.7560;136.7560;136.7560;136.7560;136.7560;136.7560;136.7560;136.7560;136.7560;136.7560;136.7560;136.7560;136.7560;136.7560;136.7560;136.7560;136.7560;136.7560;136.7560;136.7560;136.7560;136.7560;136.7560;136.7560;136.7560;136.7560;136.7560;136.7560;136.7560;136.7560;136.7560;136.7560;136.7560;136.7560;136.7560;136.7560;136.7560;136.7560;136.7560;136.7560;136.7560;136.7560;136.7560;136.7560;136.7560;136.7560;136.7560;136.7560;136.7560;136.7560;136.7560;136.7560;136.7560;136.7560;136.7560;136.7560;136.7560;136.7560;136.7560;136.7560;136.7560;136.7560;136.7560;136.7560;136.7560;136.7560;136.7560;136.7560;136.7560;136.7560;136.7560;136.7560;136.7560;136.7560;136.7560;136.7560;136.7560;136.7560;136.7560;136.7560;136.7560;136.7560;136.7560;136.7560;136.7560;136.7560;136.7560
DE,HR,0,16,14,6030,feasible,6030,135.80665395270694,148.8071781197679,13.000524167060973,True,320.8163789682528,12.41080020999999,921.63 -727.27;620.55 535.40;-783.28 -467.54;-649.42 828.58;300.66 -473.75;-14.74 501.80;-39.29 -451.42;-392.34 -2.68;-1.63 823.50;-380.55 652.71;595.08 -818.88;-209.17 -811.70;-402.18 317.98;430.84 2.50;-759.09 -59.40;327.82 397.55,135.8067;135.8067;135.8067;135.8067;135.8067;135.8067;135.8067;135.8067;135.8067;135.8067;135.8067;135.8067;135.8067;135.8067;135.8067;135.8067;135.8067;135.8067;135.8067;135.8067;135.8067;135.8067;135.8067;135.8067;135.8067;135.8067;135.8067;135.8067;135.8067;135.8067;135.8067;135.8067;135.8067;135.8067;135.8067;135.8067;135.8067;135.8067;135.8067;135.8067;135.8067;135.8067;135.8067;135.8067;135.8067;135.8067;135.8067;135.8067;135.8067;135.8067;135.8067;135.8067;135.8067;135.8067;135.8067;135.8067;135.8067;135.8067;135.8067;135.8067;135.8067;135.8067;135.8067;135.8067;135.8067;135.8067;135.8067;135.8067;135.8067;135.8067;135.8067;135.8067;135.8067;135.8067;135.8067;135.8067;135.8067;135.8067;135.8067;135.8067;135.8067;135.8067;135.8067;135.8067;135.8067;135.8067;135.8067;135.8067;135.8067;135.8067;135.8067;135.8067;135.8067;135.8067;135.8067;135.8067;135.8067;135.8067;135.8067;135.8067;135.8067;135.8067;135.8067;135.8067;135.8067;135.8067;135.8067;135.8067;135.8067;135.8067;135.8067;135.8067;135.8067;135.8067;135.8067;135.8067;135.8067;135.8067;135.8067;135.8067;135.8067;135.8067;135.8067;135.8067;135.8067;135.8067;135.8067;135.8067;135.8067;135.8067;135.8067;135.8067;135.8067;135.8067;135.8067;135.8067;135.8067;135.8067;135.8067;135.8067;135.8067;135.8067;135.8067;135.8067;135.8067;135.8067;135.8067;135.8067;135.8067;135.8067;135.8067;135.8067;135.8067;135.8067;135.8067;135.8067;135.8067;135.8067;135.8067;135.8067;135.8067;135.8067;135.8067;135.8067;135.8067;135.8067;135.8067;135.8067;135.8067;135.8067;135.8067;135.8067;135.8067;135.8067;135.8067;135.8067;135.8067;135.8067;135.8067;135.8067;135.8067;135.8067;135.8067;135.8067;135.8067;135.8067;135.8067;135.8067;135.8067;135.8067;135.8067;135.8067;135.8067;135.8067;135.8067;135.8067;135.8067;135.8067;135.8067;135.8067;135.8067
SLSQP,HR,0,16,8,6030,feasible,6030,136.43275574367095,148.8071781197679,12.374422376096959,True,321.5029976731018,12.602605159999996,541.79 832.24;-396.63 754.81;-613.09 -68.11;-655.03 -436.93;-208.72 -10.66;-222.01 -819.73;569.14 -422.67;-709.63 -833.59;-270.61 -349.54;110.19 34.08;501.43 503.35;845.51 -63.30;-586.65 329.81;680.88 233.73;890.29 -407.63;323.51 -684.07,135.8140;135.8528;135.8528;136.0212;136.0212;136.0212;136.0212;136.0212;136.0212;136.0212;136.0212;136.0212;136.0212;136.0212;136.0212;136.0212;136.0212;136.0212;136.0212;136.0212;136.0212;136.0212;136.0212;136.0212;136.0212;136.0212;136.0212;136.0971;136.1632;136.1632;136.1632;136.1632;136.1632;136.1707;136.1707;136.1707;136.1707;136.1707;136.1707;136.1707;136.1707;136.1707;136.1707;136.1707;136.1771;136.1771;136.1771;136.2199;136.2199;136.2199;136.2199;136.2199;136.2199;136.2199;136.2199;136.2199;136.2199;136.2199;136.2808;136.3223;136.3244;136.3245;136.3245;136.3245;136.3245;136.3245;136.3245;136.3246;136.3246;136.3246;136.3246;136.3246;136.3246;136.3246;136.3246;136.3246;136.3246;136.3246;136.3246;136.3246;136.3246;136.4328;136.4328;136.4328;136.4328;136.4328;136.4328;136.4328;136.4328;136.4328;136.4328;136.4328;136.4328;136.4328;136.4328;136.4328;136.4328;136.4328;136.4328;136.4328;136.4328;136.4328;136.4328;136.4328;136.4328;136.4328;136.4328;136.4328;136.4328;136.4328;136.4328;136.4328;136.4328;136.4328;136.4328;136.4328;136.4328;136.4328;136.4328;136.4328;136.4328;136.4328;136.4328;136.4328;136.4328;136.4328;136.4328;136.4328;136.4328;136.4328;136.4328;136.4328;136.4328;136.4328;136.4328;136.4328;136.4328;136.4328;136.4328;136.4328;136.4328;136.4328;136.4328;136.4328;136.4328;136.4328;136.4328;136.4328;136.4328;136.4328;136.4328;136.4328;136.4328;136.4328;136.4328;136.4328;136.4328;136.4328;136.4328;136.4328;136.4328;136.4328;136.4328;136.4328;136.4328;136.4328;136.4328;136.4328;136.4328;136.4328;136.4328;136.4328;136.4328;136.4328;136.4328;136.4328;136.4328;136.4328;136.4328;136.4328;136.4328;136.4328;136.4328;136.4328;136.4328;136.4328;136.4328;136.4328;136.4328;136.4328;136.4328;136.4328;136.4328;136.4328;136.4328;136.4328;136.4328;136.4328;136.4328;136.4328;136.4328
PSOBV,HR,0,16,2,6030,feasible,6030,138.34161863157178,148.8071781197679,10.465559488196135,True,323.95602374044483,10.535563940999964,274.34 721.38;-326.71 825.18;-399.50 11.95;-128.59 568.86;737.21 642.26;66.50 273.24;-690.67 516.76;204.31 -723.06;-269.70 -500.15;-938.51 834.83;775.61 -244.00;-804.27 -296.81;-766.01 178.31;-565.63 -811.91;163.31 -255.25;569.81 32.27,135.6239;135.6239;135.6239;135.6239;135.6239;135.6239;135.6239;135.6239;135.6239;135.6239;135.6239;135.6239;135.6239;135.6239;135.6239;135.6239;135.6239;135.6239;135.6239;135.6239;135.6239;135.6239;135.6239;135.6239;135.6239;135.6239;135.6239;135.6239;135.6239;135.6239;135.6239;135.6239;135.6239;135.6239;135.6239;135.6239;135.6239;135.6239;135.6239;135.6239;135.6239;135.6239;135.6239;135.6239;135.6239;135.6239;135.6239;135.6239;135.6239;135.6239;135.6239;135.6239;135.6239;135.6239;135.6239;135.6239;135.6239;135.6239;135.6239;135.6239;135.6239;135.6239;135.6239;135.6239;135.6239;135.6239;135.6239;135.6239;135.6239;135.6239;135.6239;135.6239;135.6239;135.6239;135.6239;135.6239;135.6239;135.6239;135.6239;135.6239;135.6239;135.6239;135.6239;135.6239;135.6239;135.6239;135.6239;135.6239;135.6239;135.6239;135.6239;135.6239;135.6239;135.6239;135.6239;135.6239;135.6239;135.6239;135.6239;135.6239;135.6239;135.8802;135.8802;135.9753;135.9753;136.0545;136.0545;136.2581;136.2581;136.2581;136.3572;136.4044;136.5032;136.5032;136.6702;136.6702;136.7581;136.7982;136.8646;136.8775;136.9021;136.9398;136.9625;136.9782;137.0181;137.0614;137.0614;137.1558;137.1558;137.2182;137.2182;137.2705;137.2705;137.2750;137.2884;137.3013;137.4267;137.4407;137.4633;137.5017;137.5017;137.5017;137.5217;137.5217;137.5217;137.5217;137.5625;137.6161;137.6568;137.6568;137.6762;137.6864;137.7058;137.7058;137.7782;137.7782;137.7782;137.7944;137.7944;137.8011;137.8011;137.8574;137.8574;137.8766;137.8766;137.8766;137.8766;137.9589;137.9589;137.9589;137.9854;137.9854;137.9887;138.0132;138.0165;138.0690;138.0690;138.1094;138.1094;138.1094;138.1648;138.1661;138.2215;138.2215;138.2215;138.2620;138.2620;138.2971;138.2971;138.3109;138.3167;138.3304;138.3304;138.3320;138.3332;138.3344;138.3348;138.3360;138.3389;138.3389;138.3416
PSOBV,HR,0,16,26,6030,feasible,6030,138.25535973369406,148.8071781197679,10.551818386073847,True,336.3702453923715,10.79009840499998,-892.15 562.98;-106.90 572.85;766.70 -827.46;-171.20 -794.26;180.77 834.83;-760.44 -569.09;-439.18 683.65;-203.13 -354.91;-553.48 -834.25;157.82 -553.73;710.90 -430.19;378.22 -832.36;47.09 174.83;-849.70 100.66;280.00 -184.57;723.01 833.68,136.1090;136.1090;136.1090;136.1090;136.1090;136.1090;136.1090;136.1090;136.1090;136.1090;136.1090;136.1090;136.1090;136.1090;136.1090;136.1090;136.1090;136.1090;136.1090;136.1090;136.1090;136.1090;136.1090;136.1090;136.1090;136.1090;136.1090;136.1090;136.1090;136.1090;136.1090;136.1090;136.1090;136.1090;136.1090;136.1090;136.1090;136.1090;136.1090;136.1090;136.1090;136.1090;136.1090;136.1090;136.1090;136.1090;136.1090;136.1090;136.1090;136.1090;136.1090;136.1090;136.1090;136.1090;136.1090;136.1090;136.1090;136.1090;136.1090;136.1090;136.1090;136.1090;136.1090;136.1090;136.1090;136.1090;136.1090;136.1090;136.1090;136.1090;136.1090;136.1090;136.1090;136.1090;136.1090;136.1090;136.1090;136.1090;136.1090;136.1090;136.1090;136.1090;136.1090;136.1090;136.1090;136.1090;136.1090;136.1090;136.1090;136.1090;136.1090;136.1090;136.1090;136.1090;136.1090;136.1090;136.1090;136.1090;136.1090;136.1090;136.1090;136.2138;136.2415;136.4217;136.4217;136.5013;136.5165;136.5838;136.5838;136.7897;136.7897;136.8325;136.8456;136.8504;136.8667;136.9473;136.9528;137.0113;137.0477;137.0477;137.0881;137.1075;137.1106;137.2446;137.2516;137.2900;137.3078;137.3078;137.3078;137.3078;137.3366;137.3366;137.4194;137.4399;137.4399;137.4529;137.4529;137.6786;137.6786;137.7512;137.7512;137.8785;137.8785;137.8785;137.8785;137.8785;137.8935;137.9145;137.9294;137.9340;137.9488;137.9488;137.9488;137.9488;137.9864;138.0265;138.0641;138.0694;138.0996;138.0996;138.1190;138.1245;138.1367;138.1422;138.1422;138.1433;138.1433;138.1557;138.1557;138.1557;138.1557;138.1608;138.1608;138.1608;138.1608;138.1633;138.1884;138.1890;138.1909;138.1912;138.1937;138.1937;138.1954;138.1959;138.1984;138.1984;138.1998;138.2003;138.2024;138.2024;138.2037;138.2041;138.2060;138.2060;138.2060;138.2074;138.2386;138.2540;138.2540;138.2554;138.2554
