Generated,Farm,Bins,Model,Source,Version,Settings,WdStep,WdFirst,NWd,AEP_GWh,IdealAEP_GWh,WakeLossPct,PMaxAbsDiff,Seconds
2026-09-28 19:03:29,HR80,ours_5deg_2.5,paper_model,ours,--,"hornsrev_model: Jensen top-hat k=0.04, hub-centre test, RSS, C_T at free-stream speed",5,2.5,72,666.745875,744.0358906,10.38794185,,
2026-09-28 19:03:29,HR80,ours_5deg_2.5,paper_model_localCT,ours,--,hornsrev_model equations with C_T at the local (waked) speed of the upstream turbine (diagnostic),5,2.5,72,660.242036,744.0358906,11.26207158,,
2026-09-28 19:03:29,HR80,ours_5deg_2.5,NOJ_k0.04,PyWake,2.6.20,"NOJ(Hornsrev1Site(), V80(), k=0.04): AreaOverlapAvgModel, ct2a_madsen, SquaredSum, PropagateDownwind",5,2.5,72,661.3880911,744.0358906,11.10803934,6.071532166e-18,0.1750993729
2026-09-28 19:03:29,HR80,ours_5deg_2.5,NOJ_k0.04_RotorCenter,PyWake,2.6.20,as NOJ_k0.04 with rotorAvgModel=RotorCenter(),5,2.5,72,659.1620143,744.0358906,11.40722878,6.071532166e-18,0.104557991
2026-09-28 19:03:29,HR80,ours_5deg_2.5,NOJ_k0.04_RotorCenter_momentum,PyWake,2.6.20,"as NOJ_k0.04 with rotorAvgModel=RotorCenter(), ct2a=ct2a_mom1d",5,2.5,72,660.242036,744.0358906,11.26207158,6.071532166e-18,0.1001966
2026-09-28 19:03:29,HR16,ours_5deg_2.5,paper_model,ours,--,"hornsrev_model: Jensen top-hat k=0.04, hub-centre test, RSS, C_T at free-stream speed",5,2.5,72,139.8205759,148.8071781,6.039091886,,
2026-09-28 19:03:29,HR16,ours_5deg_2.5,paper_model_localCT,ours,--,hornsrev_model equations with C_T at the local (waked) speed of the upstream turbine (diagnostic),5,2.5,72,139.3360363,148.8071781,6.364707609,,
2026-09-28 19:03:29,HR16,ours_5deg_2.5,NOJ_k0.04,PyWake,2.6.20,"NOJ(Hornsrev1Site(), V80(), k=0.04): AreaOverlapAvgModel, ct2a_madsen, SquaredSum, PropagateDownwind",5,2.5,72,139.0840863,148.8071781,6.534020712,6.071532166e-18,0.02042150497
2026-09-28 19:03:29,HR16,ours_5deg_2.5,NOJ_k0.04_RotorCenter,PyWake,2.6.20,as NOJ_k0.04 with rotorAvgModel=RotorCenter(),5,2.5,72,139.2138844,148.8071781,6.446795002,6.071532166e-18,0.01573085785
2026-09-28 19:03:29,HR16,ours_5deg_2.5,NOJ_k0.04_RotorCenter_momentum,PyWake,2.6.20,"as NOJ_k0.04 with rotorAvgModel=RotorCenter(), ct2a=ct2a_mom1d",5,2.5,72,139.3360363,148.8071781,6.364707609,6.071532166e-18,0.01520442963
2026-09-28 19:03:29,HR80,1deg_0.5,paper_model,ours,--,"hornsrev_model: Jensen top-hat k=0.04, hub-centre test, RSS, C_T at free-stream speed",1,0.5,360,664.6391379,744.0358906,10.67109178,,
2026-09-28 19:03:29,HR80,1deg_0.5,paper_model_localCT,ours,--,hornsrev_model equations with C_T at the local (waked) speed of the upstream turbine (diagnostic),1,0.5,360,657.8828325,744.0358906,11.57915353,,
2026-09-28 19:03:29,HR80,1deg_0.5,NOJ_k0.04,PyWake,2.6.20,"NOJ(Hornsrev1Site(), V80(), k=0.04): AreaOverlapAvgModel, ct2a_madsen, SquaredSum, PropagateDownwind",1,0.5,360,661.8689669,744.0358906,11.04340862,1.246832498e-18,0.4314053059
2026-09-28 19:03:29,HR80,1deg_0.5,NOJ_k0.04_RotorCenter,PyWake,2.6.20,as NOJ_k0.04 with rotorAvgModel=RotorCenter(),1,0.5,360,656.766006,744.0358906,11.72925737,1.246832498e-18,0.2861549854
2026-09-28 19:03:29,HR80,1deg_0.5,NOJ_k0.04_RotorCenter_momentum,PyWake,2.6.20,"as NOJ_k0.04 with rotorAvgModel=RotorCenter(), ct2a=ct2a_mom1d",1,0.5,360,657.8828325,744.0358906,11.57915353,1.246832498e-18,0.310945034
2026-09-28 19:03:29,HR16,1deg_0.5,paper_model,ours,--,"hornsrev_model: Jensen top-hat k=0.04, hub-centre test, RSS, C_T at free-stream speed",1,0.5,360,139.5032963,148.8071781,6.252307153,,
2026-09-28 19:03:29,HR16,1deg_0.5,paper_model_localCT,ours,--,hornsrev_model equations with C_T at the local (waked) speed of the upstream turbine (diagnostic),1,0.5,360,138.9972868,148.8071781,6.592350857,,
2026-09-28 19:03:29,HR16,1deg_0.5,NOJ_k0.04,PyWake,2.6.20,"NOJ(Hornsrev1Site(), V80(), k=0.04): AreaOverlapAvgModel, ct2a_madsen, SquaredSum, PropagateDownwind",1,0.5,360,139.1626604,148.8071781,6.481218046,1.246832498e-18,0.03662085533
2026-09-28 19:03:29,HR16,1deg_0.5,NOJ_k0.04_RotorCenter,PyWake,2.6.20,as NOJ_k0.04 with rotorAvgModel=RotorCenter(),1,0.5,360,138.8701611,148.8071781,6.677780712,1.246832498e-18,0.02920436859
2026-09-28 19:03:29,HR16,1deg_0.5,NOJ_k0.04_RotorCenter_momentum,PyWake,2.6.20,"as NOJ_k0.04 with rotorAvgModel=RotorCenter(), ct2a=ct2a_mom1d",1,0.5,360,138.9972868,148.8071781,6.592350857,1.246832498e-18,0.03264689445
2026-09-28 19:03:29,HR80,pywake_default_1deg_0,paper_model,ours,--,"hornsrev_model: Jensen top-hat k=0.04, hub-centre test, RSS, C_T at free-stream speed",1,0,360,663.3305655,744.0358906,10.84696668,,
2026-09-28 19:03:29,HR80,pywake_default_1deg_0,paper_model_localCT,ours,--,hornsrev_model equations with C_T at the local (waked) speed of the upstream turbine (diagnostic),1,0,360,656.2530902,744.0358906,11.79819436,,
2026-09-28 19:03:29,HR80,pywake_default_1deg_0,NOJ_k0.04,PyWake,2.6.20,"NOJ(Hornsrev1Site(), V80(), k=0.04): AreaOverlapAvgModel, ct2a_madsen, SquaredSum, PropagateDownwind",1,0,360,661.929932,744.0358906,11.03521479,1.246832498e-18,0.4486348629
2026-09-28 19:03:29,HR80,pywake_default_1deg_0,NOJ_k0.04_RotorCenter,PyWake,2.6.20,as NOJ_k0.04 with rotorAvgModel=RotorCenter(),1,0,360,655.1163105,744.0358906,11.95097995,1.246832498e-18,0.3004193306
2026-09-28 19:03:29,HR80,pywake_default_1deg_0,NOJ_k0.04_RotorCenter_momentum,PyWake,2.6.20,"as NOJ_k0.04 with rotorAvgModel=RotorCenter(), ct2a=ct2a_mom1d",1,0,360,656.2530902,744.0358906,11.79819436,1.246832498e-18,0.2927806377
2026-09-28 19:03:29,HR16,pywake_default_1deg_0,paper_model,ours,--,"hornsrev_model: Jensen top-hat k=0.04, hub-centre test, RSS, C_T at free-stream speed",1,0,360,139.2365979,148.8071781,6.431531275,,
2026-09-28 19:03:29,HR16,pywake_default_1deg_0,paper_model_localCT,ours,--,hornsrev_model equations with C_T at the local (waked) speed of the upstream turbine (diagnostic),1,0,360,138.7028605,148.8071781,6.790208473,,
2026-09-28 19:03:29,HR16,pywake_default_1deg_0,NOJ_k0.04,PyWake,2.6.20,"NOJ(Hornsrev1Site(), V80(), k=0.04): AreaOverlapAvgModel, ct2a_madsen, SquaredSum, PropagateDownwind",1,0,360,139.1736697,148.8071781,6.473819709,1.246832498e-18,0.03431177139
2026-09-28 19:03:29,HR16,pywake_default_1deg_0,NOJ_k0.04_RotorCenter,PyWake,2.6.20,as NOJ_k0.04 with rotorAvgModel=RotorCenter(),1,0,360,138.572355,148.8071781,6.877909543,1.246832498e-18,0.02800893784
2026-09-28 19:03:29,HR16,pywake_default_1deg_0,NOJ_k0.04_RotorCenter_momentum,PyWake,2.6.20,"as NOJ_k0.04 with rotorAvgModel=RotorCenter(), ct2a=ct2a_mom1d",1,0,360,138.7028605,148.8071781,6.790208473,1.246832498e-18,0.03962254524
