Algorithm,Seed,Budget,Init,Feasible,Objective,PyWakeNOJ_1deg
SSABV,1,120030,random,True,138.952390,137.903311
RSVNS,5,120030,random,True,140.194450,138.887014
SSA,9,120030,random,True,137.643060,136.595513
DE,3,120030,random,True,139.301488,137.877441
PSOBV,7,120030,random,True,139.684816,138.447088
SSABV,21,30030,random,True,138.185253,136.978715
LXBV,15,30030,random,True,136.910706,135.565739
RSVNS,9,30030,random,True,137.183523,135.919108
BVNS,3,30030,random,True,139.153407,137.825210
BVNS,27,30030,random,True,138.702468,137.440331
SSA,21,30030,random,True,136.452014,135.363195
LXSSA,15,30030,random,True,137.212954,136.498922
PSOC,9,30030,random,True,137.544261,136.535841
DE,3,30030,random,False,136.535892,136.734309
DE,27,30030,random,True,138.438822,138.056257
SLSQP,21,30030,random,True,137.985607,137.863974
PSOBV,15,30030,random,True,138.678617,137.420160
SSABV,9,6030,random,True,138.985679,137.731579
LXBV,3,6030,random,True,138.091693,136.836443
LXBV,27,6030,random,True,137.139207,136.144444
RSVNS,21,6030,random,True,138.295658,137.042460
BVNS,15,6030,random,True,136.008110,134.978971
SSA,9,6030,random,True,138.170470,137.326913
LXSSA,3,6030,random,True,134.753028,134.391891
LXSSA,27,6030,random,True,137.102380,136.559455
PSOC,21,6030,random,True,139.080542,138.466788
DE,15,6030,random,False,135.673917,136.059082
SLSQP,9,6030,random,True,136.651281,136.632150
PSOBV,3,6030,random,True,139.108880,137.801597
PSOBV,27,6030,random,True,136.441884,136.135218
SSABV,21,6030,feasible,True,138.018432,137.079488
LXBV,15,6030,feasible,True,138.847189,137.640533
BVNS,9,6030,feasible,True,138.800971,137.468040
SSA,3,6030,feasible,True,137.498357,137.033103
SSA,27,6030,feasible,True,137.300167,136.924406
LXSSA,21,6030,feasible,True,137.070234,136.421138
PSOC,15,6030,feasible,True,136.577842,137.002335
DE,9,6030,feasible,True,135.838551,136.336377
SLSQP,3,6030,feasible,True,137.004079,137.026926
SLSQP,27,6030,feasible,True,137.237632,136.916531
PSOBV,21,6030,feasible,True,137.925607,136.757140
LXBV,1,120030,random,True,139.392970,138.421860
BVNS,5,120030,random,True,139.905087,138.410223
LXSSA,9,120030,random,True,136.196955,135.418770
SLSQP,3,120030,random,True,137.662556,137.209375
SSABV,7,30030,random,True,137.864982,136.361727
LXBV,1,30030,random,True,138.699445,137.583442
LXBV,25,30030,random,True,139.226546,137.772591
RSVNS,19,30030,random,True,138.074491,136.824025
BVNS,13,30030,random,True,139.742597,138.397207
SSA,7,30030,random,True,137.489452,136.551684
LXSSA,1,30030,random,True,137.145994,136.844249
LXSSA,25,30030,random,True,135.262128,134.622865
PSOC,19,30030,random,True,138.122118,137.151126
DE,13,30030,random,False,136.761360,136.831245
SLSQP,7,30030,random,True,136.972851,136.838229
PSOBV,1,30030,random,True,139.614546,138.278759
PSOBV,25,30030,random,True,138.670901,137.633759
SSABV,19,6030,random,True,137.346020,136.219777
LXBV,13,6030,random,True,137.926384,136.563840
RSVNS,7,6030,random,True,137.168260,136.554701
BVNS,1,6030,random,True,138.138303,137.056436
BVNS,25,6030,random,True,136.842566,135.576169
SSA,19,6030,random,True,137.395961,136.999403
LXSSA,13,6030,random,True,137.498892,136.860727
PSOC,7,6030,random,False,137.466848,137.861535
DE,1,6030,random,False,136.992997,137.198340
DE,25,6030,random,False,134.724179,135.147661
SLSQP,19,6030,random,True,137.679476,137.512499
PSOBV,13,6030,random,True,137.958721,137.188715
SSABV,7,6030,feasible,True,138.848238,137.600278
LXBV,1,6030,feasible,True,138.431298,136.761421
LXBV,25,6030,feasible,True,137.997130,136.806250
BVNS,19,6030,feasible,True,138.512951,137.269581
SSA,13,6030,feasible,True,136.335057,136.233729
LXSSA,7,6030,feasible,True,137.402565,137.100014
PSOC,1,6030,feasible,True,136.290105,136.470698
PSOC,25,6030,feasible,True,136.257068,136.606912
DE,19,6030,feasible,True,136.373674,136.538504
SLSQP,13,6030,feasible,True,136.880504,136.760860
PSOBV,7,6030,feasible,True,138.725501,137.574495
LXBV,2,120030,random,True,139.327992,137.956836
BVNS,6,120030,random,True,139.761580,138.341257
LXSSA,10,120030,random,True,136.035479,135.422093
SLSQP,4,120030,random,True,138.461183,138.042772
SSABV,8,30030,random,True,138.367205,136.914586
LXBV,2,30030,random,True,138.736065,137.447838
LXBV,26,30030,random,True,139.125130,137.910150
RSVNS,20,30030,random,True,138.628442,137.531027
BVNS,14,30030,random,True,138.193231,136.992420
SSA,8,30030,random,True,136.039365,135.464318
LXSSA,2,30030,random,True,135.811250,135.305952
LXSSA,26,30030,random,True,135.493561,134.947690
PSOC,20,30030,random,True,138.981997,138.051945
DE,14,30030,random,False,134.833365,135.788534
SLSQP,8,30030,random,True,136.975130,136.618632
PSOBV,2,30030,random,True,137.974525,136.843783
PSOBV,26,30030,random,True,139.590871,138.213488
SSABV,20,6030,random,True,137.103149,135.631106
LXBV,14,6030,random,True,137.001574,135.813351
RSVNS,8,6030,random,True,136.944825,135.626601
BVNS,2,6030,random,True,136.753920,135.357643
BVNS,26,6030,random,True,138.508616,137.415308
SSA,20,6030,random,True,136.220679,136.143054
LXSSA,14,6030,random,True,136.159465,135.786312
PSOC,8,6030,random,False,137.385217,137.634420
DE,2,6030,random,False,134.607657,134.994295
DE,26,6030,random,False,134.822925,135.644057
SLSQP,20,6030,random,True,136.099734,136.276524
PSOBV,14,6030,random,True,138.539282,137.181703
SSABV,8,6030,feasible,True,137.945821,136.767869
LXBV,2,6030,feasible,True,137.900289,136.622980
LXBV,26,6030,feasible,True,138.189159,137.128474
BVNS,20,6030,feasible,True,139.122691,137.934217
SSA,14,6030,feasible,True,136.693783,136.169749
LXSSA,8,6030,feasible,True,136.681094,136.450382
PSOC,2,6030,feasible,True,135.623884,135.780298
PSOC,26,6030,feasible,True,136.108978,136.084776
DE,20,6030,feasible,True,136.755965,137.226254
SLSQP,14,6030,feasible,True,136.282922,136.116878
PSOBV,8,6030,feasible,True,138.339688,137.093802
LXBV,3,120030,random,True,138.773027,137.486920
BVNS,7,120030,random,True,139.583798,138.094058
PSOC,1,120030,random,True,139.622911,138.369058
SLSQP,5,120030,random,True,137.691253,137.242980
SSABV,9,30030,random,True,138.244688,137.043565
LXBV,3,30030,random,True,138.941475,137.702965
LXBV,27,30030,random,True,138.980146,137.509464
RSVNS,21,30030,random,True,137.581069,136.536279
BVNS,15,30030,random,True,138.447123,137.328278
SSA,9,30030,random,True,135.621023,134.852542
LXSSA,3,30030,random,True,135.508776,135.179372
LXSSA,27,30030,random,True,137.141410,136.263817
PSOC,21,30030,random,True,139.940833,138.804338
DE,15,30030,random,True,137.509781,137.225528
SLSQP,9,30030,random,True,137.025460,136.650436
PSOBV,3,30030,random,True,139.296580,138.151532
PSOBV,27,30030,random,True,139.197736,137.863519
SSABV,21,6030,random,True,137.383160,136.178914
LXBV,15,6030,random,True,136.956257,135.633145
RSVNS,9,6030,random,True,136.708603,135.580023
BVNS,3,6030,random,True,136.711155,135.722655
BVNS,27,6030,random,True,138.674768,137.374070
SSA,21,6030,random,True,136.775306,135.985303
LXSSA,15,6030,random,True,135.317037,134.965935
PSOC,9,6030,random,False,135.691419,135.824616
DE,3,6030,random,False,133.879051,134.311692
DE,27,6030,random,False,134.837909,135.145253
SLSQP,21,6030,random,True,136.612950,136.665426
PSOBV,15,6030,random,True,137.629996,136.594287
SSABV,9,6030,feasible,True,138.472473,137.173323
LXBV,3,6030,feasible,True,138.726871,137.540329
LXBV,27,6030,feasible,True,138.353181,137.273450
BVNS,21,6030,feasible,True,137.957051,136.801855
SSA,15,6030,feasible,True,137.532704,136.933053
LXSSA,9,6030,feasible,True,137.004638,136.311362
PSOC,3,6030,feasible,True,136.561050,136.960296
PSOC,27,6030,feasible,True,136.899116,136.901900
DE,21,6030,feasible,True,136.181028,136.445773
SLSQP,15,6030,feasible,True,136.995895,137.001455
PSOBV,9,6030,feasible,True,138.533506,137.369408
LXBV,4,120030,random,True,139.032482,137.570200
BVNS,8,120030,random,True,138.815745,137.509656
PSOC,2,120030,random,True,138.023441,136.755906
SLSQP,6,120030,random,True,138.397591,138.327470
SSABV,10,30030,random,True,137.577654,136.330542
LXBV,4,30030,random,True,138.204687,136.897165
LXBV,28,30030,random,True,137.805727,136.314039
RSVNS,22,30030,random,True,139.345409,137.813220
BVNS,16,30030,random,True,138.603942,137.477618
SSA,10,30030,random,True,138.474614,137.102047
LXSSA,4,30030,random,True,137.318849,136.459302
LXSSA,28,30030,random,True,136.050535,135.359430
PSOC,22,30030,random,True,139.788330,138.464312
DE,16,30030,random,False,135.196753,135.655530
SLSQP,10,30030,random,True,137.510730,137.013632
PSOBV,4,30030,random,True,139.253711,138.013088
PSOBV,28,30030,random,True,139.136763,137.699148
SSABV,22,6030,random,True,137.140155,135.849955
LXBV,16,6030,random,True,138.287468,137.146571
RSVNS,10,6030,random,True,137.358671,136.643223
BVNS,4,6030,random,True,137.332254,136.035756
BVNS,28,6030,random,True,134.118029,134.040570
SSA,22,6030,random,True,136.166735,135.888309
LXSSA,16,6030,random,True,134.662693,134.153658
PSOC,10,6030,random,False,137.685743,137.512870
DE,4,6030,random,False,133.691794,133.889850
DE,28,6030,random,False,133.744945,134.253752
SLSQP,22,6030,random,True,136.518735,136.646451
PSOBV,16,6030,random,True,138.782141,137.239440
SSABV,10,6030,feasible,True,138.537499,137.416985
LXBV,4,6030,feasible,True,139.137563,138.103724
LXBV,28,6030,feasible,True,138.481330,137.408464
BVNS,22,6030,feasible,True,138.021971,136.800939
SSA,16,6030,feasible,True,137.272941,136.689498
LXSSA,10,6030,feasible,True,136.920517,136.605364
PSOC,4,6030,feasible,True,137.359356,137.661944
PSOC,28,6030,feasible,True,136.752681,136.898880
DE,22,6030,feasible,True,136.120430,136.345452
SLSQP,16,6030,feasible,True,137.259654,136.950457
PSOBV,10,6030,feasible,True,138.121569,137.035943
LXBV,5,120030,random,True,139.901855,138.691400
BVNS,9,120030,random,True,139.686805,138.544686
PSOC,3,120030,random,True,139.237570,137.912958
SLSQP,7,120030,random,True,138.189314,137.946727
SSABV,11,30030,random,True,137.863866,136.608055
LXBV,5,30030,random,True,137.128978,135.986726
LXBV,29,30030,random,True,136.991615,135.833293
RSVNS,23,30030,random,True,138.826211,137.371006
BVNS,17,30030,random,True,139.375728,137.981417
SSA,11,30030,random,True,134.881061,134.190513
LXSSA,5,30030,random,True,136.610163,135.650204
LXSSA,29,30030,random,True,136.259864,135.608268
PSOC,23,30030,random,True,137.245977,136.352895
DE,17,30030,random,False,136.856061,137.223277
SLSQP,11,30030,random,True,137.746136,137.215159
PSOBV,5,30030,random,True,138.242551,136.858420
PSOBV,29,30030,random,True,139.312146,138.140761
SSABV,23,6030,random,True,136.592309,135.321248
LXBV,17,6030,random,True,137.806319,136.672101
RSVNS,11,6030,random,True,136.267422,136.367087
BVNS,5,6030,random,True,136.470604,135.227798
BVNS,29,6030,random,True,137.158553,135.869654
SSA,23,6030,random,True,137.045018,136.432616
LXSSA,17,6030,random,True,136.707404,136.410504
PSOC,11,6030,random,True,137.230307,137.413347
DE,5,6030,random,False,133.779126,134.429828
DE,29,6030,random,False,135.625837,135.993755
SLSQP,23,6030,random,True,135.046166,134.777643
PSOBV,17,6030,random,True,138.161615,136.979582
SSABV,11,6030,feasible,True,138.587469,137.261072
LXBV,5,6030,feasible,True,138.436330,137.246718
LXBV,29,6030,feasible,True,138.230512,136.829809
BVNS,23,6030,feasible,True,138.271849,136.967408
SSA,17,6030,feasible,True,136.963986,136.606838
LXSSA,11,6030,feasible,True,137.228841,136.981009
PSOC,5,6030,feasible,True,136.538315,136.756902
PSOC,29,6030,feasible,True,136.414310,136.474566
DE,23,6030,feasible,True,136.248178,136.208496
SLSQP,17,6030,feasible,True,136.651097,136.602767
PSOBV,11,6030,feasible,True,138.827165,137.533363
LXBV,6,120030,random,True,139.314599,137.817907
BVNS,10,120030,random,True,139.521730,138.068026
PSOC,4,120030,random,True,139.811286,138.595699
SLSQP,8,120030,random,True,138.414858,138.299522
SSABV,12,30030,random,True,138.503822,137.301319
LXBV,6,30030,random,True,138.277959,137.100972
LXBV,30,30030,random,True,137.462388,136.259313
RSVNS,24,30030,random,True,138.624179,137.213936
BVNS,18,30030,random,True,137.634392,136.226791
SSA,12,30030,random,True,137.343658,136.946304
LXSSA,6,30030,random,True,136.837132,135.799009
LXSSA,30,30030,random,True,134.547742,133.857121
PSOC,24,30030,random,True,138.554240,137.618017
DE,18,30030,random,False,134.880533,135.452354
SLSQP,12,30030,random,True,137.206598,136.600263
PSOBV,6,30030,random,True,139.400701,137.946639
PSOBV,30,30030,random,True,138.283528,137.215149
SSABV,24,6030,random,True,137.850940,136.601042
LXBV,18,6030,random,True,137.008818,135.731568
RSVNS,12,6030,random,True,138.077846,136.942411
BVNS,6,6030,random,True,136.278753,135.891681
BVNS,30,6030,random,True,136.651283,135.269118
SSA,24,6030,random,True,135.846058,134.994115
LXSSA,18,6030,random,True,135.829239,135.164432
PSOC,12,6030,random,True,138.395887,137.436974
DE,6,6030,random,False,136.518160,136.617722
DE,30,6030,random,False,136.666786,137.127264
SLSQP,24,6030,random,True,136.535331,136.007373
PSOBV,18,6030,random,True,138.043746,137.395250
SSABV,12,6030,feasible,True,138.278179,136.846435
LXBV,6,6030,feasible,True,138.734375,137.848125
LXBV,30,6030,feasible,True,139.053290,137.854983
BVNS,24,6030,feasible,True,138.701910,137.583461
SSA,18,6030,feasible,True,137.236551,136.786605
LXSSA,12,6030,feasible,True,136.335553,136.107573
PSOC,6,6030,feasible,True,136.933366,137.100458
PSOC,30,6030,feasible,True,137.508877,137.536147
DE,24,6030,feasible,True,136.237843,136.655399
SLSQP,18,6030,feasible,True,137.188116,137.021972
PSOBV,12,6030,feasible,True,138.154966,136.969424
LXBV,7,120030,random,True,139.232674,137.952543
SSA,1,120030,random,True,138.056119,137.138532
PSOC,5,120030,random,True,138.326613,136.892925
SLSQP,9,120030,random,True,137.576408,136.810679
SSABV,13,30030,random,True,138.433908,136.693659
LXBV,7,30030,random,True,137.763890,136.291426
RSVNS,1,30030,random,True,138.835064,137.730978
RSVNS,25,30030,random,True,138.659530,137.122802
BVNS,19,30030,random,True,139.253492,137.957234
SSA,13,30030,random,True,137.109730,136.025619
LXSSA,7,30030,random,True,136.751429,136.070030
PSOC,1,30030,random,True,139.568179,138.292982
PSOC,25,30030,random,True,138.586037,137.462926
DE,19,30030,random,False,136.760720,137.390954
SLSQP,13,30030,random,True,137.382262,137.506440
PSOBV,7,30030,random,True,139.656366,138.405535
SSABV,1,6030,random,True,139.555895,138.177674
SSABV,25,6030,random,True,138.209816,137.454042
LXBV,19,6030,random,True,136.345348,135.365073
RSVNS,13,6030,random,True,138.732517,137.400482
BVNS,7,6030,random,True,138.155851,137.058762
SSA,1,6030,random,True,136.831498,136.291498
SSA,25,6030,random,True,136.029497,136.050465
LXSSA,19,6030,random,True,136.750066,136.236135
PSOC,13,6030,random,False,136.518197,136.961308
DE,7,6030,random,False,136.493995,136.938980
SLSQP,1,6030,random,True,137.391397,137.438326
SLSQP,25,6030,random,True,135.647844,135.333448
PSOBV,19,6030,random,True,137.782917,136.952095
SSABV,13,6030,feasible,True,138.049388,136.819386
LXBV,7,6030,feasible,True,138.800105,137.517698
BVNS,1,6030,feasible,True,138.218217,136.970199
BVNS,25,6030,feasible,True,137.724605,136.733147
SSA,19,6030,feasible,True,136.888896,136.526825
LXSSA,13,6030,feasible,True,136.856671,136.353835
PSOC,7,6030,feasible,True,136.922722,137.081652
DE,1,6030,feasible,True,136.290105,136.470698
DE,25,6030,feasible,True,136.257068,136.606912
SLSQP,19,6030,feasible,True,136.607300,136.616500
PSOBV,13,6030,feasible,True,137.643780,136.359158
LXBV,8,120030,random,True,139.508442,138.059778
SSA,2,120030,random,True,137.784088,136.974783
PSOC,6,120030,random,True,138.875744,137.858881
SLSQP,10,120030,random,True,138.023174,137.899888
SSABV,14,30030,random,True,137.507059,136.125059
LXBV,8,30030,random,True,138.175408,137.037689
RSVNS,2,30030,random,True,138.466017,137.169972
RSVNS,26,30030,random,True,138.677529,137.558404
BVNS,20,30030,random,True,137.832146,136.566452
SSA,14,30030,random,True,136.868448,135.974456
LXSSA,8,30030,random,True,136.285385,135.581541
PSOC,2,30030,random,True,137.723153,136.666657
PSOC,26,30030,random,True,139.393713,138.010134
DE,20,30030,random,False,134.383161,134.815100
SLSQP,14,30030,random,True,137.390402,137.037041
PSOBV,8,30030,random,True,138.641395,137.242625
SSABV,2,6030,random,True,138.478569,137.238389
SSABV,26,6030,random,True,137.693339,136.330171
LXBV,20,6030,random,True,137.435704,136.067331
RSVNS,14,6030,random,True,137.255676,136.313813
BVNS,8,6030,random,True,136.928714,135.753673
SSA,2,6030,random,True,134.725489,134.732748
SSA,26,6030,random,True,136.809214,136.124457
LXSSA,20,6030,random,True,134.979196,134.823878
PSOC,14,6030,random,True,138.472371,138.193706
DE,8,6030,random,False,135.050326,135.402181
SLSQP,2,6030,random,True,135.887248,135.832770
SLSQP,26,6030,random,True,136.411143,136.455258
PSOBV,20,6030,random,True,139.545325,138.472741
SSABV,14,6030,feasible,True,138.067090,136.895908
LXBV,8,6030,feasible,True,138.080661,136.762175
BVNS,2,6030,feasible,True,138.528348,137.029171
BVNS,26,6030,feasible,True,138.379185,137.347638
SSA,20,6030,feasible,True,137.476628,137.200753
LXSSA,14,6030,feasible,True,136.789710,136.144362
PSOC,8,6030,feasible,True,135.814006,136.388230
DE,2,6030,feasible,True,135.623884,135.780298
DE,26,6030,feasible,True,136.108978,136.084776
SLSQP,20,6030,feasible,True,137.259786,137.258555
PSOBV,14,6030,feasible,True,137.810033,136.734758
LXBV,9,120030,random,True,138.716843,137.593888
SSA,3,120030,random,True,137.464714,136.636658
PSOC,7,120030,random,True,139.333172,138.249695
PSOBV,1,120030,random,True,140.098263,138.702707
SSABV,15,30030,random,True,137.130504,136.191972
LXBV,9,30030,random,True,139.234051,137.759204
RSVNS,3,30030,random,True,138.312559,137.124234
RSVNS,27,30030,random,True,138.667022,137.655124
BVNS,21,30030,random,True,138.995157,137.782927
SSA,15,30030,random,True,136.512880,135.718903
LXSSA,9,30030,random,True,137.053559,136.410329
PSOC,3,30030,random,True,138.637592,137.769358
PSOC,27,30030,random,True,139.235149,137.906438
DE,21,30030,random,True,138.592076,138.080455
SLSQP,15,30030,random,True,137.697864,137.612618
PSOBV,9,30030,random,True,138.633961,137.356629
SSABV,3,6030,random,True,137.968267,136.737360
SSABV,27,6030,random,True,137.098138,136.028205
LXBV,21,6030,random,True,138.277353,136.774177
RSVNS,15,6030,random,True,136.847905,135.760109
BVNS,9,6030,random,True,137.989824,136.982352
SSA,3,6030,random,True,135.845348,135.675562
SSA,27,6030,random,True,136.009872,135.391648
LXSSA,21,6030,random,True,136.660440,136.243796
PSOC,15,6030,random,True,136.074787,136.471315
DE,9,6030,random,False,136.174635,136.517606
SLSQP,3,6030,random,True,136.004495,135.852320
SLSQP,27,6030,random,True,136.058794,136.571151
PSOBV,21,6030,random,True,139.391785,138.153185
SSABV,15,6030,feasible,True,139.083849,137.847790
LXBV,9,6030,feasible,True,137.882880,136.803011
BVNS,3,6030,feasible,True,139.048755,137.724681
BVNS,27,6030,feasible,True,138.158168,137.198445
SSA,21,6030,feasible,True,137.200765,136.393803
LXSSA,15,6030,feasible,True,137.105511,137.033583
PSOC,9,6030,feasible,True,135.838551,136.336377
DE,3,6030,feasible,True,136.561050,136.960296
DE,27,6030,feasible,True,136.899116,136.901900
SLSQP,21,6030,feasible,True,136.802206,136.435114
PSOBV,15,6030,feasible,True,138.334109,137.339103
LXBV,10,120030,random,True,139.041928,137.964792
SSA,4,120030,random,True,137.370945,136.369786
PSOC,8,120030,random,True,138.184988,137.654748
PSOBV,2,120030,random,True,138.156293,136.748941
SSABV,16,30030,random,True,139.070673,137.627839
LXBV,10,30030,random,True,138.440693,137.152641
RSVNS,4,30030,random,True,138.850441,137.334123
RSVNS,28,30030,random,True,138.643473,137.333256
BVNS,22,30030,random,True,139.366473,137.964374
SSA,16,30030,random,True,137.001894,135.979652
LXSSA,10,30030,random,True,135.681874,134.674902
PSOC,4,30030,random,True,139.738097,138.556343
PSOC,28,30030,random,True,138.147303,137.254540
DE,22,30030,random,False,135.496242,136.211508
SLSQP,16,30030,random,True,137.328943,136.469246
PSOBV,10,30030,random,True,139.320270,138.108262
SSABV,4,6030,random,True,138.178921,136.781700
SSABV,28,6030,random,True,136.802093,135.944737
LXBV,22,6030,random,True,137.634672,136.476741
RSVNS,16,6030,random,True,137.226772,136.130165
BVNS,10,6030,random,True,138.270050,137.062228
SSA,4,6030,random,True,135.880490,135.344345
SSA,28,6030,random,True,134.117302,134.173393
LXSSA,22,6030,random,True,136.686198,136.723167
PSOC,16,6030,random,True,137.946091,137.056138
DE,10,6030,random,False,134.949068,135.388294
SLSQP,4,6030,random,True,134.834325,134.908287
SLSQP,28,6030,random,True,134.591132,134.257124
PSOBV,22,6030,random,True,138.224770,137.037543
SSABV,16,6030,feasible,True,138.553493,137.466096
LXBV,10,6030,feasible,True,138.194402,137.096295
BVNS,4,6030,feasible,True,139.874389,138.462984
BVNS,28,6030,feasible,True,138.795213,137.303611
SSA,22,6030,feasible,True,136.960775,136.417681
LXSSA,16,6030,feasible,True,137.242586,136.894614
PSOC,10,6030,feasible,True,136.488124,136.543617
DE,4,6030,feasible,True,137.359356,137.661944
DE,28,6030,feasible,True,136.752681,136.898880
SLSQP,22,6030,feasible,True,136.781247,137.011255
PSOBV,16,6030,feasible,True,138.644767,137.504216
SSABV,2,120030,random,True,139.246108,137.971731
RSVNS,6,120030,random,True,139.310787,138.236923
SSA,10,120030,random,True,137.310830,135.825566
DE,4,120030,random,True,139.866943,138.587447
PSOBV,8,120030,random,True,139.347201,138.094477
SSABV,22,30030,random,True,138.252309,137.115138
LXBV,16,30030,random,True,138.894647,137.612876
RSVNS,10,30030,random,True,138.598927,137.000652
BVNS,4,30030,random,True,137.601309,136.288693
BVNS,28,30030,random,True,137.257425,136.144734
SSA,22,30030,random,True,137.493080,136.493870
LXSSA,16,30030,random,True,135.728635,134.699524
PSOC,10,30030,random,True,138.989431,137.815678
DE,4,30030,random,False,135.159643,135.547462
DE,28,30030,random,False,135.265802,135.740396
SLSQP,22,30030,random,True,137.346985,137.231779
PSOBV,16,30030,random,True,138.941201,137.747005
SSABV,10,6030,random,True,137.287033,136.013958
LXBV,4,6030,random,True,137.391528,136.401293
LXBV,28,6030,random,True,137.775983,136.581077
RSVNS,22,6030,random,True,137.328938,136.029146
BVNS,16,6030,random,True,137.677344,136.579471
SSA,10,6030,random,True,137.155422,136.280921
LXSSA,4,6030,random,True,135.630148,134.891130
LXSSA,28,6030,random,True,135.683990,135.486025
PSOC,22,6030,random,True,138.442693,137.965456
DE,16,6030,random,False,133.942960,134.203675
SLSQP,10,6030,random,True,137.509929,137.013820
PSOBV,4,6030,random,True,138.855119,137.713040
PSOBV,28,6030,random,True,138.771365,137.586366
SSABV,22,6030,feasible,True,138.015994,136.881596
LXBV,16,6030,feasible,True,138.191934,136.994154
BVNS,10,6030,feasible,True,138.230014,137.122709
SSA,4,6030,feasible,True,138.128741,137.652831
SSA,28,6030,feasible,True,137.679876,136.978153
LXSSA,22,6030,feasible,True,136.894287,136.357325
PSOC,16,6030,feasible,True,136.141000,136.748331
DE,10,6030,feasible,True,136.488124,136.543617
SLSQP,4,6030,feasible,True,138.117418,137.754991
SLSQP,28,6030,feasible,True,136.994304,136.912089
PSOBV,22,6030,feasible,True,137.968083,136.727224
RSVNS,1,120030,random,True,139.099748,137.840279
SSA,5,120030,random,True,137.867344,136.664456
PSOC,9,120030,random,True,138.813085,137.399366
PSOBV,3,120030,random,True,139.290966,137.926526
SSABV,17,30030,random,True,137.748094,136.469616
LXBV,11,30030,random,True,138.477169,137.467130
RSVNS,5,30030,random,True,138.799478,137.604623
RSVNS,29,30030,random,True,137.702666,136.693045
BVNS,23,30030,random,True,138.996698,137.697951
SSA,17,30030,random,True,137.662719,136.643288
LXSSA,11,30030,random,True,136.401015,135.733543
PSOC,5,30030,random,True,138.066744,136.780296
PSOC,29,30030,random,True,138.219045,136.921733
DE,23,30030,random,False,135.682292,136.122149
SLSQP,17,30030,random,True,136.867526,136.633186
PSOBV,11,30030,random,True,139.053866,137.857490
SSABV,5,6030,random,True,138.009352,136.947481
SSABV,29,6030,random,True,136.782832,135.876131
LXBV,23,6030,random,True,137.442230,136.152561
RSVNS,17,6030,random,True,138.600706,137.526063
BVNS,11,6030,random,True,138.598974,137.284749
SSA,5,6030,random,True,136.427079,136.090726
SSA,29,6030,random,True,136.074783,135.517386
LXSSA,23,6030,random,True,136.986930,136.740051
PSOC,17,6030,random,True,138.459804,137.399102
DE,11,6030,random,False,134.871489,135.480366
SLSQP,5,6030,random,True,136.546278,136.418397
SLSQP,29,6030,random,True,136.231359,136.002427
PSOBV,23,6030,random,True,137.523246,136.789012
SSABV,17,6030,feasible,True,138.493296,137.388893
LXBV,11,6030,feasible,True,138.527866,137.495952
BVNS,5,6030,feasible,True,138.750625,137.600615
BVNS,29,6030,feasible,True,138.323284,137.152909
SSA,23,6030,feasible,True,136.519574,136.229276
LXSSA,17,6030,feasible,True,136.963308,136.569617
PSOC,11,6030,feasible,True,136.399968,136.913997
DE,5,6030,feasible,True,136.538315,136.756902
DE,29,6030,feasible,True,136.414310,136.474566
SLSQP,23,6030,feasible,True,136.633158,136.244555
PSOBV,17,6030,feasible,True,138.206426,137.059028
RSVNS,2,120030,random,True,138.624230,137.411411
SSA,6,120030,random,True,136.964017,136.035312
PSOC,10,120030,random,True,139.124772,137.877428
PSOBV,4,120030,random,True,139.808654,138.591286
SSABV,18,30030,random,True,137.643035,136.462128
LXBV,12,30030,random,True,138.083304,137.203377
RSVNS,6,30030,random,True,137.770059,136.920852
RSVNS,30,30030,random,True,137.611777,136.246832
BVNS,24,30030,random,True,137.783678,136.498171
SSA,18,30030,random,True,136.573449,135.944034
LXSSA,12,30030,random,True,136.235150,135.620465
PSOC,6,30030,random,True,138.667634,137.785034
PSOC,30,30030,random,False,136.107066,136.607192
DE,24,30030,random,False,134.507890,135.058733
SLSQP,18,30030,random,True,136.991340,136.972577
PSOBV,12,30030,random,True,138.894144,137.710636
SSABV,6,6030,random,True,137.297631,136.138694
SSABV,30,6030,random,True,136.520538,135.225797
LXBV,24,6030,random,True,136.614487,135.377811
RSVNS,18,6030,random,True,138.136274,136.781777
BVNS,12,6030,random,True,136.802754,135.389775
SSA,6,6030,random,True,135.786594,135.372502
SSA,30,6030,random,True,137.374682,136.766271
LXSSA,24,6030,random,True,135.450936,134.894304
PSOC,18,6030,random,False,136.509253,137.026138
DE,12,6030,random,False,136.246800,136.673286
SLSQP,6,6030,random,True,136.242087,135.694216
SLSQP,30,6030,random,True,136.691273,136.969671
PSOBV,24,6030,random,True,137.897059,136.827598
SSABV,18,6030,feasible,True,138.061291,136.827169
LXBV,12,6030,feasible,True,138.247539,136.836186
BVNS,6,6030,feasible,True,138.694514,137.608473
BVNS,30,6030,feasible,True,139.122603,137.813103
SSA,24,6030,feasible,True,137.024374,136.622190
LXSSA,18,6030,feasible,True,137.079450,136.838946
PSOC,12,6030,feasible,True,135.815096,136.224892
DE,6,6030,feasible,True,136.933366,137.100458
DE,30,6030,feasible,True,137.508877,137.536147
SLSQP,24,6030,feasible,True,136.699724,136.678116
PSOBV,18,6030,feasible,True,138.847164,137.684136
RSVNS,3,120030,random,True,139.916190,138.504673
SSA,7,120030,random,True,137.982921,136.931494
DE,1,120030,random,True,140.652659,139.225841
PSOBV,5,120030,random,True,138.448295,136.962140
SSABV,19,30030,random,True,138.853624,137.512805
LXBV,13,30030,random,True,138.889060,137.886821
RSVNS,7,30030,random,True,138.353171,137.231947
BVNS,1,30030,random,True,138.791923,137.754795
BVNS,25,30030,random,True,139.219582,137.685987
SSA,19,30030,random,True,137.374439,136.568590
LXSSA,13,30030,random,True,135.600428,135.233979
PSOC,7,30030,random,True,138.815837,138.110165
DE,1,30030,random,False,134.673024,135.609192
DE,25,30030,random,False,135.711547,136.017657
SLSQP,19,30030,random,True,137.679476,137.512499
PSOBV,13,30030,random,True,138.128132,137.163616
SSABV,7,6030,random,True,137.357780,136.306452
LXBV,1,6030,random,True,137.640747,136.688959
LXBV,25,6030,random,True,136.553826,135.277692
RSVNS,19,6030,random,True,137.187005,136.452451
BVNS,13,6030,random,True,138.280954,137.453663
SSA,7,6030,random,True,134.623170,134.003317
LXSSA,1,6030,random,True,137.046201,136.795904
LXSSA,25,6030,random,True,136.093369,135.712783
PSOC,19,6030,random,True,136.890285,136.925357
DE,13,6030,random,False,136.787040,137.091331
SLSQP,7,6030,random,True,136.972851,136.838229
PSOBV,1,6030,random,True,139.776930,138.278548
PSOBV,25,6030,random,True,137.632315,136.553801
SSABV,19,6030,feasible,True,138.484810,137.236040
LXBV,13,6030,feasible,True,137.502352,136.494590
BVNS,7,6030,feasible,True,138.837444,137.638481
SSA,1,6030,feasible,True,137.183422,136.489830
SSA,25,6030,feasible,True,136.748249,136.622179
LXSSA,19,6030,feasible,True,136.994860,136.521214
PSOC,13,6030,feasible,True,135.860921,136.200308
DE,7,6030,feasible,True,136.922722,137.081652
SLSQP,1,6030,feasible,True,136.533097,136.468584
SLSQP,25,6030,feasible,True,136.880226,136.707483
PSOBV,19,6030,feasible,True,138.259468,137.204335
RSVNS,4,120030,random,True,139.259875,137.885263
SSA,8,120030,random,True,136.223092,135.188467
DE,2,120030,random,True,138.870668,137.666177
PSOBV,6,120030,random,True,139.215651,138.183366
SSABV,20,30030,random,True,137.385564,136.102120
LXBV,14,30030,random,True,138.346736,137.242610
RSVNS,8,30030,random,True,137.652191,136.443790
BVNS,2,30030,random,True,138.698412,137.632437
BVNS,26,30030,random,True,139.205051,137.776094
SSA,20,30030,random,True,136.736022,135.626361
LXSSA,14,30030,random,True,135.558070,134.769681
PSOC,8,30030,random,True,137.672249,137.422829
DE,2,30030,random,False,133.702081,134.319533
DE,26,30030,random,True,136.372577,136.865815
SLSQP,20,30030,random,True,136.665562,136.619282
PSOBV,14,30030,random,True,139.760472,138.518732
SSABV,8,6030,random,True,137.727856,136.398189
LXBV,2,6030,random,True,138.168375,137.020638
LXBV,26,6030,random,True,138.091182,137.075129
RSVNS,20,6030,random,True,138.185423,137.073766
BVNS,14,6030,random,True,138.068049,136.812652
SSA,8,6030,random,True,134.946842,134.604159
LXSSA,2,6030,random,True,136.710901,135.998705
LXSSA,26,6030,random,True,136.656394,136.058291
PSOC,20,6030,random,True,136.941562,137.254397
DE,14,6030,random,False,136.151080,136.621747
SLSQP,8,6030,random,True,136.153334,135.871214
PSOBV,2,6030,random,True,137.571743,136.440136
PSOBV,26,6030,random,True,138.759082,137.466900
SSABV,20,6030,feasible,True,138.705545,137.736453
LXBV,14,6030,feasible,True,137.404852,136.477762
BVNS,8,6030,feasible,True,138.458793,137.146888
SSA,2,6030,feasible,True,136.607340,135.895122
SSA,26,6030,feasible,True,136.664040,136.107071
LXSSA,20,6030,feasible,True,137.470518,137.267385
PSOC,14,6030,feasible,True,135.806654,136.109760
DE,8,6030,feasible,True,135.814006,136.388230
SLSQP,2,6030,feasible,True,136.370224,136.125895
SLSQP,26,6030,feasible,True,136.440634,136.061961
PSOBV,20,6030,feasible,True,139.117500,137.923064
SSABV,3,120030,random,True,139.499133,138.235228
RSVNS,7,120030,random,True,139.398063,138.006586
LXSSA,1,120030,random,True,137.906762,137.105476
DE,5,120030,random,True,139.070791,137.505486
PSOBV,9,120030,random,True,138.537721,137.347160
SSABV,23,30030,random,True,137.007458,135.746020
LXBV,17,30030,random,True,138.737954,137.372187
RSVNS,11,30030,random,True,138.102014,136.511734
BVNS,5,30030,random,True,138.757876,137.562175
BVNS,29,30030,random,True,138.644141,137.410676
SSA,23,30030,random,True,134.932598,134.394554
LXSSA,17,30030,random,True,136.954473,136.086663
PSOC,11,30030,random,True,138.619136,137.763274
DE,5,30030,random,True,137.779017,137.054129
DE,29,30030,random,False,135.625837,135.993755
SLSQP,23,30030,random,True,136.962409,136.973224
PSOBV,17,30030,random,True,139.112491,137.661318
SSABV,11,6030,random,True,138.068983,136.756589
LXBV,5,6030,random,True,137.427411,136.179742
LXBV,29,6030,random,True,137.886207,136.613717
RSVNS,23,6030,random,True,137.662968,136.214884
BVNS,17,6030,random,True,137.797144,136.410905
SSA,11,6030,random,True,135.712659,135.474758
LXSSA,5,6030,random,False,135.966303,136.493911
LXSSA,29,6030,random,True,135.361419,135.234081
PSOC,23,6030,random,False,135.618552,135.737154
DE,17,6030,random,False,135.643546,135.955775
SLSQP,11,6030,random,True,137.696381,137.209823
PSOBV,5,6030,random,True,138.014332,136.818200
PSOBV,29,6030,random,True,137.753802,136.504189
SSABV,23,6030,feasible,True,138.088819,136.842593
LXBV,17,6030,feasible,True,138.442196,137.162321
BVNS,11,6030,feasible,True,138.944446,137.632406
SSA,5,6030,feasible,True,137.312366,136.826933
SSA,29,6030,feasible,True,137.209852,136.436159
LXSSA,23,6030,feasible,True,136.574803,136.230625
PSOC,17,6030,feasible,True,136.548838,136.578678
DE,11,6030,feasible,True,136.399968,136.913997
SLSQP,5,6030,feasible,True,137.144682,136.871179
SLSQP,29,6030,feasible,True,136.810428,136.483363
PSOBV,23,6030,feasible,True,138.223851,136.941419
SSABV,4,120030,random,True,139.761182,138.369532
RSVNS,8,120030,random,True,139.503190,137.912531
LXSSA,2,120030,random,True,136.680013,135.991917
DE,6,120030,random,True,140.663723,138.992181
PSOBV,10,120030,random,True,140.304006,138.625558
SSABV,24,30030,random,True,139.048402,137.883175
LXBV,18,30030,random,True,138.709529,137.236844
RSVNS,12,30030,random,True,138.250674,137.103949
BVNS,6,30030,random,True,137.852804,136.924021
BVNS,30,30030,random,True,138.444330,137.262709
SSA,24,30030,random,True,136.996869,136.132903
LXSSA,18,30030,random,True,136.244958,135.537459
PSOC,12,30030,random,True,138.728604,137.610793
DE,6,30030,random,False,136.185684,136.773574
DE,30,30030,random,False,134.844862,135.349808
SLSQP,24,30030,random,True,136.535331,136.007373
PSOBV,18,30030,random,True,140.098479,139.077170
SSABV,12,6030,random,True,137.253810,135.912905
LXBV,6,6030,random,True,137.681623,136.476214
LXBV,30,6030,random,True,136.122517,135.116883
RSVNS,24,6030,random,True,137.546684,136.304511
BVNS,18,6030,random,True,135.846783,134.681561
SSA,12,6030,random,True,137.112426,136.344659
LXSSA,6,6030,random,True,134.717769,135.060230
LXSSA,30,6030,random,True,135.285498,134.651896
PSOC,24,6030,random,True,137.927314,137.529496
DE,18,6030,random,False,134.336956,134.642440
SLSQP,12,6030,random,True,135.962993,135.838348
PSOBV,6,6030,random,True,137.481034,136.570934
PSOBV,30,6030,random,True,137.624509,136.835464
SSABV,24,6030,feasible,True,138.065822,137.098408
LXBV,18,6030,feasible,True,138.420515,137.237681
BVNS,12,6030,feasible,True,138.288616,137.035127
SSA,6,6030,feasible,True,137.729309,137.253031
SSA,30,6030,feasible,True,137.823884,137.547755
LXSSA,24,6030,feasible,True,137.335961,136.690413
PSOC,18,6030,feasible,True,136.232643,136.658299
DE,12,6030,feasible,True,135.815096,136.224892
SLSQP,6,6030,feasible,True,137.036712,137.099953
SLSQP,30,6030,feasible,True,137.873654,137.561067
PSOBV,24,6030,feasible,True,138.613366,137.480632
SSABV,5,120030,random,True,138.486364,137.329796
RSVNS,9,120030,random,True,140.169770,138.539899
LXSSA,3,120030,random,True,136.804652,135.921848
DE,7,120030,random,True,139.428820,137.788066
SSABV,1,30030,random,True,136.523961,135.320429
SSABV,25,30030,random,True,138.594389,137.058104
LXBV,19,30030,random,True,137.354681,136.302287
RSVNS,13,30030,random,True,138.984831,137.706600
BVNS,7,30030,random,True,139.049546,137.664264
SSA,1,30030,random,True,136.949085,136.290720
SSA,25,30030,random,True,138.286740,137.513298
LXSSA,19,30030,random,True,136.625912,135.934239
PSOC,13,30030,random,False,136.592519,137.029148
DE,7,30030,random,False,135.256990,135.497405
SLSQP,1,30030,random,True,137.391397,137.438326
SLSQP,25,30030,random,True,136.577204,136.435248
PSOBV,19,30030,random,True,139.207728,137.872474
SSABV,13,6030,random,True,137.568827,136.202450
LXBV,7,6030,random,True,136.961649,135.825779
RSVNS,1,6030,random,True,138.671847,137.543958
RSVNS,25,6030,random,True,137.570176,136.209379
BVNS,19,6030,random,True,138.191273,137.223515
SSA,13,6030,random,True,137.540525,136.499019
LXSSA,7,6030,random,True,134.984174,135.271942
PSOC,1,6030,random,True,139.074307,138.168427
PSOC,25,6030,random,True,137.642719,136.966127
DE,19,6030,random,False,135.749775,136.024564
SLSQP,13,6030,random,True,137.382262,137.506440
PSOBV,7,6030,random,True,138.908115,138.130380
SSABV,1,6030,feasible,True,138.435751,137.108184
SSABV,25,6030,feasible,True,138.364266,137.119018
LXBV,19,6030,feasible,True,138.008632,137.032000
BVNS,13,6030,feasible,True,137.692492,136.448769
SSA,7,6030,feasible,True,137.584100,137.029287
LXSSA,1,6030,feasible,True,137.463956,136.573229
LXSSA,25,6030,feasible,True,136.733682,136.633414
PSOC,19,6030,feasible,True,136.373674,136.538504
DE,13,6030,feasible,True,135.860921,136.200308
SLSQP,7,6030,feasible,True,137.290887,137.095531
PSOBV,1,6030,feasible,True,138.013918,136.877962
PSOBV,25,6030,feasible,True,137.681661,136.706476
SSABV,6,120030,random,True,139.431402,138.384175
RSVNS,10,120030,random,True,139.641237,138.162175
LXSSA,4,120030,random,True,136.844992,135.934972
DE,8,120030,random,True,140.021889,139.054900
SSABV,2,30030,random,True,137.439486,136.345532
SSABV,26,30030,random,True,139.225748,137.958876
LXBV,20,30030,random,True,138.827477,137.409591
RSVNS,14,30030,random,True,138.495684,137.272695
BVNS,8,30030,random,True,137.683303,136.770540
SSA,2,30030,random,True,136.874778,136.144799
SSA,26,30030,random,True,134.315908,133.558809
LXSSA,20,30030,random,True,135.647748,135.104287
PSOC,14,30030,random,True,139.607022,138.504207
DE,8,30030,random,True,138.689585,138.552425
SLSQP,2,30030,random,True,136.930660,136.666267
SLSQP,26,30030,random,True,137.664375,137.166192
PSOBV,20,30030,random,True,139.511401,138.090373
SSABV,14,6030,random,True,137.868531,136.587860
LXBV,8,6030,random,True,136.547834,136.039807
RSVNS,2,6030,random,True,137.971856,136.786065
RSVNS,26,6030,random,True,137.779902,136.596056
BVNS,20,6030,random,True,137.520198,136.067561
SSA,14,6030,random,True,135.642881,134.925272
LXSSA,8,6030,random,True,136.594958,136.215129
PSOC,2,6030,random,True,136.103724,136.301153
PSOC,26,6030,random,True,138.855777,137.835009
DE,20,6030,random,False,133.605531,134.170657
SLSQP,14,6030,random,True,136.491609,136.563387
PSOBV,8,6030,random,True,138.196437,137.132324
SSABV,2,6030,feasible,True,137.823877,136.627486
SSABV,26,6030,feasible,True,138.115989,137.068851
LXBV,20,6030,feasible,True,139.562262,138.072308
BVNS,14,6030,feasible,True,137.823135,136.755543
SSA,8,6030,feasible,True,136.511115,136.313032
LXSSA,2,6030,feasible,True,136.281549,135.818915
LXSSA,26,6030,feasible,True,136.381859,136.098617
PSOC,20,6030,feasible,True,136.755965,137.226254
DE,14,6030,feasible,True,135.806654,136.109760
SLSQP,8,6030,feasible,True,136.432756,136.376953
PSOBV,2,6030,feasible,True,138.341619,136.935265
PSOBV,26,6030,feasible,True,138.255360,137.256295
SSABV,7,120030,random,True,138.852676,137.745212
BVNS,1,120030,random,True,139.592198,138.411427
LXSSA,5,120030,random,True,135.994763,135.158128
DE,9,120030,random,True,139.337715,138.053756
SSABV,3,30030,random,True,138.352945,137.217664
SSABV,27,30030,random,True,138.239504,136.945853
LXBV,21,30030,random,True,138.323641,137.201248
RSVNS,15,30030,random,True,138.529103,136.929036
BVNS,9,30030,random,True,138.914627,137.727262
SSA,3,30030,random,True,137.083673,136.301172
SSA,27,30030,random,True,135.476358,134.513491
LXSSA,21,30030,random,True,136.933413,136.110280
PSOC,15,30030,random,True,138.427772,137.161113
DE,9,30030,random,False,135.560749,136.195679
SLSQP,3,30030,random,True,136.490145,136.595716
SLSQP,27,30030,random,True,137.121422,136.865832
PSOBV,21,30030,random,True,139.989515,138.642361
SSABV,15,6030,random,True,137.298610,136.047605
LXBV,9,6030,random,True,139.043090,137.670117
RSVNS,3,6030,random,False,137.059642,136.746558
RSVNS,27,6030,random,False,135.405016,135.639089
BVNS,21,6030,random,True,138.716892,137.385705
SSA,15,6030,random,True,136.765322,136.122743
LXSSA,9,6030,random,False,136.538380,136.517815
PSOC,3,6030,random,False,136.959945,137.333247
PSOC,27,6030,random,True,137.876031,137.315413
DE,21,6030,random,False,134.317462,134.682357
SLSQP,15,6030,random,True,134.523592,134.201470
PSOBV,9,6030,random,True,137.557554,136.498214
SSABV,3,6030,feasible,True,138.761831,137.788864
SSABV,27,6030,feasible,True,138.291779,137.319555
LXBV,21,6030,feasible,True,138.298082,136.977306
BVNS,15,6030,feasible,True,138.474309,137.601960
SSA,9,6030,feasible,True,137.236190,136.306436
LXSSA,3,6030,feasible,True,137.004058,136.984894
LXSSA,27,6030,feasible,True,137.340347,136.926464
PSOC,21,6030,feasible,True,136.181028,136.445773
DE,15,6030,feasible,True,136.577842,137.002335
SLSQP,9,6030,feasible,True,136.233702,136.403715
PSOBV,3,6030,feasible,True,138.973382,137.649341
PSOBV,27,6030,feasible,True,138.110295,137.153804
SSABV,8,120030,random,True,139.174567,137.940271
BVNS,2,120030,random,True,139.648591,138.128479
LXSSA,6,120030,random,True,134.741886,134.170311
DE,10,120030,random,True,139.754254,138.574981
SSABV,4,30030,random,True,139.079284,137.726834
SSABV,28,30030,random,True,138.158124,137.126487
LXBV,22,30030,random,True,138.747480,137.342076
RSVNS,16,30030,random,True,137.685493,136.630752
BVNS,10,30030,random,True,138.894178,137.482456
SSA,4,30030,random,True,136.377832,135.419195
SSA,28,30030,random,True,137.404743,136.726287
LXSSA,22,30030,random,True,134.803202,134.372440
PSOC,16,30030,random,True,138.722879,137.365028
DE,10,30030,random,True,137.332874,137.353754
SLSQP,4,30030,random,True,137.475446,137.410705
SLSQP,28,30030,random,True,136.740389,136.875837
PSOBV,22,30030,random,True,139.850481,138.455884
SSABV,16,6030,random,True,137.887307,136.605056
LXBV,10,6030,random,True,139.008239,137.526055
RSVNS,4,6030,random,True,136.421345,135.518518
RSVNS,28,6030,random,True,138.127742,136.854918
BVNS,22,6030,random,True,138.041830,136.666230
SSA,16,6030,random,True,135.133239,134.670589
LXSSA,10,6030,random,True,135.950462,135.401651
PSOC,4,6030,random,True,137.370360,136.785183
PSOC,28,6030,random,False,136.600736,137.194921
DE,22,6030,random,False,136.817228,137.451673
SLSQP,16,6030,random,True,136.775717,136.900534
PSOBV,10,6030,random,True,139.163398,137.993108
SSABV,4,6030,feasible,True,139.235653,138.033739
SSABV,28,6030,feasible,True,138.906833,137.669628
LXBV,22,6030,feasible,True,138.376416,137.030979
BVNS,16,6030,feasible,True,138.758736,137.549312
SSA,10,6030,feasible,True,137.192721,136.575208
LXSSA,4,6030,feasible,True,138.345290,137.711534
LXSSA,28,6030,feasible,True,137.318650,136.898137
PSOC,22,6030,feasible,True,136.120430,136.345452
DE,16,6030,feasible,True,136.141000,136.748331
SLSQP,10,6030,feasible,True,137.193199,137.066625
PSOBV,4,6030,feasible,True,139.757048,138.401639
PSOBV,28,6030,feasible,True,138.733046,137.244319
SSABV,9,120030,random,True,139.347892,138.089679
BVNS,3,120030,random,True,139.200591,137.883519
LXSSA,7,120030,random,True,137.447485,136.347252
SLSQP,1,120030,random,True,137.391397,137.438326
SSABV,5,30030,random,True,138.540477,137.178469
SSABV,29,30030,random,True,138.945679,137.720909
LXBV,23,30030,random,True,136.688548,135.565550
RSVNS,17,30030,random,True,137.245935,136.166538
BVNS,11,30030,random,True,138.622184,137.323974
SSA,5,30030,random,True,135.373809,134.627560
SSA,29,30030,random,True,136.149505,135.079836
LXSSA,23,30030,random,True,133.872318,133.962321
PSOC,17,30030,random,True,139.002541,137.582466
DE,11,30030,random,False,136.517100,136.687958
SLSQP,5,30030,random,True,137.029417,137.097656
SLSQP,29,30030,random,True,136.248071,136.234177
PSOBV,23,30030,random,True,138.349621,137.040240
SSABV,17,6030,random,True,136.257885,135.148059
LXBV,11,6030,random,True,137.127083,135.951127
RSVNS,5,6030,random,True,137.828927,136.562749
RSVNS,29,6030,random,True,137.717323,136.697940
BVNS,23,6030,random,True,136.422480,134.955546
SSA,17,6030,random,True,135.292291,134.731339
LXSSA,11,6030,random,True,135.182219,134.850569
PSOC,5,6030,random,True,137.604624,136.565311
PSOC,29,6030,random,True,137.651641,136.795388
DE,23,6030,random,False,134.799137,135.049810
SLSQP,17,6030,random,True,135.952247,136.188935
PSOBV,11,6030,random,True,138.968845,137.822004
SSABV,5,6030,feasible,True,138.510519,137.283885
SSABV,29,6030,feasible,True,137.802849,136.724188
LXBV,23,6030,feasible,True,137.795942,136.580156
BVNS,17,6030,feasible,True,138.300608,137.140455
SSA,11,6030,feasible,True,137.176232,136.953143
LXSSA,5,6030,feasible,True,136.792703,136.816276
LXSSA,29,6030,feasible,True,137.248207,136.561897
PSOC,23,6030,feasible,True,136.248178,136.208496
DE,17,6030,feasible,True,136.548838,136.578678
SLSQP,11,6030,feasible,True,137.187070,136.957609
PSOBV,5,6030,feasible,True,138.631420,137.486779
PSOBV,29,6030,feasible,True,138.308070,137.126209
SSABV,10,120030,random,True,138.976051,137.406233
BVNS,4,120030,random,True,139.658978,138.037360
LXSSA,8,120030,random,True,136.175815,135.211698
SLSQP,2,120030,random,True,137.498049,137.376993
SSABV,6,30030,random,True,137.288143,136.024469
SSABV,30,30030,random,True,138.369303,137.199368
LXBV,24,30030,random,True,138.293362,136.884870
RSVNS,18,30030,random,True,138.903692,137.482021
BVNS,12,30030,random,True,138.720847,137.407608
SSA,6,30030,random,True,136.616131,135.941178
SSA,30,30030,random,True,137.152575,136.358574
LXSSA,24,30030,random,True,137.130035,136.506887
PSOC,18,30030,random,True,139.398906,138.389654
DE,12,30030,random,True,137.595651,137.211526
SLSQP,6,30030,random,True,137.703982,137.251812
SLSQP,30,30030,random,True,137.677503,137.306105
PSOBV,24,30030,random,True,139.440694,138.233341
SSABV,18,6030,random,True,138.175695,136.788220
LXBV,12,6030,random,True,134.939305,133.762927
RSVNS,6,6030,random,True,138.026710,136.786989
RSVNS,30,6030,random,True,136.709828,135.837362
BVNS,24,6030,random,True,137.452084,136.294798
SSA,18,6030,random,True,138.007645,137.268123
LXSSA,12,6030,random,True,136.458741,135.838734
PSOC,6,6030,random,False,136.833182,137.344163
PSOC,30,6030,random,False,136.458537,136.754186
DE,24,6030,random,False,135.799354,136.101196
SLSQP,18,6030,random,True,136.140955,135.792245
PSOBV,12,6030,random,True,138.566373,137.429117
SSABV,6,6030,feasible,True,139.092278,137.828199
SSABV,30,6030,feasible,True,139.032612,137.653633
LXBV,24,6030,feasible,True,138.509145,137.617822
BVNS,18,6030,feasible,True,138.971156,137.807294
SSA,12,6030,feasible,True,137.047560,136.165436
LXSSA,6,6030,feasible,True,137.457150,137.110371
LXSSA,30,6030,feasible,True,137.724002,137.548203
PSOC,24,6030,feasible,True,136.237843,136.655399
DE,18,6030,feasible,True,136.232643,136.658299
SLSQP,12,6030,feasible,True,136.325755,136.448472
PSOBV,6,6030,feasible,True,138.664274,137.552126
PSOBV,30,6030,feasible,True,139.120609,137.809654
