Algorithm,Dataset,Radius,Turbines,Seed,Budget,Init,Calls,Objective,Ideal,WakeLoss,Feasible,MinSpacing,Seconds,Coordinates,Curve,Spacing
PSOBV,LG,0,16,27,30030,random,30030,113.8941677003985,139.40196148739233,25.50779378699383,True,279.1613491195086,27.316114364000896,-337.81 61.46;78.68 312.91;786.97 206.10;459.09 -130.92;-611.56 -8.60;246.29 80.93;271.92 -363.78;183.48 571.66;-105.21 -615.76;490.83 394.63;-407.40 -303.19;-713.27 -269.35;-50.46 6.03;-217.64 315.85;-96.52 568.47;-22.26 -285.35,nan;nan;nan;nan;nan;nan;nan;nan;nan;nan;nan;nan;nan;nan;nan;nan;nan;nan;nan;nan;nan;nan;nan;nan;nan;nan;nan;nan;nan;nan;nan;nan;nan;nan;nan;nan;nan;nan;nan;nan;nan;nan;nan;nan;nan;nan;nan;nan;nan;nan;nan;nan;nan;nan;nan;nan;nan;112.1677;112.3492;112.5007;112.5368;112.6368;112.8368;112.8736;112.8736;113.0226;113.0845;113.0854;113.0856;113.0866;113.2205;113.2215;113.2215;113.2552;113.2741;113.2741;113.2741;113.2954;113.2967;113.3340;113.3970;113.3987;113.4067;113.4072;113.4674;113.4680;113.4693;113.4701;113.4726;113.4732;113.4742;113.5532;113.5532;113.5532;113.5532;113.5544;113.5566;113.6122;113.6339;113.6339;113.6339;113.6403;113.6575;113.6668;113.8306;113.8727;113.8786;113.8806;113.8837;113.8871;113.8903;113.8920;113.8942;113.8942;113.8942;113.8942;113.8942;113.8942;113.8942;113.8942;113.8942;113.8942;113.8942;113.8942;113.8942;113.8942;113.8942;113.8942;113.8942;113.8942;113.8942;113.8942;113.8942;113.8942;113.8942;113.8942;113.8942;113.8942;113.8942;113.8942;113.8942;113.8942;113.8942;113.8942;113.8942;113.8942;113.8942;113.8942;113.8942;113.8942;113.8942;113.8942;113.8942;113.8942;113.8942;113.8942;113.8942;113.8942;113.8942;113.8942;113.8942;113.8942;113.8942;113.8942;113.8942;113.8942;113.8942;113.8942;113.8942;113.8942;113.8942;113.8942;113.8942;113.8942;113.8942;113.8942;113.8942;113.8942;113.8942;113.8942;113.8942;113.8942;113.8942;113.8942;113.8942;113.8942;113.8942;113.8942;113.8942;113.8942;113.8942;113.8942;113.8942;113.8942;113.8942;113.8942;113.8942;113.8942;113.8942;113.8942,279.0
PSOC,LG,0,16,27,30030,random,30030,113.98033574592692,139.40196148739233,25.421625741465405,True,279.0768146298238,28.166761083999518,-332.96 59.81;78.67 313.07;786.97 206.44;460.47 -131.47;-610.26 -10.22;244.37 82.72;275.32 -361.31;183.83 571.58;-106.04 -616.14;492.27 394.63;-409.97 -302.50;-713.26 -269.59;-51.01 6.85;-217.55 314.75;-96.62 568.60;-34.95 -282.56,nan;nan;nan;nan;nan;nan;nan;nan;nan;nan;nan;nan;nan;nan;nan;nan;nan;nan;nan;nan;nan;nan;nan;nan;nan;nan;nan;nan;nan;nan;nan;nan;nan;nan;nan;nan;nan;nan;nan;nan;nan;nan;nan;nan;nan;nan;nan;nan;nan;nan;nan;nan;nan;nan;nan;nan;nan;112.1677;112.3492;112.5007;112.5368;112.6368;112.8368;112.8736;112.8736;113.0226;113.0845;113.0854;113.0856;113.0866;113.2205;113.2215;113.2215;113.2552;113.2741;113.2741;113.2741;113.2954;113.2967;113.3340;113.3970;113.3987;113.4067;113.4072;113.4674;113.4680;113.4693;113.4701;113.4726;113.4732;113.4742;113.5532;113.5532;113.5532;113.5532;113.5544;113.5566;113.6122;113.6339;113.6339;113.6392;113.6392;113.6392;113.6422;113.6422;113.7254;113.7254;113.7254;113.7255;113.7264;113.7295;113.7312;113.7382;113.7382;113.7382;113.7382;113.7391;113.7403;113.7404;113.7406;113.7408;113.7411;113.7412;113.7418;113.7421;113.7428;113.7429;113.7536;113.7536;113.7542;113.7543;113.7545;113.7546;113.7548;113.7677;113.7677;113.7677;113.7677;113.7677;113.7679;113.7681;113.7685;113.7686;113.7695;113.7702;113.7705;113.9314;113.9314;113.9318;113.9318;113.9318;113.9331;113.9335;113.9335;113.9335;113.9335;113.9337;113.9339;113.9339;113.9340;113.9341;113.9344;113.9344;113.9344;113.9345;113.9347;113.9348;113.9352;113.9352;113.9353;113.9353;113.9353;113.9353;113.9355;113.9356;113.9384;113.9725;113.9729;113.9730;113.9731;113.9746;113.9788;113.9790;113.9790;113.9791;113.9793;113.9794;113.9795;113.9796;113.9797;113.9798;113.9798;113.9800;113.9801;113.9801;113.9802;113.9802;113.9802;113.9803;113.9803,279.0
SSABV,LG,0,16,27,30030,random,30030,114.98641733094698,139.40196148739233,24.41554415644535,True,282.6473384504796,26.44688644999951,-83.54 -286.71;-334.58 -141.67;641.73 43.46;-85.58 28.65;159.83 -430.44;-185.26 413.21;-18.76 655.98;154.84 204.18;-281.19 -515.47;-31.39 -658.48;-533.54 -371.11;437.34 306.87;-799.68 -219.48;-394.96 158.48;243.04 535.38;300.15 -96.29,nan;nan;nan;nan;nan;nan;nan;nan;nan;nan;nan;nan;nan;nan;nan;nan;nan;nan;nan;nan;nan;nan;nan;nan;nan;nan;nan;nan;nan;nan;nan;nan;nan;nan;nan;nan;nan;nan;nan;nan;nan;nan;nan;nan;nan;nan;nan;nan;nan;nan;nan;nan;nan;nan;nan;nan;nan;nan;nan;nan;nan;nan;nan;nan;nan;nan;111.1209;111.2623;111.3831;111.5341;111.6986;111.7106;111.7916;111.7939;111.8086;111.8131;111.8148;111.8170;111.8189;111.8199;111.8208;111.8218;111.8229;111.8234;111.8239;111.8242;111.8244;111.8246;111.8247;111.8248;111.8249;111.8249;111.8250;111.8250;111.8250;111.8251;111.8251;111.8251;111.8251;111.8251;112.1210;112.4706;112.9098;113.1665;113.3344;113.5074;113.9673;113.9929;114.2265;114.3302;114.4191;114.4443;114.4536;114.5518;114.5590;114.6050;114.6117;114.6165;114.6180;114.6208;114.6245;114.6268;114.6282;114.6295;114.6314;114.6314;114.6314;114.6314;114.6314;114.6314;114.6314;114.6314;114.6314;114.6314;114.6314;114.6314;114.6314;114.6314;114.6314;114.6314;114.6314;114.6314;114.6314;114.6314;114.6314;114.6314;114.6314;114.6314;114.6314;114.6314;114.6314;114.6314;114.6314;114.6314;114.6314;114.6314;114.6314;114.6839;114.7518;114.7611;114.8851;114.8923;114.8985;114.9078;114.9137;114.9158;114.9205;114.9662;114.9710;114.9741;114.9764;114.9777;114.9801;114.9824;114.9837;114.9839;114.9839;114.9864;114.9864;114.9864;114.9864;114.9864;114.9864;114.9864;114.9864;114.9864;114.9864;114.9864;114.9864;114.9864;114.9864;114.9864;114.9864;114.9864;114.9864;114.9864;114.9864;114.9864;114.9864;114.9864,279.0
SSA,LG,0,16,27,30030,random,30030,113.23351238971478,139.40196148739233,26.168449097677552,True,279.2441322394284,27.721732138001244,-224.16 -72.34;346.30 -283.54;728.17 261.46;319.19 104.99;-550.14 -358.48;-59.94 588.06;112.37 -449.69;-797.26 -216.01;-118.64 -608.96;-517.39 -76.63;-428.73 196.80;-54.09 204.35;-253.75 -356.98;286.87 402.83;89.71 -54.12;588.03 -17.98,nan;nan;nan;nan;nan;nan;nan;nan;nan;nan;nan;nan;nan;nan;nan;nan;nan;nan;nan;nan;nan;nan;nan;nan;nan;nan;nan;nan;nan;nan;nan;nan;nan;nan;nan;nan;nan;nan;nan;nan;nan;nan;nan;nan;nan;nan;nan;nan;nan;nan;nan;nan;nan;nan;nan;nan;nan;nan;nan;nan;nan;nan;nan;nan;nan;nan;nan;nan;nan;nan;nan;nan;nan;nan;nan;nan;nan;nan;nan;nan;nan;nan;nan;nan;nan;nan;nan;nan;nan;nan;nan;nan;nan;nan;nan;nan;nan;nan;nan;nan;nan;nan;nan;nan;nan;nan;nan;nan;nan;nan;nan;nan;nan;nan;nan;nan;nan;nan;nan;nan;111.6869;112.1208;112.1208;112.2302;112.2302;112.2302;112.6945;112.6945;112.7369;112.7799;112.7804;112.8419;112.8425;112.8425;112.8425;112.9788;112.9788;112.9895;113.0561;113.0671;113.1152;113.1161;113.1179;113.1209;113.1236;113.1284;113.1326;113.1360;113.1401;113.1426;113.1453;113.2244;113.2244;113.2253;113.2261;113.2270;113.2274;113.2280;113.2288;113.2293;113.2304;113.2304;113.2305;113.2308;113.2310;113.2313;113.2319;113.2321;113.2321;113.2323;113.2325;113.2326;113.2327;113.2329;113.2330;113.2330;113.2330;113.2331;113.2332;113.2332;113.2333;113.2333;113.2334;113.2334;113.2334;113.2334;113.2334;113.2334;113.2334;113.2334;113.2335;113.2335;113.2335;113.2335;113.2335;113.2335;113.2335;113.2335;113.2335;113.2335,279.0
LXSSA,LG,0,16,27,30030,random,30030,112.10812620550138,139.40196148739233,27.29383528189095,True,279.087891989427,28.455655839999963,-131.71 -457.56;-412.63 -441.16;517.20 -95.58;245.54 -258.00;-17.93 -134.75;102.35 618.61;-334.42 293.76;-475.37 52.01;-152.91 505.76;297.91 419.46;799.23 218.62;-692.75 -262.95;522.14 252.77;141.01 -518.67;-293.21 -187.75;97.21 221.53,nan;nan;nan;nan;nan;nan;nan;nan;nan;nan;nan;nan;nan;nan;nan;nan;nan;nan;nan;nan;nan;nan;nan;nan;nan;nan;nan;nan;nan;nan;nan;nan;nan;nan;nan;nan;nan;nan;nan;nan;nan;nan;nan;nan;nan;nan;nan;nan;nan;nan;nan;nan;nan;nan;nan;nan;nan;nan;nan;nan;nan;nan;nan;nan;nan;nan;nan;nan;nan;nan;nan;nan;nan;nan;nan;nan;nan;nan;nan;nan;nan;nan;nan;nan;nan;nan;nan;nan;nan;nan;nan;nan;nan;nan;nan;nan;nan;nan;nan;nan;nan;nan;nan;nan;nan;nan;nan;nan;nan;nan;nan;nan;nan;nan;nan;nan;nan;nan;nan;nan;nan;nan;nan;nan;nan;nan;nan;nan;nan;nan;nan;nan;nan;nan;nan;nan;nan;nan;nan;nan;nan;nan;nan;nan;nan;nan;nan;nan;nan;nan;nan;nan;nan;nan;nan;nan;nan;nan;nan;112.0484;112.0591;112.1035;112.1038;112.1039;112.1043;112.1046;112.1049;112.1052;112.1055;112.1058;112.1059;112.1062;112.1065;112.1069;112.1072;112.1072;112.1073;112.1073;112.1074;112.1074;112.1074;112.1074;112.1075;112.1075;112.1075;112.1075;112.1076;112.1076;112.1077;112.1078;112.1078;112.1078;112.1078;112.1080;112.1080;112.1081;112.1081;112.1081;112.1081;112.1081,279.0
DE,LG,0,16,27,30030,random,30030,112.40762730460361,139.40196148739233,26.99433418278872,False,275.2619640467222,31.08902525799931,518.19 128.78;17.75 -375.27;257.41 526.62;51.86 -60.64;-254.92 388.60;-623.63 -67.15;20.09 376.85;-517.64 -378.31;-244.17 -518.73;240.59 199.68;-303.81 106.61;793.93 212.22;-11.25 -671.00;-216.34 -199.68;-3.73 674.02;305.77 -281.29,nan;nan;nan;nan;nan;nan;nan;nan;nan;nan;nan;nan;nan;nan;nan;nan;nan;nan;nan;nan;nan;nan;nan;nan;nan;nan;nan;nan;nan;nan;nan;nan;nan;nan;nan;nan;nan;nan;nan;nan;nan;nan;nan;nan;nan;nan;nan;nan;nan;nan;nan;nan;nan;nan;nan;nan;nan;nan;nan;nan;nan;nan;nan;nan;nan;nan;nan;nan;nan;nan;nan;nan;nan;nan;nan;nan;nan;nan;nan;nan;nan;nan;nan;nan;nan;nan;nan;nan;nan;nan;nan;nan;nan;nan;nan;nan;nan;nan;nan;nan;nan;nan;nan;nan;nan;nan;nan;nan;nan;nan;nan;nan;nan;nan;nan;nan;nan;nan;nan;nan;nan;nan;nan;nan;nan;nan;nan;nan;nan;nan;nan;nan;nan;nan;nan;nan;nan;nan;nan;nan;nan;nan;nan;nan;nan;nan;nan;nan;nan;nan;nan;nan;nan;nan;nan;nan;nan;nan;nan;nan;nan;nan;nan;nan;nan;nan;nan;nan;nan;nan;nan;nan;nan;nan;nan;nan;nan;nan;nan;nan;nan;nan;nan;nan;nan;nan;nan;nan;nan;nan;nan;nan;nan;nan;nan;nan;nan;nan;nan;nan,279.0
BVNS,LG,0,16,27,30030,random,30030,113.66526573236763,139.40196148739233,25.736695755024698,True,280.5180928013033,36.153873606999696,-539.44 -368.46;-404.58 139.26;-200.34 -483.16;165.83 101.01;-221.23 365.06;61.77 368.50;133.25 -502.05;348.02 469.18;-110.78 54.31;-671.32 -75.56;449.56 201.94;-358.10 -153.84;-53.55 -237.07;-12.03 661.81;781.83 213.59;339.72 -291.45,nan;nan;nan;nan;nan;nan;nan;nan;nan;nan;nan;nan;nan;nan;nan;nan;nan;nan;nan;nan;nan;nan;nan;nan;nan;nan;nan;nan;nan;nan;nan;nan;nan;nan;nan;nan;nan;nan;nan;nan;nan;nan;nan;nan;nan;nan;nan;nan;nan;nan;nan;nan;nan;nan;nan;nan;nan;nan;nan;nan;nan;nan;nan;nan;110.4796;111.1614;111.5089;111.9121;112.0516;112.1390;112.2746;112.3797;112.4040;112.4787;112.5417;112.5565;112.5694;112.5775;112.5871;112.7176;112.7293;112.7389;112.7468;112.7577;112.7659;112.7721;112.7825;112.7911;112.7959;112.8022;112.8266;112.8339;112.8417;112.8504;112.8512;112.8607;112.8695;112.8734;112.8769;112.8850;112.8908;112.9236;112.9296;112.9397;112.9457;112.9478;112.9521;112.9561;112.9594;112.9627;112.9660;112.9689;112.9716;112.9730;112.9734;112.9745;112.9774;112.9787;112.9787;112.9787;112.9787;112.9787;112.9787;112.9787;112.9787;112.9787;112.9787;112.9787;112.9787;112.9787;112.9787;112.9787;112.9787;112.9787;112.9787;112.9787;112.9787;112.9787;112.9787;112.9787;112.9787;113.0541;113.1064;113.1455;113.2254;113.4645;113.4830;113.4952;113.5425;113.5581;113.5665;113.5702;113.5707;113.6168;113.6235;113.6284;113.6322;113.6366;113.6403;113.6428;113.6455;113.6483;113.6527;113.6557;113.6586;113.6588;113.6611;113.6632;113.6653;113.6653;113.6653;113.6653;113.6653;113.6653;113.6653;113.6653;113.6653;113.6653;113.6653;113.6653;113.6653;113.6653;113.6653;113.6653;113.6653;113.6653;113.6653;113.6653;113.6653;113.6653;113.6653;113.6653;113.6653;113.6653;113.6653;113.6653;113.6653;113.6653;113.6653;113.6653,279.0
SLSQP,LG,0,16,27,30030,random,30030,113.72386203464728,139.40196148739233,25.678099452745045,True,280.85229827376406,44.63815266200072,-107.66 554.67;582.10 -24.62;76.98 -379.30;-207.04 4.27;423.42 329.19;-222.22 -466.08;89.75 292.07;354.62 -279.44;-547.35 59.87;-334.81 297.84;770.71 187.04;-515.38 -382.53;-767.27 -232.60;302.49 1.74;209.65 552.13;16.84 -654.15,nan;111.9313;112.0778;112.0778;112.1496;112.1496;112.2918;112.4393;112.4473;112.4473;112.4473;112.4473;112.5508;112.5508;112.5508;112.5604;112.5628;112.6370;112.6370;112.6370;112.6370;112.6370;112.6987;112.6987;112.6987;112.6987;112.6997;112.6997;112.6997;112.7012;112.7047;112.7047;112.7047;112.7047;112.7047;112.7047;112.7047;112.7145;112.7145;112.7146;112.7146;112.8694;113.3317;113.3318;113.3319;113.3320;113.4843;113.4843;113.4843;113.4843;113.4843;113.4843;113.4941;113.4941;113.5163;113.5163;113.5163;113.5163;113.5163;113.5164;113.5164;113.5164;113.5164;113.7130;113.7140;113.7140;113.7140;113.7140;113.7140;113.7140;113.7140;113.7140;113.7140;113.7140;113.7140;113.7140;113.7140;113.7140;113.7140;113.7140;113.7140;113.7140;113.7140;113.7140;113.7140;113.7140;113.7239;113.7239;113.7239;113.7239;113.7239;113.7239;113.7239;113.7239;113.7239;113.7239;113.7239;113.7239;113.7239;113.7239;113.7239;113.7239;113.7239;113.7239;113.7239;113.7239;113.7239;113.7239;113.7239;113.7239;113.7239;113.7239;113.7239;113.7239;113.7239;113.7239;113.7239;113.7239;113.7239;113.7239;113.7239;113.7239;113.7239;113.7239;113.7239;113.7239;113.7239;113.7239;113.7239;113.7239;113.7239;113.7239;113.7239;113.7239;113.7239;113.7239;113.7239;113.7239;113.7239;113.7239;113.7239;113.7239;113.7239;113.7239;113.7239;113.7239;113.7239;113.7239;113.7239;113.7239;113.7239;113.7239;113.7239;113.7239;113.7239;113.7239;113.7239;113.7239;113.7239;113.7239;113.7239;113.7239;113.7239;113.7239;113.7239;113.7239;113.7239;113.7239;113.7239;113.7239;113.7239;113.7239;113.7239;113.7239;113.7239;113.7239;113.7239;113.7239;113.7239;113.7239;113.7239;113.7239;113.7239;113.7239;113.7239;113.7239;113.7239;113.7239;113.7239;113.7239;113.7239;113.7239;113.7239;113.7239;113.7239;113.7239;113.7239;113.7239;113.7239;113.7239,279.0
RSDVNS,LG,0,16,27,30030,random,30030,113.74187710491182,139.40196148739233,25.660084382480505,True,281.45924761397174,32.686924506999276,-295.26 -507.78;159.81 -193.14;687.78 94.76;394.06 120.04;-544.95 -365.16;-133.06 28.68;-440.87 26.34;36.37 -633.95;26.06 632.41;448.64 -167.01;557.84 356.07;-728.15 -139.90;314.41 497.36;-249.66 -229.08;113.68 199.59;-154.37 346.55,nan;nan;nan;nan;nan;nan;nan;nan;nan;nan;nan;nan;nan;nan;nan;nan;nan;nan;nan;nan;nan;nan;nan;nan;nan;nan;nan;nan;nan;nan;nan;nan;nan;nan;nan;nan;nan;nan;nan;nan;nan;nan;nan;nan;nan;nan;nan;nan;nan;nan;nan;nan;nan;nan;nan;nan;nan;nan;nan;nan;nan;nan;nan;nan;nan;nan;nan;nan;nan;nan;nan;nan;nan;nan;nan;nan;nan;nan;nan;nan;nan;nan;nan;nan;nan;nan;nan;nan;nan;nan;nan;nan;nan;nan;nan;nan;nan;nan;nan;nan;nan;nan;nan;nan;nan;nan;nan;nan;nan;nan;nan;nan;nan;nan;nan;nan;nan;nan;nan;nan;nan;111.4182;111.9526;112.1271;112.5945;112.6487;112.9081;113.0376;113.1697;113.1879;113.3351;113.4103;113.4176;113.4984;113.5261;113.5345;113.6334;113.6707;113.6749;113.6802;113.6867;113.6875;113.6917;113.6951;113.6979;113.7024;113.7054;113.7105;113.7135;113.7174;113.7196;113.7231;113.7259;113.7280;113.7335;113.7360;113.7392;113.7410;113.7419;113.7419;113.7419;113.7419;113.7419;113.7419;113.7419;113.7419;113.7419;113.7419;113.7419;113.7419;113.7419;113.7419;113.7419;113.7419;113.7419;113.7419;113.7419;113.7419;113.7419;113.7419;113.7419;113.7419;113.7419;113.7419;113.7419;113.7419;113.7419;113.7419;113.7419;113.7419;113.7419;113.7419;113.7419;113.7419;113.7419;113.7419;113.7419;113.7419;113.7419;113.7419,279.0
