File,Row,Study,Algorithm,Dataset,Radius,Turbines,Seed,Budget,Init,Spacing,SMin,Class,CoordinatesFull,MinSpacingFull,SpacingSlackFull,BoundarySlackFull,Margin,StrictLabel,StoredLabel,RerunLabel,LabelChanged,LabelDecided,ObjectiveReplayFull,ObjectiveStored,ObjectiveRerun,BitIdentical,Reproduction,ReplayBitIdentical,ReplayDiffFull,ReplayDiffRounded,WakeFlips,CallsMatch,MinSpacingMatch,RoundedCoordsMatch,CurveMatch,CaptureVerified,AllMatch,HRModel,SecondsStored,SecondsRerun
mpce_hr16new_s0of1.csv,1,mpce_hr16new,PSOC,HR,0,16,2,6030,random,,320,iii,-530.31356349402063 -633.1354185000398;-603.34748746496291 212.36478451105256;-102.74138716055941 -331.48342860011905;185.02571345763701 -105.05285996355744;615.9581514322108 -750.93943425880593;583.95665466167759 217.92334258109051;289.78817133835838 -727.71943457657778;408.79589742204496 -351.80662771478148;943.44249999999988 -834.83399992848626;-178.75696810651058 811.25705264939745;888.74271141438749 -449.96870837541775;-162.55238744237982 388.3777898091414;-888.65905033685021 421.9476835992516;-718.01694244850012 809.58113362973347;-270.86842174840012 -823.41451724213687;816.99847841637029 -124.27859384153922,321.74200377555599,1.7420047755559267,9.9127648506883485e-07,9.9127648506883485e-07,True,True,True,False,True,135.77463614259196,135.77463614259196,135.77463614259196,True,noise,True,0,-7.623583542e-06,0,True,False,True,True,True,False,old,8.530143081999995,6.2050740699996823
mpce_hr16new_s0of1.csv,5,mpce_hr16new,PSOC,HR,0,16,6,6030,random,,320,iii,673.15710824700182 -333.19115701907089;-943.44249999999988 834.83401701947707;293.79270228199437 384.36151548614055;-610.95748785134538 804.24913946121887;545.00121183084241 -796.49557302173582;-773.40122099197004 -388.65834538806575;-351.74334818097952 265.17251321461066;943.16591077777161 -834.58816568154361;-714.44841014840392 -781.25011649523776;-789.31512038351252 362.85947511671407;699.7196249269906 66.980447569827987;-77.524672776279772 -726.95520879116145;97.89234961970395 -7.6964800622552092;16.912000826737135 676.98697332794734;-61.085162845651752 -383.23061999015408;-454.67167046700331 -149.1480857212224,333.88878094171503,13.888781941715024,-1.6019477127178106e-05,1.6019477127178106e-05,False,False,False,False,True,137.79390831837233,137.79390831837233,137.79390831837233,True,bit,True,0,6.3531020940000004e-06,0,True,True,True,True,True,True,old,9.9629588299999341,6.3587885279994234
mpce_hr16new_s0of1.csv,6,mpce_hr16new,PSOC,HR,0,16,7,6030,random,,320,iii,174.95934107907027 -587.33455714102297;203.83670325272391 282.93693785522953;-791.52285604067595 -67.459024350466521;519.717772758602 802.47735269279121;-853.405056731218 293.05907343723669;-943.44249999999988 834.83399933618216;51.10335870572591 743.84880683845938;-140.89627296691467 -696.7010079388167;943.44249999999988 -834.83390449214835;449.18538134199702 -820.94543405840557;-491.37224889115595 361.73403548850581;-93.994914598440957 -228.48768922420467;692.36645027165537 521.00238160711888;700.02123480972864 -289.79132184098933;-517.40143698083625 -351.12073372096665;-599.96817956255256 -811.59544368081333,330.20558019919406,10.205581199194055,-1.0650416327816012e-05,1.0650416327816012e-05,False,False,False,False,True,137.93449637621234,137.93449637621234,137.93449637621234,True,bit,True,0,1.1709301279999999e-05,0,True,True,True,True,True,True,old,8.9114441159999842,6.1567851779982448
mpce_hr16new_s0of1.csv,8,mpce_hr16new,PSOC,HR,0,16,9,6030,random,,320,iii,-943.44249999999988 834.8337210851422;-410.05102944185711 -594.14727176466977;-132.90269171477956 -198.7877740450183;-730.80855160638976 -635.25855563196774;-590.04495936676517 -150.23224957080976;-534.7566383639836 656.07244380688826;554.31314502273256 -242.05146374579456;145.56645030297128 405.18128538685414;808.79932744709129 189.06941266403055;160.01031978739692 23.201353513344262;-313.04711583771893 82.429486643204555;243.96175730650359 -328.58971243240154;503.36712290674012 559.69141642269994;928.62738710750205 -752.42436768205073;-172.99234910440506 827.06885899764552;148.93340457034776 811.07559301381468,322.1907080335094,2.1907090335093926,-3.3023110753730587e-05,3.3023110753730587e-05,False,False,False,False,True,136.09894623351502,136.09894623351502,136.09894623351502,True,bit,True,0,-5.2641181009999998e-07,0,True,True,True,True,True,True,old,8.4056216000001314,6.0921370050000405
mpce_hr16new_s0of1.csv,9,mpce_hr16new,PSOC,HR,0,16,10,6030,random,,320,iii,834.19073310235217 -321.99163781860079;-280.22222301525858 722.14940908222957;-359.50148461692635 -823.0254331582853;-448.91778772211489 221.60812406674265;248.42201699800324 -829.00435138937701;-943.44249999999988 834.83394185445115;221.80692570348941 673.07474789493131;815.75829094620383 148.21905095283188;899.82896362493614 -727.16951865241174;-630.99963509745885 -198.66863803696396;500.28120654900096 -597.83533706422918;-9.0927211042842142 -502.25302833751283;-151.93740933526212 79.840258178425046;743.26496043685597 780.85178167380229;-728.69153187568577 -608.09828910285637;272.09943476654661 -110.00576798519869,329.08277521822112,9.0827762182211114,-6.0928184406341324e-06,6.0928184406341324e-06,False,False,False,False,True,137.71609298181224,137.71609298181224,137.71609298181224,True,bit,True,0,-8.1176768560000001e-06,0,True,True,True,True,True,True,old,9.1090714649999445,6.037692991001677
mpce_hr16new_s0of1.csv,10,mpce_hr16new,PSOC,HR,0,16,11,6030,random,,320,iii,775.68815216307758 520.41234140919903;-371.0067278724776 -780.75416720045166;35.853812167508188 -125.32725378308227;943.44249999999988 -834.83399992167335;874.91094630581233 -357.9873530149012;62.067335298031509 701.74181861127181;-527.66166159456998 24.098529917171543;495.12118801123393 -560.69499104125373;-692.99261067780981 629.65106571318904;81.144143135948241 -703.14042641408662;-851.23648272289108 145.23453748320838;-380.14795563227256 727.4451920059962;-734.75559253379924 -831.77620516826039;454.87296509307174 -233.40390104426672;391.14825873696554 94.501840245239819;481.5632952820572 760.28354162068729,327.77350309006783,7.7735040900678314,9.9044541987709074e-07,9.9044541987709074e-07,True,True,True,False,True,137.58117703559068,137.58117703559068,137.58117703559068,True,bit,True,0,-2.2670803049999999e-06,0,True,True,True,True,True,True,old,9.3642614710001908,6.0919727579985192
mpce_hr16new_s0of1.csv,18,mpce_hr16new,PSOC,HR,0,16,19,6030,random,,320,iii,-7.5663497969385602 719.59668144780062;-284.67246391823954 -649.10130726834427;527.49052275147767 -831.92249349637609;760.6690577942087 335.87178555877432;-803.45850297254549 24.806745376892497;-922.06501347913263 831.82711877078521;92.604251753502766 -446.31906719647174;-470.50115818627654 673.0164338119539;-256.72007387886072 390.54673894486797;-831.7328291305688 438.48170598168031;199.17895782256446 155.40627556260611;943.44249999999988 -834.83399690057536;799.77797821997422 -17.122148508472513;-70.660987607748737 -49.063099807905644;489.59192901480657 -158.23097258627629;462.64925958150934 780.44024586803005,338.55770795278261,18.557708952782605,6.2192022713898024e-07,6.2192022713898024e-07,True,True,True,False,True,136.70713466002951,136.70713466002951,136.70713466002951,True,bit,True,0,2.8158643770000001e-07,0,True,True,True,True,True,True,old,7.796747349999805,7.9882289349998246
mpce_hr16new_s0of1.csv,19,mpce_hr16new,PSOC,HR,0,16,20,6030,random,,320,iii,-194.62498879071416 -486.45332042780529;816.10394917406359 9.2753422104712389;153.77144435094633 -404.4108166407695;362.34990699986605 639.69173936541051;-437.06342138046426 77.948174727285704;468.36633393093655 -820.65761362486705;-943.44249999999988 834.83400054660626;623.1209301123796 300.34810654478508;941.04511918048638 -823.23892099914178;-872.35128320745036 510.983690523051;-771.87629870016247 -413.33571509206843;-598.77691060984705 694.65726579367708;-158.5672766952365 -819.28449261203639;-17.951720177849015 616.37933097020709;23.664461073174508 160.81721285459022;-479.63860254335833 -724.85686504505168,329.51315542003272,9.5131564200327166,4.5339368423447008e-07,4.5339368423447008e-07,True,True,True,False,True,137.04547653886118,137.04547653886118,137.04547653886118,True,bit,True,0,-6.5323390859999998e-06,0,True,True,True,True,True,True,old,7.9344640570000138,6.366799033999996
mpce_hr16new_s0of1.csv,23,mpce_hr16new,PSOC,HR,0,16,24,6030,random,,320,iii,943.44005266834245 -834.819999888957;-150.42242849682691 -827.63453997065153;514.21555155891122 330.22643399037963;775.03016801799481 -184.51419512984239;663.57165725186439 737.66152962703245;739.00815488909245 -586.95167577644486;-704.30434056025479 316.76691875120599;-688.05408906768002 -116.77370947778317;-370.76937852003493 -529.24243079507062;473.59751532243502 -361.91113103945679;-374.62162729052784 748.43315408338083;356.85658123111364 -17.512260308036876;-175.84854754776575 405.41325273798037;275.89930007777622 811.16215916560373;-3.4315565469794738 -12.829725823296378;-943.43804808792061 834.82164564774189,321.2959802549218,1.2959812549217986,0.00072226761543569998,0.00072226761543569998,True,True,True,False,True,138.29947864687043,138.29947864687043,138.29947864687043,True,bit,True,0,-1.3604368580000001e-05,0,True,True,True,True,True,True,old,8.7133879150001121,6.2588570219995754
mpce_hr16new_s0of1.csv,27,mpce_hr16new,PSOC,HR,0,16,28,6030,random,,320,iii,-943.44249999999988 834.83387926694706;54.893036510111038 614.09661158667814;293.19288418204223 71.211335194294406;453.99353201268377 -808.05438917708034;-475.18642966683916 437.25396982309945;-715.34289687407636 126.74216319723926;591.66255287769422 809.71453125830055;-418.83780177610498 -25.418095064140346;-349.59308398485462 -630.84062118171153;943.44249999999988 -834.83339138119538;324.73356786381379 435.38356550350676;355.1556419233724 -413.14515758480218;71.731350536965849 -804.32352097295609;-787.47031495453405 -335.03512172803681;-331.39674553042317 791.68520494657207;627.11177878775095 -88.362266213590374,323.65454608513443,3.654547085134368,-7.3241670601087111e-05,7.3241670601087111e-05,False,False,False,False,True,137.09208487813291,137.09208487813291,137.09208487813291,True,noise,True,0,-1.882197552e-05,0,True,False,True,True,True,False,old,11.023861450999902,6.2101876479991924
mpce_hr16new_s0of1.csv,43,mpce_hr16new,RSVNS,HR,0,16,14,6030,random,,320,i,-502.53192019529979 -820.3221945096418;-464.73786718969518 -168.18245836505196;-923.71691264874323 711.88292620332663;681.52251177875041 833.23031552070324;17.387705341060837 785.09504239955459;42.08362929217526 36.371213016590104;139.66891607796117 -832.27561399998285;405.59492151749782 194.46921249938418;-284.78619154035539 672.73013727902548;374.01600370163953 -500.5784171628776;782.10608800117507 383.87209071488326;810.98843826878465 58.318460162139345;384.10605981547491 692.60514768433495;-826.20810551712543 -38.73912356140346;-622.81829804774588 824.7672307354967;-436.42413888065988 184.32851808315377,321.37648090442343,1.3764819044234289,1.603685479296703,1.3764819044234289,True,True,True,False,True,138.12803979054698,138.12803979054698,138.12803979054698,True,bit,True,0,1.7346116239999999e-05,0,True,True,True,True,True,True,old,6.2560262239999247,10.151954920000207
