File,Row,Algorithm,Dataset,Radius,Turbines,Seed,Budget,Init,Spacing,SMin,Kind,HRModel,CoordinatesFull,CaptureVerified,MinSpacingFull,SpacingSlackFull,BoundarySlackFull,StrictLabel,StoredLabel,RerunLabel,ObjectiveStored,ObjectiveRerun,ObjectiveReplayFull,BitIdentical,ReplayBitIdentical,CallsMatch,MinSpacingMatch,RoundedCoordsMatch,CurveMatch,SecondsStored,SecondsRerun,AllMatch
mpce_b120k_s0of8.csv,54,DE,2,500,10,25,120030,random,,308.0,grid,,89.959945852993471 491.84063214894638;-407.36989161554675 92.094266817961682;373.18204432821244 305.83395092837424;363.87163603759785 -340.31282649803018;496.31541466312751 -60.588852468590602;-134.75387314557574 -142.98058936555208;-435.83847958428021 -245.04042904405134;-265.85413924919465 378.35802724797156;167.64621435579537 62.347614327910208;-101.63742170799372 -489.56085769617789,True,309.49451714599223,1.494518145992231,1.124307177884475e-06,True,True,True,68730.78268437216,68730.78268437216,68730.78268437216,True,True,True,True,True,True,146.47423291500013,34.136795895000006,True
mpce_b120k_s0of8.csv,81,SSA,1,750,12,7,120030,random,,308.0,grid,,694.18102346454657 283.86079698701167;331.34882433543987 221.55793339165299;569.72568224961901 -427.99985586757373;-193.10116963002741 427.52177220514938;-692.10297744712489 272.44133248900454;-526.55673265534983 -294.18411323843708;-201.96134433673666 -518.29117243914345;237.53518849765035 -447.81719191952305;134.07122200810161 -737.91929551881628;-387.02769724136374 129.3606694509819;-12.480203929146462 -229.57118652635054;114.58259205932745 741.19545515211098,True,308.0000371339028,3.813390281948159e-05,1.482017887863185e-05,True,True,True,166150.74402244546,166150.74402244546,166150.74402244546,True,True,True,True,True,True,70.49648217899994,38.616088022999975,True
mpce_b120k_s0of8.csv,155,SSA,1,500,10,1,120030,random,,308.0,grid,,-464.55646828975176 -147.63176872402164;-338.41756970345136 161.16680150323239;88.054121650129218 -492.18539623616221;-108.50582408708073 488.084443162014;434.9746866032927 107.84473188270815;-229.91053464286767 -435.65738398305962;31.452909868587302 -179.38843764457593;238.10277501768587 406.10507914547748;-5.3581371491012026 197.8696977905137;387.40424632395428 -316.09781140630525,True,308.0000710254791,7.202547908491397e-05,8.392276302198298e-06,True,True,True,132071.43295479918,132071.43295479918,132071.43295479918,True,True,True,True,True,True,64.012934266,27.7990834819999,True
mpce_b120k_s0of8.csv,157,PSOC,1,500,10,5,120030,random,,308.0,grid,,-129.93058596756495 482.82297110155258;-398.36326371181332 302.16999836913902;-393.48524630296936 -296.32143232481462;179.89965731185404 -458.10935572946369;-499.94745224511917 3.3643345933388775;-145.01939011405662 -478.33439456829507;474.603021432991 157.32759167286537;179.42540344674552 369.65479652989325;412.93250592932293 -256.55031319443708;29.6257803615614 -12.219449036063256,True,308.0000001888573,1.1888573112628364e-06,1.945092040183226e-06,True,True,True,137767.6490271715,137767.6490271715,137767.6490271715,True,True,True,True,True,True,58.04804963599986,31.134209319999854,True
mpce_b120k_s0of8.csv,161,SSA,HR,0,16,1,120030,random,,320.0,hr,old,385.60250527711293 -191.65751736799115;232.95472192025443 -806.94722356183502;643.48657808882444 -804.46553080702915;-830.63166402447257 -83.060744405619275;-536.90556363004328 438.59723551497336;840.57481781338834 2.1574833924245489;152.04829066408556 89.828299317393132;90.471721650357836 -399.68267568098753;634.83758786118642 723.9447243787688;457.94668604981979 300.9597408773958;-364.78277621281524 -418.81943415575404;-3.6381138311825203 598.10080757730032;-462.04179980784289 829.50920404346675;-191.51838473681431 -834.83363192389879;-761.36722979014746 -448.25223632948894;-124.62927814285534 281.76932084492012,True,336.7370380964204,16.737039096420403,2.4677853178583064e-05,True,True,True,137.6830812770693,137.6830812770693,137.6830812770693,True,True,True,True,True,True,128.020648291,90.70468139299999,True
mpce_b120k_s0of8.csv,167,SSA,2,1000,15,23,120030,random,,308.0,grid,,589.09710101748749 -779.95551713335851;-726.89072424810627 541.03431604620812;411.44991612692581 264.22772518320966;136.40263192181155 646.137242733422;-894.71375946857302 268.22843550933919;-635.80432355745938 -723.27130594982077;-664.81592057409364 -281.20927496916721;536.45196432940622 843.9307182544693;949.61439301084772 -268.25544109260022;-2.8223559993858243 -358.46541531410043;84.563866905278744 -802.62294197186611;-54.93858532894923 933.57097156939119;-314.19073349784634 -949.35910435951689;455.85623140196458 -163.13813967397613;-25.778906997115445 -13.397414829140374,True,320.29302147581427,12.293022475814269,0.00011737681529919064,True,True,True,104348.0445442167,104348.0445442167,104348.0445442167,True,True,True,True,True,True,65.51399107499998,43.6800646050001,True
mpce_b120k_s0of8.csv,186,DE,2,500,10,1,120030,random,,308.0,grid,,148.28196854237731 -477.50650020845671;80.18073695210299 -147.65835212406699;496.64120160319328 57.857729502941936;-480.98224235211569 136.58727069295827;-227.54361703704444 -38.435194253074684;-304.86391936207747 -396.30542567756345;116.25614407547327 486.29672916548253;415.29250644421967 -256.82010761485219;178.01485055431488 175.72358470865902;-194.13826691379936 341.46618864083973,True,308.0000000606792,1.060679210240778e-06,1.0069007342062832e-06,True,True,True,68212.13201551569,68212.13201551569,68212.13201551569,True,True,True,True,True,True,90.95112370599998,35.61635959399996,True
mpce_b120k_s1of8.csv,5,SSA,HR,0,16,2,120030,random,,320.0,hr,old,819.85933647477293 -227.32960538023235;-827.04840489020228 834.83374680656948;-196.73417194435277 78.765765958974782;305.86398172600275 547.10774678840551;683.96398221194806 759.27366643451944;-52.311307332737314 807.44228911190578;-164.66815305119951 403.68997956119875;702.32348056401611 293.37489306883253;443.5550971739649 -648.39152519387881;-751.09368819471547 56.160770913817828;-507.05404764611109 660.45916045194861;886.84985831107986 -833.87962244069195;-43.413156987656905 -399.8916159972008;-574.25616703729133 -685.37113477556022;-640.57164177797335 -256.32447547092249;304.77586753959315 -9.301814666088994,True,326.5026403456483,6.5026413456482715,0.0002541934304670358,True,True,True,138.70437395368018,138.70437395368018,138.70437395368018,True,True,True,True,True,True,111.695474474,85.95602192399997,True
mpce_b120k_s1of8.csv,103,PSOC,2,500,10,16,120030,random,,308.0,grid,,-234.12631837874341 441.62532211686482;-180.58343350146168 -253.33161098533037;467.97904543997299 176.05555524806906;206.79607858645861 410.67186725788832;-161.0566702343273 85.863292518128887;-478.18417679091453 -146.08177694406942;367.52759171945877 -287.59534954921179;-458.52930844691497 189.00110879285177;184.80588031675919 -25.542297445571965;34.363441956264538 -498.81774027067223,True,314.84500890291326,6.845009902913262,8.511658566272673e-06,True,True,True,68270.02557865033,68270.02557865033,68270.02557865033,True,True,True,True,True,True,41.657739870000114,31.43547003599997,True
mpce_b120k_s1of8.csv,137,PSOC,1,1000,15,18,120030,random,,308.0,grid,,-243.131913208556 453.10623157587651;448.33381792199856 -721.91357475465395;-685.71853724833659 -649.67238426536119;591.05850464795651 806.62868303348864;-91.138785702838817 -87.220149444720278;-84.051823622911328 -996.46138086174585;153.17411091912012 858.80126619093369;-985.35809341501454 169.61179442723585;128.08287806958373 -436.22744576179639;-475.11674706159306 879.92214712363796;612.97228967076478 -278.19186974389294;915.19634188417058 117.57021978470648;-251.30744649003256 -580.01387151429492;-489.9912330487565 -71.140240425924404;-661.53794918491849 474.3107052210118,True,399.1764499915805,91.17645099158051,4.698382784023124e-06,True,True,True,208337.5538582437,208337.55385824366,208337.55385824366,False,False,True,True,True,True,55.484237742000005,38.75771165999981,False
mpce_b120k_s1of8.csv,170,PSOC,1,750,12,12,120030,random,,308.0,grid,,-380.6061845624597 179.01295846136156;-632.43041800583819 403.1518075321531;465.56451886419347 106.01538968776129;-746.46185168481406 -72.701061854574903;-633.19675689942335 -401.94599747605861;216.59927427169575 -518.61002933322209;134.74298471779667 697.98322851239368;-61.636915615613979 -747.45938449773962;616.18754268773978 -427.56496984304607;361.81785607419533 -200.57376251308418;-51.693176747398688 115.45643895354421;-213.52975774097689 -433.52102072510422,True,323.6669249201944,15.666925920194387,0.0002586430565568444,True,True,True,166478.23709551836,166478.23709551836,166478.23709551836,True,True,True,True,True,True,47.487218700000085,34.075572728,True
mpce_b120k_s2of8.csv,101,PSOC,1,500,10,7,120030,random,,308.0,grid,,-121.06992341810215 107.93386807478791;-460.65567473816452 194.41264262162122;497.93717409781141 26.016895517792332;-357.56960891369147 -111.58874184043069;53.952417518273492 -145.50484358184349;85.214608177696974 -492.68496069397548;374.52241752277035 -303.6056133960351;-245.30196440553362 -435.69091124312075;-179.64387502055303 466.61341400937584;200.21867238964032 343.59805799445331,True,308.00000063802287,1.6380228657908447e-06,1.0341147483595705e-06,True,True,True,135007.5791808787,135007.5791808787,135007.5791808787,True,True,True,True,True,True,43.90432056999998,29.470203103999893,True
mpce_b120k_s2of8.csv,104,DE,1,500,10,25,120030,random,,308.0,grid,,51.539890791483224 471.68553035730542;-370.86153848551896 115.0099167392774;340.14666230124374 328.63590190509404;302.0668115663812 -336.29023984294201;499.01297356439522 -31.401456294378335;-110.82289734941867 -118.32625166451471;-438.27809015858611 -240.64977771895946;-262.08236749109005 415.63922644348651;187.54055441934941 24.524256310580672;4.9057633180171436 -484.89361529164785,True,316.4533981780565,8.453399178056486,1.1707576302578672e-06,True,True,True,138169.34980817142,138169.34980817142,138169.34980817142,True,True,True,True,True,True,81.24427210800013,37.70901712199998,True
mpce_b120k_s2of8.csv,111,PSOC,HR,0,16,7,120030,random,,320.0,hr,old,168.53985043230239 -584.36307026248983;225.97895147046114 272.20291055766057;-810.16718984177419 -62.842797322618992;520.86274004015718 829.09715039262255;-878.73878469006377 308.39134452136216;-943.44249999999988 834.83399999999995;16.930333482396957 756.41908571245301;-155.93149073410777 -695.9591635011235;943.44249999999988 -834.83399999999995;483.09501439243735 -834.83397452879831;-485.49329284313581 364.12116908385565;-94.24108907054611 -240.75814531901682;729.5801435900662 521.84446933289439;745.91555137514888 -350.44627107663763;-525.98397727003976 -363.91245456802631;-605.61045469166436 -834.83341756859318,True,343.12583590346964,23.125836903469633,1e-06,True,True,True,139.62591443656729,139.62591443656729,139.62591443656729,True,True,True,True,True,True,198.29741610900004,85.465231913,True
mpce_b120k_s2of8.csv,142,PSOC,2,750,12,23,120030,random,,308.0,grid,,78.080334866418838 126.90815333096982;362.63046894999013 -393.2657656484788;716.35096436278434 222.12896856567468;168.79239758295992 -691.99733273895583;-744.11202827673208 -93.793780715842615;-381.36667325560404 -641.88175302974719;426.82082324767083 14.870681623736267;-163.48821535590423 731.96081202782057;-556.20152542998972 -380.78654713551737;-161.45667232861589 -168.25340173347752;-471.4115250646546 405.25892149088452;738.86727169954509 -128.74421050333262,True,314.22592521271946,6.2259262127194575,1.1715277653616795e-05,True,True,True,83183.58339296858,83183.58339296858,83183.58339296858,True,True,True,True,True,True,60.13627055100005,37.74922972099989,True
mpce_b120k_s2of8.csv,159,PSOC,2,500,10,25,120030,random,,308.0,grid,,-41.801059572184847 194.17421192882546;-327.9304217186048 -377.44086752942849;-214.74970865425124 451.53353865942142;230.64133628416988 374.74202152213621;473.49382736078252 160.63488380743007;-361.4534731541014 75.790507357536399;-125.96715969094988 -144.9008087815503;55.466905424769841 -496.9137965501177;446.29281319255159 -225.43894381362068;212.33655564684733 -21.286106399160705,True,308.0000619014838,6.290148377274818e-05,8.504877430619673e-06,True,True,True,67938.17246536084,67938.17246536084,67938.17246536084,True,True,True,True,True,True,54.67665071600004,29.847811399999955,True
mpce_b120k_s3of8.csv,12,SSABV,2,1000,15,10,120030,random,,308.0,grid,,409.97717879660939 -558.91322879003974;875.65360884828465 80.860453172557484;-310.47475953849926 488.54426676193873;264.33567512722664 -95.619111289269881;346.59705072016004 -935.31597197888038;-465.40690370946328 -315.54276114663105;-372.36425486747493 90.630187139947722;-700.12532044418026 -657.60979038484629;-353.48684754899534 -934.54145784589184;-853.77193570412146 -110.05345539024448;-186.84930895627639 -499.2093262632867;784.85855359605739 -619.67482484341292;-985.74561255887443 168.24147779718302;-486.30217835798732 873.50054523981282;99.112546669244225 282.54566708607751,True,308.0018201575398,0.0018211575397799606,8.215119840113038e-05,True,True,True,104612.69212275709,104612.69212275707,104612.69212275707,False,False,True,True,True,True,88.99926448600002,41.770247057000006,False
mpce_b120k_s3of8.csv,27,SSA,2,1000,15,10,120030,random,,308.0,grid,,609.66235365834723 394.9149673255576;181.58292803488678 528.82366714438797;493.94642426651308 869.49226656480937;-330.45548461102373 943.21797480228872;-657.39768602339905 195.96261180176941;132.45022221261769 94.94703226876301;-727.99322378376723 -651.93477977437715;-107.30241356848757 -190.35734077759651;994.70300964617854 102.7868929336399;-924.62190955104097 -196.85744186576972;342.01156743142178 -569.75285800803329;483.04770953990487 -875.59396634837481;-587.74824421029325 530.51713812729372;-311.73326134330512 -431.30125832260262;564.65609238458137 -129.9343573979167,True,315.9840865041551,7.98408750415507,5.920128808409208e-05,True,True,True,104958.19238641222,104958.19238641222,104958.19238641222,True,True,True,True,True,True,52.45138142299993,44.15653952499997,True
mpce_b120k_s3of8.csv,100,LXSSA,2,500,10,24,120030,random,,308.0,grid,,26.256570528047178 478.81600133517441;259.02325833039106 275.99348996695585;495.16010931947551 69.400239871046608;204.5856088532598 -72.682366075798271;-130.68019871542066 81.371095544448863;316.16280411896167 -387.34651403836125;-336.77264827889962 369.57291586451367;-494.18936946833242 76.005650144337835;-274.03294182534 -212.06272225857325;-98.497892189440478 -470.77228449689017,True,308.73500298505996,0.7350039850599615,9.250628582118225e-06,True,True,True,67131.62162921258,67131.62162921258,67131.62162921258,True,True,True,False,True,True,41.32493961499995,32.141525495999986,False
mpce_b120k_s3of8.csv,211,SLSQP,1,500,10,12,120030,random,,308.0,grid,,-499.84449790886981 -6.3625143297819076;-71.197294032275366 494.84420813956189;32.917479123389491 190.39666303729527;-355.16820172751483 351.84669716942278;477.47013826155347 -146.8839226895069;360.09612232646214 139.0486900048009;-154.0717529474513 -114.25987187021279;262.19523643983308 -425.46180905733405;-394.28898397413997 -307.42248904904187;153.68763802795377 -97.692632394265885,True,308.20499048101993,0.20499148101993114,0.0276121059052937,True,True,True,136573.05425342676,137676.2758502458,137676.2758502458,False,False,True,False,False,False,332.7931500119994,39.481722894,False
mpce_b120k_s4of8.csv,28,SSA,2,1000,15,19,120030,random,,308.0,grid,,-112.85618213150852 -332.72103152955327;-520.21794769740131 -26.711213199180087;966.83024778668641 255.41978195277954;578.50113951027424 746.02487484641699;-570.21673080093137 -721.07911287910952;-981.08757634834853 -193.56396513113907;-858.66181578759995 391.12825838339916;265.66697445676226 414.25889037380307;178.64113172703375 -717.52659417363566;-210.48873547255974 -971.30903748685864;359.9948379451867 -363.21802148725538;-565.27707354709685 824.90075033626601;396.25917931211421 69.236057007248192;957.79534128387513 -268.97199126169312;623.94685587172796 -749.52578764621853,True,368.9106660334826,60.91066703348258,4.475964490462502e-06,True,True,True,104859.85181756322,104859.85181756322,104859.85181756322,True,True,True,True,True,True,105.73758275700015,39.44767460999998,True
mpce_b120k_s4of8.csv,96,SSA,2,500,10,23,120030,random,,308.0,grid,,-174.98041413902712 468.38207821544574;26.236189274941864 -174.9980190078976;-480.11984067712194 -139.58845764263134;254.75257899273777 425.17216311980189;172.91497136532078 -469.14857968297645;-92.355898868331934 150.64366630017565;-219.90218102631658 -448.9226815725998;-446.13426692960957 225.75253799137278;425.98549425961335 -257.58792386247342;312.69334809996633 78.582914873812911,True,328.3055115744407,20.305512574440684,2.081126356439199e-06,True,True,True,68291.00804349798,68291.00804349798,68291.00804349798,True,True,True,True,True,True,84.23431303799998,34.67953797100006,True
mpce_b120k_s4of8.csv,162,SSA,1,750,12,11,120030,random,,308.0,grid,,-621.93971545152294 419.15484856394698;-109.82041292316261 -637.94066225258632;-102.13933853097231 648.85127677092134;87.012092969962325 -57.193541941775628;572.502063944376 -352.89506600940524;268.26941849795816 -700.37929625139088;-401.83941111289334 -447.49223793503324;258.98446470959021 578.85970814282723;-746.46033583168867 72.77993627037327;412.94963686977025 163.93972939968475;-344.20137574755375 117.51700785476692;571.75568230003614 477.77499394164073,True,328.70040157892356,20.70040257892356,3.2937682706484335e-05,True,True,True,166788.39667706887,166788.39667706887,166788.39667706887,True,True,True,False,True,True,95.622811532,37.18125451599997,False
mpce_b120k_s4of8.csv,207,DE,1,500,10,11,120030,random,,308.0,grid,,-436.56653931790515 -243.74095979002001;472.40055986424954 163.82211667689455;-151.40863247516933 -476.52431546721402;-120.1044510061385 -82.45582328396091;-64.650826224762156 495.80264724609333;185.19133410303311 -456.95455341405602;-353.20149692726704 261.01477567368522;157.89730295434177 50.130221875990429;230.7309465389792 394.93302372663834;449.64258002512821 -218.68132598925473,True,308.0000561302872,5.713028718901114e-05,2.2686278410001248e-06,True,True,True,135753.88872689268,135753.88872689268,135753.88872689268,True,True,True,True,True,True,104.62662566699964,37.75517473100001,True
mpce_b120k_s4of8.csv,208,DE,1,500,10,19,120030,random,,308.0,grid,,-474.87155220865941 156.5151797418502;-130.70520869016559 137.36987197191263;499.75336356226796 15.702713918133783;-289.6235045560843 -222.82549125594488;-233.53718032987643 442.1090116901658;32.296423978625704 -212.57345023444023;-102.96491146754875 -489.283379111268;249.67161888478086 425.8315732763931;191.36003181838885 71.829163306142988;361.86139180479688 -280.58149066646018,True,308.0000220871772,2.3087177169145434e-05,1.3838048314719344e-06,True,True,True,136169.39333014112,136169.39333014112,136169.39333014112,True,True,True,True,True,True,120.1208247200002,38.256651680000004,True
mpce_b120k_s5of8.csv,61,SSA,2,750,12,14,120030,random,,308.0,grid,,-113.84673720049905 675.23633945539189;2.3461077714103222 334.02161431260635;-749.20988683867233 34.411518923085467;616.97996064143354 263.2267141040054;-274.76372214379762 -230.02207337327883;699.46172909085738 -270.65322943278835;300.46995587093596 -477.00220702449241;-101.67989492051055 -739.14111826640101;407.11919865642381 -170.41794114112091;108.24552387374375 32.548250914664322;-559.15415434438137 360.46051366278954;439.0926010829379 608.02768159295726,True,309.0489736590649,1.0489746590649247,1.8393942471244373e-05,True,True,True,83160.48259210774,83160.48259210774,83160.48259210774,True,True,True,True,True,True,87.56112898699985,36.27575905000003,True
mpce_b120k_s5of8.csv,68,PSOC,2,750,12,10,120030,random,,308.0,grid,,-388.77680591435404 -411.707434929508;-239.15454185342668 -710.84791631798794;106.02087779826941 -350.78551148255451;-138.08387407754245 -63.684447837797727;547.28868850794731 119.54796095620509;392.37463253469434 467.49312597943833;2.2685318449463985 620.66333000323903;-66.144194902231305 288.48479129262302;413.58225849861225 -625.64075537721521;-664.71870570707199 339.86084638680808;-390.86797565213953 637.98814132870905;-598.90864256583438 -164.08761026704587,True,324.762938680498,16.762939680497993,0.0002309848702023155,True,True,True,83485.54089655683,83485.54089655683,83485.54089655683,True,True,True,True,True,True,85.89756258299985,37.79335214299999,True
mpce_b120k_s5of8.csv,71,DE,2,750,12,4,120030,random,,308.0,grid,,-602.26299479515467 -88.976826118419012;692.21190225479813 -106.3371442800667;-155.42329492133786 -322.46943732531304;486.78937973248884 -406.66234934801275;711.37028000616328 237.59694016849392;-454.84656651643019 560.8860484363347;225.58320748242693 -715.27065859393178;78.895197753309134 32.350786409949464;236.0681339144798 711.78380813875401;-404.10342303617085 -631.82304824991843;203.47481758243327 364.27444887623517;-710.30662252212619 240.75816275314415,True,344.4672667809434,36.467267780943416,7.0459602764240114e-06,True,True,True,84314.29997191163,84314.29997191163,84314.29997191163,True,True,True,True,True,True,98.1658710079996,38.264473436,True
mpce_b120k_s5of8.csv,108,DE,2,500,10,30,120030,random,,308.0,grid,,456.81755711375854 -203.26760560610614;50.466451429628286 -22.7113558100585;-242.40774046284702 -162.80123080235714;-183.36019914208887 -465.1656019834009;-172.01432900948413 227.62514512114444;-487.43743377781652 111.37660500223987;123.79689093872631 -323.69653196822037;-5.6105280128570065 499.96852093641269;288.16954003861713 362.90039840943405;467.58728543375753 104.54404673250869,True,308.0000005901216,1.590121598837868e-06,1.0102717763184045e-06,True,True,True,68111.73530009881,68111.73530009881,68111.73530009881,True,True,True,True,True,True,170.34616233099996,30.710960650000004,True
mpce_b120k_s6of8.csv,80,SSA,1,750,12,5,120030,random,,308.0,grid,,310.04257936762099 194.16810194637259;-593.8669907071037 458.06330409290825;475.55920041667463 534.08597723360469;-420.77757078335355 -620.84316253909833;-693.6349278086891 -283.97854055723883;203.83459326935611 -721.76957185878223;15.302249467879928 -445.48483063241645;241.43909400428191 -182.64847558004408;681.81756039504035 -3.3266812231786349;-200.52341168922638 246.54078777903504;-472.70259493830514 66.109313892831693;-312.51474418564283 -290.03845889373838,True,326.5532491997029,18.553250199702916,3.3027404267850213e-06,True,True,True,164373.66859306244,164373.66859306244,164373.66859306244,True,True,True,True,True,True,45.74074003300007,34.64389927399998,True
mpce_b120k_s6of8.csv,153,SSA,2,500,10,9,120030,random,,308.0,grid,,69.166165637577194 162.23543327828361;395.61809136444504 -225.40518889547326;100.91130519773 -469.96488628036263;-331.60799980481625 374.21385558144607;-395.94253279062775 -305.33507364810646;356.67274651004971 350.40623495544924;-376.25716416865311 69.457433899754349;45.393620423748786 497.90919552233936;-100.37990880109382 -112.84123217281743;495.63765644223753 65.903728073404608,True,308.001296269888,0.0012972698879707423,4.527648061663058e-06,True,True,True,68180.94152325888,68180.94152325888,68180.94152325888,True,True,True,True,True,True,45.976886294,30.27822421099995,True
mpce_b120k_s6of8.csv,188,SSA,1,750,12,29,120030,random,,308.0,grid,,251.89103654308965 227.73320502399878;-698.11230713552493 274.11474229581233;594.87711037926294 -196.36517867801066;-724.02561980360042 -195.67018976728252;-233.37559618544941 490.92458566285848;132.6753620005951 -93.567229206843777;740.36484208456523 119.80432187735099;462.39043974994809 -579.74682348348517;-142.48599340209378 -412.26828356455417;-488.36956679396746 -542.90627477476858;62.924581115828524 -733.88469173792373;-384.05670926962597 -18.996385099928762,True,342.70445881772525,34.70445981772525,5.34696338288777e-05,True,True,True,165519.2129562847,165519.2129562847,165519.2129562847,True,True,True,True,True,True,51.59320998299995,38.59626525099998,True
mpce_b120k_s7of8.csv,49,LXSSA,2,500,10,20,120030,random,,308.0,grid,,291.01572606313988 -370.00270655024428;-170.71499933160044 450.21232602576782;325.24032653979771 -18.11256015316965;6.2720367981146286 -209.86789801828445;271.93820814819333 300.857411478389;-417.84654275239404 -274.59836506824018;-171.90972713737338 -469.35909001199599;-426.73721115902646 260.56735750287436;27.534301189256205 102.56723951666736;-269.85344849808939 -4.4829716771298918,True,308.0003116639362,0.0003126639361994421,5.61172123777942e-06,True,True,True,66020.86907890458,66020.86907890458,66020.86907890458,True,True,True,True,True,True,61.51774105100003,33.03425707200017,True
mpce_b120k_s7of8.csv,67,PSOC,1,1000,15,8,120030,random,,308.0,grid,,-421.42152301236104 125.09009961197705;-405.4669442699884 -857.78859176254218;-208.03395401849897 -192.16945798801473;590.37080284804836 19.450835942394718;-31.392836042109622 -725.48665581413741;-70.036499936071692 997.52291236795452;321.15106608325056 -461.88808393052443;-147.42776235612646 374.03792877346558;170.77349740994646 -962.62534252217563;909.57769895400065 415.45568661848949;-953.04774862638067 -302.76186618663922;315.82242449987609 318.54552282046524;43.026406104883307 660.12222885113715;-870.75605615269296 491.71481365944504;-578.904040853163 -220.7168605787954,True,311.6183292347564,3.6183302347563995,0.00021735065616010251,True,True,True,207339.0554858766,207339.0554858766,207339.0554858766,True,True,True,True,True,True,76.81738055400001,37.34895324800004,True
mpce_b120k_s7of8.csv,80,SSA,1,750,12,6,120030,random,,308.0,grid,,199.28807739867293 217.60795832106163;-547.06390609341611 -513.04242747663443;9.8640210804923338 592.77826083364789;631.45013345767984 -19.399919746581691;569.89438567290915 -431.23105755169274;647.59131945135971 378.31927439551424;-438.61838786897147 606.07162153328693;-58.97676837520121 -562.92491742697405;-442.11185054825222 -202.46637473088143;325.38625966822474 -646.54465755265846;-256.24101318276257 189.90044251027817;49.388664870695507 -233.37670421352607,True,325.79774404943095,17.797745049430944,7.39473250885203e-06,True,True,True,164957.41593632288,164957.41593632288,164957.41593632288,True,True,True,True,True,True,69.37443891699968,34.541425630999925,True
mpce_b120k_s7of8.csv,88,SLSQP,1,750,12,14,120030,random,,308.0,grid,,-314.57475528259846 -146.19479596469492;5.1149857834700505 -124.56121416638791;549.78401679681747 509.42669784738871;-165.72057269026703 -626.68634047028593;-582.84314691029078 -459.32380895457618;445.19700660104843 -120.14579046645595;-163.49190687179774 176.86702971171258;175.93168675772858 -727.55777605189917;109.49154227971869 697.70435382407345;722.79517969477399 67.861327140536147;264.41501351590676 380.56341490232177;-729.31263171745547 -138.21573127328165,True,313.11533613817255,5.115337138172549,0.4814718061328474,True,True,True,165388.79764735905,166080.17043345867,166080.17043345867,False,False,True,False,False,False,246.4648365160001,38.476698049999996,False
mpce_b120k_s7of8.csv,153,SSA,2,500,10,10,120030,random,,308.0,grid,,-496.80623726895101 -54.218352918765305;114.85242131585223 -452.72427174970454;-97.717122556704851 -141.01216250201057;458.12721697871496 -200.29821997697866;-410.26858330946789 285.79654984329181;185.76680805242515 46.371743304972341;477.09652565127789 149.59575438448056;-59.744079428436265 419.76766338791566;273.41645551069792 390.6285877102801;-335.73881234712746 -370.5123763511657,True,309.0763672938611,1.0763682938610941,1.6481617936075054e-05,True,True,True,67676.0531642299,67676.0531642299,67676.0531642299,True,True,True,True,True,True,43.72308301199996,36.33292009699994,True
mpce_b120k_s7of8.csv,188,SSA,1,750,12,30,120030,random,,308.0,grid,,378.21856707004349 126.58586575527914;480.85708074988139 575.56620071957286;-369.14574881360829 -69.888851174987096;-9.4882126871494172 -147.79708394479709;-320.2827752975935 -678.17323937734409;-315.28036595102731 678.40147722074767;-4.3715424514456638 642.83248645301705;-596.41241638313261 -342.56601353971996;-596.45930422727167 369.47101503370033;703.97746257653989 -162.54345114278146;138.14786954063578 332.53026822530126;358.4846007622744 -342.80382160031047,True,312.93681412407983,4.936815124079828,1.8267405746664735e-06,True,True,True,165296.0894470993,165296.0894470993,165296.0894470993,True,True,True,True,True,True,50.26108005500009,36.32790339899998,True
