Machine,Dataset,Radius,Turbines,Seed,Layouts,Seconds,CPUSeconds,Tries,LoadAvg1,PSOFeasibleStartMatchMaxAbsM
"4 cores; measured 2026-10-04 19:33, one process",1,500,10,1,30,15.521,8.97165,30,11.4756,0.000491163
"4 cores; measured 2026-10-04 19:33, one process",1,500,10,2,30,9.91866,7.46762,30,11.2485,0.000487096
"4 cores; measured 2026-10-04 19:33, one process",1,500,10,3,30,11.6964,7.63297,30,11.5137,0.000497271
"4 cores; measured 2026-10-04 19:33, one process",1,500,10,4,30,13.4789,8.69223,30,11.8965,0.000433804
"4 cores; measured 2026-10-04 19:33, one process",1,500,10,5,30,12.222,8.47331,30,12.1416,0.000491594
"4 cores; measured 2026-10-04 19:33, one process",1,500,10,6,30,12.7748,8.30293,30,12.187,0.000487374
"4 cores; measured 2026-10-04 19:33, one process",1,500,10,7,30,11.4024,7.4301,30,11.9233,0.0004711
"4 cores; measured 2026-10-04 19:33, one process",1,500,10,8,30,12.8267,7.83603,30,11.8613,0.000457664
"4 cores; measured 2026-10-04 19:33, one process",1,500,10,9,30,13.0107,7.21271,30,11.9604,0.00046137
"4 cores; measured 2026-10-04 19:33, one process",1,500,10,10,30,14.0348,8.81545,30,12.2651,0.000494745
"4 cores; measured 2026-10-04 19:33, one process",1,500,10,11,30,12.799,8.7078,30,12.5322,0.000495523
"4 cores; measured 2026-10-04 19:33, one process",1,500,10,12,30,9.06175,6.01207,30,12.5366,0.000425549
"4 cores; measured 2026-10-04 19:33, one process",1,500,10,13,30,12.8589,8.49053,30,12.3989,0.000486669
"4 cores; measured 2026-10-04 19:33, one process",1,500,10,14,30,12.4868,8.09285,30,12.1831,0.000479041
"4 cores; measured 2026-10-04 19:33, one process",1,500,10,15,30,12.7787,7.66265,30,12.5928,0.000459177
"4 cores; measured 2026-10-04 19:33, one process",1,500,10,16,30,12.0108,8.03579,30,12.8096,0.000455345
"4 cores; measured 2026-10-04 19:33, one process",1,500,10,17,30,11.6068,8.88183,30,12.7588,0.000481176
"4 cores; measured 2026-10-04 19:33, one process",1,500,10,18,30,13.7748,9.00437,30,13.1084,0.00047122
"4 cores; measured 2026-10-04 19:33, one process",1,500,10,19,30,12.8189,8.75199,30,13.0781,0.000484594
"4 cores; measured 2026-10-04 19:33, one process",1,500,10,20,30,13.4587,9.2437,30,13.4414,0.000459206
"4 cores; measured 2026-10-04 19:33, one process",1,500,10,21,30,12.5855,7.88305,30,13.4907,0.000481109
"4 cores; measured 2026-10-04 19:33, one process",1,500,10,22,30,14.0183,9.67746,30,13.3813,0.000497184
"4 cores; measured 2026-10-04 19:33, one process",1,500,10,23,30,8.39467,6.52763,30,13.2705,0.000484363
"4 cores; measured 2026-10-04 19:33, one process",1,500,10,24,30,10.619,8.37374,30,13.2285,0.000484213
"4 cores; measured 2026-10-04 19:33, one process",1,500,10,25,30,11.6804,8.28199,30,13.3262,0.000460445
"4 cores; measured 2026-10-04 19:33, one process",1,500,10,26,30,12.1123,7.76046,30,13.3496,0.000491546
"4 cores; measured 2026-10-04 19:33, one process",1,500,10,27,30,10.6661,7.94793,30,13.3696,0.000484238
"4 cores; measured 2026-10-04 19:33, one process",1,500,10,28,30,9.88673,7.66502,30,13.3867,0.000478381
"4 cores; measured 2026-10-04 19:33, one process",1,500,10,29,30,12.8705,8.31449,30,13.8438,0.000453714
"4 cores; measured 2026-10-04 19:33, one process",1,500,10,30,30,12.4946,8.50412,30,13.8682,0.000463646
"4 cores; measured 2026-10-04 19:33, one process",1,750,12,1,30,5.28836,4.2218,30,13.7183,0.000459916
"4 cores; measured 2026-10-04 19:33, one process",1,750,12,2,30,5.09894,4.13793,30,13.7412,0.000488765
"4 cores; measured 2026-10-04 19:33, one process",1,750,12,3,30,5.29044,3.46093,30,14.1626,0.000491872
"4 cores; measured 2026-10-04 19:33, one process",1,750,12,4,30,7.0659,4.58962,30,14.292,0.000478168
"4 cores; measured 2026-10-04 19:33, one process",1,750,12,5,30,6.23881,4.18903,30,14.2686,0.000459
"4 cores; measured 2026-10-04 19:33, one process",1,750,12,6,30,5.60198,4.14169,30,14.1665,0.000460494
"4 cores; measured 2026-10-04 19:33, one process",1,750,12,7,30,5.5984,4.24237,30,14.1528,0.000498408
"4 cores; measured 2026-10-04 19:33, one process",1,750,12,8,30,5.13059,3.89484,30,14.0601,0.000483356
"4 cores; measured 2026-10-04 19:33, one process",1,750,12,9,30,5.61473,4.4002,30,13.897,0.000491983
"4 cores; measured 2026-10-04 19:33, one process",1,750,12,10,30,5.44282,4.17609,30,13.8247,0.00046023
"4 cores; measured 2026-10-04 19:33, one process",1,750,12,11,30,4.12309,3.30951,30,13.8247,0.000486109
"4 cores; measured 2026-10-04 19:33, one process",1,750,12,12,30,4.88988,3.86635,30,13.5981,0.000495306
"4 cores; measured 2026-10-04 19:33, one process",1,750,12,13,30,4.60677,3.5943,30,13.5498,0.000498864
"4 cores; measured 2026-10-04 19:33, one process",1,750,12,14,30,5.91486,4.49751,30,13.5454,0.000479369
"4 cores; measured 2026-10-04 19:33, one process",1,750,12,15,30,5.45062,3.56625,30,13.582,0.000497552
"4 cores; measured 2026-10-04 19:33, one process",1,750,12,16,30,5.93905,3.79621,30,13.856,0.000487676
"4 cores; measured 2026-10-04 19:33, one process",1,750,12,17,30,6.29875,4.13491,30,13.8677,0.000493205
"4 cores; measured 2026-10-04 19:33, one process",1,750,12,18,30,5.62687,4.20006,30,13.8784,0.000489914
"4 cores; measured 2026-10-04 19:33, one process",1,750,12,19,30,5.48187,4.19426,30,13.8076,0.000492504
"4 cores; measured 2026-10-04 19:33, one process",1,750,12,20,30,4.199,3.22678,30,13.7427,0.000461005
"4 cores; measured 2026-10-04 19:33, one process",1,750,12,21,30,4.70241,3.20983,30,13.7637,0.000488159
"4 cores; measured 2026-10-04 19:33, one process",1,750,12,22,30,6.41488,4.06305,30,13.7827,0.000490347
"4 cores; measured 2026-10-04 19:33, one process",1,750,12,23,30,6.1309,3.95958,30,13.8164,0.000482028
"4 cores; measured 2026-10-04 19:33, one process",1,750,12,24,30,5.8668,4.21406,30,13.5908,0.000479309
"4 cores; measured 2026-10-04 19:33, one process",1,750,12,25,30,5.09879,4.04205,30,13.624,0.000472365
"4 cores; measured 2026-10-04 19:33, one process",1,750,12,26,30,6.36699,4.3419,30,13.5737,0.000486935
"4 cores; measured 2026-10-04 19:33, one process",1,750,12,27,30,5.78234,3.75479,30,13.4473,0.000496308
"4 cores; measured 2026-10-04 19:33, one process",1,750,12,28,30,6.43013,4.14014,30,13.4917,0.000485206
"4 cores; measured 2026-10-04 19:33, one process",1,750,12,29,30,7.00353,4.92269,30,13.5703,0.000486939
"4 cores; measured 2026-10-04 19:33, one process",1,750,12,30,30,5.25887,3.93338,30,13.5244,0.000487357
"4 cores; measured 2026-10-04 19:33, one process",1,1000,15,1,30,3.97849,3.01748,30,13.3218,0.000470083
"4 cores; measured 2026-10-04 19:33, one process",1,1000,15,2,30,4.61897,3.57396,30,13.2959,0.000471434
"4 cores; measured 2026-10-04 19:33, one process",1,1000,15,3,30,4.03077,3.09345,30,13.2959,0.000466382
"4 cores; measured 2026-10-04 19:33, one process",1,1000,15,4,30,4.80673,3.36931,30,13.3525,0.000478701
"4 cores; measured 2026-10-04 19:33, one process",1,1000,15,5,30,3.93864,3.03775,30,13.3242,0.000497686
"4 cores; measured 2026-10-04 19:33, one process",1,1000,15,6,30,5.26684,3.92463,30,13.2979,0.000498044
"4 cores; measured 2026-10-04 19:33, one process",1,1000,15,7,30,3.38301,2.57607,30,13.2739,0.000479186
"4 cores; measured 2026-10-04 19:33, one process",1,1000,15,8,30,4.28599,3.33882,30,13.3325,0.000484681
"4 cores; measured 2026-10-04 19:33, one process",1,1000,15,9,30,4.1788,3.17666,30,13.3057,0.000427054
"4 cores; measured 2026-10-04 19:33, one process",1,1000,15,10,30,3.90277,2.98277,30,13.3057,0.000459981
"4 cores; measured 2026-10-04 19:33, one process",1,1000,15,11,30,4.88289,3.31978,30,13.2808,0.000497824
"4 cores; measured 2026-10-04 19:33, one process",1,1000,15,12,30,4.73483,3.08927,30,13.3384,0.000496224
"4 cores; measured 2026-10-04 19:33, one process",1,1000,15,13,30,3.47889,2.26829,30,13.3916,0.000498527
"4 cores; measured 2026-10-04 19:33, one process",1,1000,15,14,30,4.70272,3.61101,30,13.3599,0.000488206
"4 cores; measured 2026-10-04 19:33, one process",1,1000,15,15,30,3.88186,2.99913,30,13.3306,0.000466682
"4 cores; measured 2026-10-04 19:33, one process",1,1000,15,16,30,3.25843,2.50223,30,13.3306,0.000486115
"4 cores; measured 2026-10-04 19:33, one process",1,1000,15,17,30,3.72294,2.53675,30,13.3843,0.000476769
"4 cores; measured 2026-10-04 19:33, one process",1,1000,15,18,30,4.83809,3.19015,30,13.4336,0.000457293
"4 cores; measured 2026-10-04 19:33, one process",1,1000,15,19,30,3.34269,2.22483,30,13.3984,0.000462933
"4 cores; measured 2026-10-04 19:33, one process",1,1000,15,20,30,4.43094,3.12627,30,13.3662,0.000499055
"4 cores; measured 2026-10-04 19:33, one process",1,1000,15,21,30,4.8745,3.85629,30,13.3364,0.000492145
"4 cores; measured 2026-10-04 19:33, one process",1,1000,15,22,30,4.42687,3.41162,30,13.3364,0.000468151
"4 cores; measured 2026-10-04 19:33, one process",1,1000,15,23,30,3.86299,3.02779,30,13.3091,0.000495375
"4 cores; measured 2026-10-04 19:33, one process",1,1000,15,24,30,3.6026,2.86533,30,13.2842,0.000482263
"4 cores; measured 2026-10-04 19:33, one process",1,1000,15,25,30,4.40283,3.37417,30,13.2612,0.000470978
"4 cores; measured 2026-10-04 19:33, one process",1,1000,15,26,30,4.16677,3.16711,30,13.2402,0.0004946
"4 cores; measured 2026-10-04 19:33, one process",1,1000,15,27,30,3.95072,3.04267,30,13.2402,0.000493572
"4 cores; measured 2026-10-04 19:33, one process",1,1000,15,28,30,3.65501,2.77988,30,13.2207,0.00049569
"4 cores; measured 2026-10-04 19:33, one process",1,1000,15,29,30,3.68214,2.84655,30,13.2026,0.000495682
"4 cores; measured 2026-10-04 19:33, one process",1,1000,15,30,30,4.26671,3.2084,30,13.186,0.000493949
"4 cores; measured 2026-10-04 19:33, one process",2,500,10,1,30,11.1787,8.54195,30,13.1567,0.000491163
"4 cores; measured 2026-10-04 19:33, one process",2,500,10,2,30,11.7306,8.97594,30,13.2129,0.000482744
"4 cores; measured 2026-10-04 19:33, one process",2,500,10,3,30,9.73886,7.48676,30,13.1797,0.00049779
"4 cores; measured 2026-10-04 19:33, one process",2,500,10,4,30,11.0461,8.32692,30,13.0591,0.000429708
"4 cores; measured 2026-10-04 19:33, one process",2,500,10,5,30,10.7187,8.21768,30,13.0498,0.000490355
"4 cores; measured 2026-10-04 19:33, one process",2,500,10,6,30,10.1829,8.07004,30,13.0415,0.000474316
"4 cores; measured 2026-10-04 19:33, one process",2,500,10,7,30,9.35486,7.28744,30,13.0347,0.000494614
"4 cores; measured 2026-10-04 19:33, one process",2,500,10,8,30,9.46688,7.48757,30,13.0317,0.000481078
"4 cores; measured 2026-10-04 19:33, one process",2,500,10,9,30,9.54685,7.54225,30,13.0264,0.000467386
"4 cores; measured 2026-10-04 19:33, one process",2,500,10,10,30,8.74675,6.91014,30,12.9419,0.000374474
"4 cores; measured 2026-10-04 19:33, one process",2,500,10,11,30,10.8424,8.59983,30,13.1113,0.000478511
"4 cores; measured 2026-10-04 19:33, one process",2,500,10,12,30,8.25067,6.43628,30,13.0938,0.000458635
"4 cores; measured 2026-10-04 19:33, one process",2,500,10,13,30,10.535,8.24027,30,13.0786,0.000486002
"4 cores; measured 2026-10-04 19:33, one process",2,500,10,14,30,9.75768,7.66277,30,13.147,0.000498439
"4 cores; measured 2026-10-04 19:33, one process",2,500,10,15,30,3.65413,2.85931,30,12.8945,0.00049787
"4 cores; measured 2026-10-04 19:33, one process",2,500,10,16,30,9.61391,7.5544,30,12.4492,0.000466496
"4 cores; measured 2026-10-04 19:33, one process",2,500,10,17,30,8.74599,6.90816,30,12.2529,0.000486748
"4 cores; measured 2026-10-04 19:33, one process",2,500,10,18,30,6.40733,5.03663,30,11.9062,0.000499891
"4 cores; measured 2026-10-04 19:33, one process",2,500,10,19,30,9.25112,7.2612,30,11.6128,0.000478154
"4 cores; measured 2026-10-04 19:33, one process",2,500,10,20,30,2.55631,2.01815,30,11.6128,0.000483746
"4 cores; measured 2026-10-04 19:33, one process",2,500,10,21,30,9.36094,7.37571,30,11.438,0.000473098
"4 cores; measured 2026-10-04 19:33, one process",2,500,10,22,30,11.2268,8.85137,30,11.2168,0.000494052
"4 cores; measured 2026-10-04 19:33, one process",2,500,10,23,30,7.88212,6.174,30,11.27,0.000493317
"4 cores; measured 2026-10-04 19:33, one process",2,500,10,24,30,7.06778,5.52919,30,11.4087,0.000493558
"4 cores; measured 2026-10-04 19:33, one process",2,500,10,25,30,10.1698,8.03056,30,11.6538,0.00048171
"4 cores; measured 2026-10-04 19:33, one process",2,500,10,26,30,9.89591,7.72357,30,11.9414,0.000426464
"4 cores; measured 2026-10-04 19:33, one process",2,500,10,27,30,3.30495,2.62612,30,12.0264,0.000457473
"4 cores; measured 2026-10-04 19:33, one process",2,500,10,28,30,1.39131,1.10095,30,12.0264,0.000484631
"4 cores; measured 2026-10-04 19:33, one process",2,500,10,29,30,9.54281,7.4895,30,11.7144,0.000433664
"4 cores; measured 2026-10-04 19:33, one process",2,500,10,30,30,9.73495,7.61071,30,11.4502,0.000437457
"4 cores; measured 2026-10-04 19:33, one process",2,750,12,1,30,4.06394,3.18281,30,11.334,0.000486371
"4 cores; measured 2026-10-04 19:33, one process",2,750,12,2,30,1.29902,1.03445,30,11.334,0.000498409
"4 cores; measured 2026-10-04 19:33, one process",2,750,12,3,30,2.99093,2.31572,30,11.2271,0.000497684
"4 cores; measured 2026-10-04 19:33, one process",2,750,12,4,30,5.05081,3.96685,30,11.1284,0.000475829
"4 cores; measured 2026-10-04 19:33, one process",2,750,12,5,30,3.82703,3.01539,30,11.1284,0.000491858
"4 cores; measured 2026-10-04 19:33, one process",2,750,12,6,30,3.43412,2.65849,30,11.0376,0.000473858
"4 cores; measured 2026-10-04 19:33, one process",2,750,12,7,30,2.43094,1.89871,30,10.9541,0.000494471
"4 cores; measured 2026-10-04 19:33, one process",2,750,12,8,30,4.23869,3.34736,30,10.9541,0.000446545
"4 cores; measured 2026-10-04 19:33, one process",2,750,12,9,30,4.79836,3.75785,30,10.8774,0.00049983
"4 cores; measured 2026-10-04 19:33, one process",2,750,12,10,30,5.05884,4.10575,30,10.8071,0.000494528
"4 cores; measured 2026-10-04 19:33, one process",2,750,12,11,30,3.45057,3.41096,30,10.7422,0.000457331
"4 cores; measured 2026-10-04 19:33, one process",2,750,12,12,30,3.91493,3.76602,30,10.6025,0.000499799
"4 cores; measured 2026-10-04 19:33, one process",2,750,12,13,30,3.83488,3.73285,30,10.4741,0.000461227
"4 cores; measured 2026-10-04 19:33, one process",2,750,12,14,30,4.31084,4.26918,30,10.356,0.000479121
"4 cores; measured 2026-10-04 19:33, one process",2,750,12,15,30,3.35821,3.33649,30,10.356,0.00048262
"4 cores; measured 2026-10-04 19:33, one process",2,750,12,16,30,3.69827,3.50377,30,10.2471,0.000474925
"4 cores; measured 2026-10-04 19:33, one process",2,750,12,17,30,3.90684,3.84532,30,10.147,0.000483057
"4 cores; measured 2026-10-04 19:33, one process",2,750,12,18,30,3.94282,3.85103,30,10.147,0.000498634
"4 cores; measured 2026-10-04 19:33, one process",2,750,12,19,30,4.24296,4.21461,30,10.0547,0.000481038
"4 cores; measured 2026-10-04 19:33, one process",2,750,12,20,30,3.38644,3.43565,30,9.97021,0.000499457
"4 cores; measured 2026-10-04 19:33, one process",2,750,12,21,30,3.08614,3.02891,30,9.89209,0.000499433
"4 cores; measured 2026-10-04 19:33, one process",2,750,12,22,30,4.21092,3.91572,30,9.89209,0.000477843
"4 cores; measured 2026-10-04 19:33, one process",2,750,12,23,30,3.92685,4.02336,30,9.90088,0.000471644
"4 cores; measured 2026-10-04 19:33, one process",2,750,12,24,30,4.9881,4.15772,30,9.90918,0.000463443
"4 cores; measured 2026-10-04 19:33, one process",2,750,12,25,30,2.48192,1.96077,30,9.9165,0.000496185
"4 cores; measured 2026-10-04 19:33, one process",2,750,12,26,30,3.17769,2.40222,30,9.9165,0.000480843
"4 cores; measured 2026-10-04 19:33, one process",2,750,12,27,30,4.90677,3.78609,30,9.92334,0.000496709
"4 cores; measured 2026-10-04 19:33, one process",2,750,12,28,30,4.57904,3.81646,30,9.92969,0.000487434
"4 cores; measured 2026-10-04 19:33, one process",2,750,12,29,30,4.72262,4.78658,30,9.85498,0.000444193
"4 cores; measured 2026-10-04 19:33, one process",2,750,12,30,30,4.76677,5.66111,30,9.8667,0.000497133
"4 cores; measured 2026-10-04 19:33, one process",2,1000,15,1,30,4.04657,3.40415,30,9.87744,0.000490279
"4 cores; measured 2026-10-04 19:33, one process",2,1000,15,2,30,4.40696,3.35204,30,9.8877,0.00048181
"4 cores; measured 2026-10-04 19:33, one process",2,1000,15,3,30,4.02656,3.15661,30,9.89697,0.00049
"4 cores; measured 2026-10-04 19:33, one process",2,1000,15,4,30,3.06935,2.40186,30,9.89697,0.000496148
"4 cores; measured 2026-10-04 19:33, one process",2,1000,15,5,30,3.44434,2.75651,30,9.90527,0.000498622
"4 cores; measured 2026-10-04 19:33, one process",2,1000,15,6,30,3.60906,2.84529,30,9.91309,0.000456194
"4 cores; measured 2026-10-04 19:33, one process",2,1000,15,7,30,2.78458,2.19191,30,9.91309,0.000492486
"4 cores; measured 2026-10-04 19:33, one process",2,1000,15,8,30,4.38691,3.41856,30,9.92041,0.000474949
"4 cores; measured 2026-10-04 19:33, one process",2,1000,15,9,30,3.89873,3.00673,30,9.92725,0.000498052
"4 cores; measured 2026-10-04 19:33, one process",2,1000,15,10,30,3.70734,2.92194,30,9.93311,0.000499127
"4 cores; measured 2026-10-04 19:33, one process",2,1000,15,11,30,2.70231,2.10969,30,9.93311,0.000497606
"4 cores; measured 2026-10-04 19:33, one process",2,1000,15,12,30,2.92199,2.27319,30,10.0186,0.000494437
"4 cores; measured 2026-10-04 19:33, one process",2,1000,15,13,30,2.49898,1.96578,30,10.0186,0.000490024
"4 cores; measured 2026-10-04 19:33, one process",2,1000,15,14,30,2.04088,1.60852,30,10.0166,0.000480902
"4 cores; measured 2026-10-04 19:33, one process",2,1000,15,15,30,3.74079,2.94108,30,10.0166,0.000483789
"4 cores; measured 2026-10-04 19:33, one process",2,1000,15,16,30,2.06147,1.61862,30,10.0957,0.000467338
"4 cores; measured 2026-10-04 19:33, one process",2,1000,15,17,30,1.40404,1.1022,30,10.0957,0.000495944
"4 cores; measured 2026-10-04 19:33, one process",2,1000,15,18,30,3.39435,2.68348,30,10.0879,0.000496785
"4 cores; measured 2026-10-04 19:33, one process",2,1000,15,19,30,2.71071,2.12995,30,10.0879,0.000491174
"4 cores; measured 2026-10-04 19:33, one process",2,1000,15,20,30,2.96382,2.3307,30,10.0806,0.000491213
"4 cores; measured 2026-10-04 19:33, one process",2,1000,15,21,30,1.01396,0.802879,30,10.0806,0.000485784
"4 cores; measured 2026-10-04 19:33, one process",2,1000,15,22,30,3.68277,2.87882,30,10.0737,0.000494989
"4 cores; measured 2026-10-04 19:33, one process",2,1000,15,23,30,3.47319,2.74593,30,10.0674,0.000479239
"4 cores; measured 2026-10-04 19:33, one process",2,1000,15,24,30,3.35885,2.63837,30,10.0674,0.00049781
"4 cores; measured 2026-10-04 19:33, one process",2,1000,15,25,30,4.00921,3.14354,30,10.0615,0.000492133
"4 cores; measured 2026-10-04 19:33, one process",2,1000,15,26,30,3.51514,2.76942,30,10.1367,0.000487538
"4 cores; measured 2026-10-04 19:33, one process",2,1000,15,27,30,1.07601,0.8588,30,10.1367,0.000486204
"4 cores; measured 2026-10-04 19:33, one process",2,1000,15,28,30,3.50691,2.76126,30,10.1255,0.000457007
"4 cores; measured 2026-10-04 19:33, one process",2,1000,15,29,30,3.67081,2.89515,30,10.1255,0.000473616
"4 cores; measured 2026-10-04 19:33, one process",2,1000,15,30,30,3.77882,2.95122,30,10.1152,0.000486096
"4 cores; measured 2026-10-04 19:33, one process",HR,0,16,1,30,4.81212,3.75902,30,10.106,0.00488855
"4 cores; measured 2026-10-04 19:33, one process",HR,0,16,2,30,4.65077,3.66855,30,10.0972,0.00491612
"4 cores; measured 2026-10-04 19:33, one process",HR,0,16,3,30,5.03081,3.93954,30,10.0894,0.00498219
"4 cores; measured 2026-10-04 19:33, one process",HR,0,16,4,30,4.7549,3.77735,30,10.082,0.00474262
"4 cores; measured 2026-10-04 19:33, one process",HR,0,16,5,30,3.01605,2.369,30,10.0752,0.00448264
"4 cores; measured 2026-10-04 19:33, one process",HR,0,16,6,30,2.14162,1.6459,30,10.0752,0.00488662
"4 cores; measured 2026-10-04 19:33, one process",HR,0,16,7,30,4.37895,3.41633,30,10.0688,0.00490927
"4 cores; measured 2026-10-04 19:33, one process",HR,0,16,8,30,3.77103,2.95771,30,10.063,0.00434766
"4 cores; measured 2026-10-04 19:33, one process",HR,0,16,9,30,4.59295,3.51956,30,10.0576,0.00496836
"4 cores; measured 2026-10-04 19:33, one process",HR,0,16,10,30,3.80408,2.88556,30,10.0576,0.00497188
"4 cores; measured 2026-10-04 19:33, one process",HR,0,16,11,30,1.61807,1.27782,30,10.0527,0.00472893
"4 cores; measured 2026-10-04 19:33, one process",HR,0,16,12,30,4.24657,3.33411,30,10.0483,0.00477912
"4 cores; measured 2026-10-04 19:33, one process",HR,0,16,13,30,4.16679,3.28806,30,10.0483,0.00484576
"4 cores; measured 2026-10-04 19:33, one process",HR,0,16,14,30,4.79093,3.753,30,10.0444,0.00484642
"4 cores; measured 2026-10-04 19:33, one process",HR,0,16,15,30,3.65059,2.8831,30,10.0405,0.00494243
"4 cores; measured 2026-10-04 19:33, one process",HR,0,16,16,30,3.97583,3.11377,30,10.0371,0.00499833
"4 cores; measured 2026-10-04 19:33, one process",HR,0,16,17,30,4.90951,3.86063,30,10.0337,0.00490107
"4 cores; measured 2026-10-04 19:33, one process",HR,0,16,18,30,4.27884,3.36989,30,10.0308,0.00489927
"4 cores; measured 2026-10-04 19:33, one process",HR,0,16,19,30,3.92286,2.99053,30,10.0308,0.00494397
"4 cores; measured 2026-10-04 19:33, one process",HR,0,16,20,30,4.76289,3.69424,30,10.0278,0.00481612
"4 cores; measured 2026-10-04 19:33, one process",HR,0,16,21,30,4.6507,3.63522,30,10.0254,0.0049276
"4 cores; measured 2026-10-04 19:33, one process",HR,0,16,22,30,4.4829,3.52898,30,10.1836,0.00464692
"4 cores; measured 2026-10-04 19:33, one process",HR,0,16,23,30,4.23049,3.32627,30,10.249,0.00489495
"4 cores; measured 2026-10-04 19:33, one process",HR,0,16,24,30,3.93905,3.06206,30,10.229,0.00480872
"4 cores; measured 2026-10-04 19:33, one process",HR,0,16,25,30,5.62214,4.42613,30,10.2104,0.0047499
"4 cores; measured 2026-10-04 19:33, one process",HR,0,16,26,30,4.81723,3.61642,30,10.1934,0.00496159
"4 cores; measured 2026-10-04 19:33, one process",HR,0,16,27,30,4.39205,3.35134,30,10.1777,0.00492743
"4 cores; measured 2026-10-04 19:33, one process",HR,0,16,28,30,5.03476,3.91474,30,10.4038,0.00497318
"4 cores; measured 2026-10-04 19:33, one process",HR,0,16,29,30,4.66299,3.61038,30,10.3711,0.00490315
"4 cores; measured 2026-10-04 19:33, one process",HR,0,16,30,30,4.74267,3.63929,30,10.3413,0.00486458
